Timestamp,RequestName,Total,OK,KO,KO_Percent,Reqs_Per_Sec,Min,p50,p75,p95,p99,Max,Mean,StdDev
2025-08-04T23:51:47.297442,"Login",13677,13677,-,0,1.2,5,159,537,1758,3913,8204,436,667
2025-08-04T23:51:47.297442,"Get locations",15459,15459,-,0,1.36,29,499,865,1936,3777,6989,689,695
2025-08-04T23:51:47.297442,"Select Location",13677,13677,-,0,1.2,3,90,406,1429,3039,9647,350,591
2025-08-04T23:51:47.297442,"Get Address Template",16947,16947,-,0,1.49,1,31,91,937,5054,7114,140,323
2025-08-04T23:51:47.297442,"Get Relationship Types",16947,16947,-,0,1.49,3,64,199,870,2255,7488,216,408
2025-08-04T23:51:47.297442,"Get Appointments for Specific Date",13677,13677,-,0,1.2,13,404,917,2407,4834,12321,701,849
2025-08-04T23:51:47.297442,"Get Module Information",18506,18506,-,0,1.62,1,37,107,741,1166,3976,133,280
2025-08-04T23:51:47.297442,"Get Patient Identifier Types",16947,16947,-,0,1.49,3,87,231,1010,2275,6664,243,421
2025-08-04T23:51:47.297442,"Get Primary Identifier Term Mapping",29319,29319,-,0,2.57,3,95,324,1267,3250,6144,294,510
2025-08-04T23:51:47.297442,"Get Identifier Source",30624,30624,-,0,2.69,3,102,324,1207,2752,7781,304,508
2025-08-04T23:51:47.297442,"Get Locations by Tag and Query",18785,18785,-,0,1.65,4,133,431,1599,5201,8393,363,578
2025-08-04T23:51:47.297442,"Get Visits",14216,14216,-,0,1.25,12,5055,10051,17179,21456,31519,6273,5720
2025-08-04T23:51:47.297442,"Get Auto Generation Options",16947,16947,-,0,1.49,7,265,827,2368,4865,11380,628,905
2025-08-04T23:51:47.297442,"Get Queue Entry",16418,16418,-,0,1.44,5,266,1114,5097,9740,25601,1078,2077
2025-08-04T23:51:47.297442,"Get Visit Types",6667,6667,-,0,0.58,2,51,185,1073,1598,5110,196,386
2025-08-04T23:51:47.297442,"Get Current Visit of Patient",12506,12506,-,0,1.1,40,4680,12196,27255,39379,75118,8177,9096
2025-08-04T23:51:47.297442,"Get Visits of Patient",13357,13357,-,0,1.17,39,2210,4409,8786,12400,22402,2994,2873
2025-08-04T23:51:47.297442,"Get Program Enrollments of Patient",8681,8681,-,0,0.76,4,313,643,1794,2649,10211,498,617
2025-08-04T23:51:47.297442,"Get Visit Queue Entry",13117,13117,-,0,1.15,8,188,452,1692,2331,5958,380,542
2025-08-04T23:51:47.297442,"Get Appointments of a Patient",6979,6979,-,0,0.61,2,52,239,1513,1704,7131,230,443
2025-08-04T23:51:47.297442,"Get Patient Summary Data",14304,14304,-,0,1.25,6,163,343,1324,4971,8625,316,460
2025-08-04T23:51:47.297442,"Get Active Visits of Patient",128307,128307,-,0,11.26,4,106,358,1516,6348,8928,292,496
2025-08-04T23:51:47.297442,"Get isVisitsEnabled",9541,9541,-,0,0.84,2,63,260,1127,2634,6662,254,477
2025-08-04T23:51:47.297442,"Get the status of patient death",119739,119739,-,0,10.5,3,82,228,1144,6599,9277,212,378
2025-08-04T23:51:47.297442,"Get all the constraints on the vital concepts",9541,9541,-,0,0.84,4,106,298,1219,2825,5409,291,486
2025-08-04T23:51:47.297442,"Get Patient Observations",28897,28897,-,0,2.54,1,1329,5614,15205,21657,39929,3792,5195
2025-08-04T23:51:47.297442,"Get Patient Conditions",10895,10895,-,0,0.96,1,1021,3769,10434,16328,33946,2658,3685
2025-08-04T23:51:47.297442,"Get Active Orders",9193,9193,-,0,0.81,6,592,1765,4871,7893,18469,1285,1717
2025-08-04T23:51:47.297442,"Get Admission Location Info",1862,1862,-,0,0.16,5,120,370,1396,3212,6624,341,561
2025-08-04T23:51:47.297442,"Get Admission Info",1862,1862,-,0,0.16,26,608,1566,3670,7519,20247,1148,1548
2025-08-04T23:51:47.297442,"Get Inpatient Request",1862,1862,-,0,0.16,13,595,6307,45096,66776,86650,7720,15527
2025-08-04T23:51:47.297442,"Get Patients",2204,2201,3,0.14,0.19,15,19463,47764,62295,70809,83406,25001,22918
2025-08-04T23:51:47.297442,"Submit Visit Form",6128,6128,-,0,0.54,11,365,912,2486,5854,8671,682,867
2025-08-04T23:51:47.297442,"Get Locations That Support Visits",2743,2743,-,0,0.24,5,106,298,1022,2406,5626,266,436
2025-08-04T23:51:47.297442,"Get Beds for Patient",1862,1862,-,0,0.16,4,129,303,1132,1974,3800,267,394
2025-08-04T23:51:47.297442,"Save Ward Encounter",4655,4655,-,0,0.41,13,593,1921,6010,10542,17524,1498,2127
2025-08-04T23:51:47.297442,"Get Order Types",1514,1514,-,0,0.13,3,68,201,1035,2687,4318,220,419
2025-08-04T23:51:47.297442,"Save Vitals",1999,1999,-,0,0.18,80,3792,7718,13912,18206,29005,5092,4571
2025-08-04T23:51:47.297442,"Get Vitals concept reference ranges",1862,1862,-,0,0.16,39,1120,2012,4519,6384,10282,1437,1392
2025-08-04T23:51:47.297442,"Get Specific Visit Details",7676,7676,-,0,0.67,7,251,598,2005,2812,6503,482,643
2025-08-04T23:51:47.297442,"Get Transfer Locations configuration data",1862,1862,-,0,0.16,50,2224,6516,13084,17785,25472,3887,4378
2025-08-04T23:51:47.297442,"Get Transferable locations",1862,1862,-,0,0.16,31,630,942,1957,3188,5742,722,646
2025-08-04T23:51:47.297442,"Search for Drug",3028,3028,-,0,0.27,2,51,216,1026,2469,6008,226,452
2025-08-04T23:51:47.297442,"Save Drug Order",1514,1514,-,0,0.13,37,1468,2965,6256,9798,16011,2056,2150
2025-08-04T23:51:47.297442,"Get Allergies of Patient",1999,1999,-,0,0.18,2,466,1363,3849,6554,10833,1012,1366
2025-08-04T23:51:47.297442,"Get Drug Allergens",1999,1999,-,0,0.18,52,1453,1869,2863,3997,7137,1420,858
2025-08-04T23:51:47.297442,"Get Environment Allergens",1999,1999,-,0,0.18,30,837,1181,2066,3162,5569,900,659
2025-08-04T23:51:47.297442,"Get Food Allergens",1999,1999,-,0,0.18,12,328,570,1469,2480,4766,477,527
2025-08-04T23:51:47.297442,"Get Allergic Reactions Allergens",1999,1999,-,0,0.18,16,420,717,1600,2552,4869,563,531
2025-08-04T23:51:47.297442,"Get Person Attribute Type",3270,3270,-,0,0.29,2,78,242,1076,1891,4008,235,409
2025-08-04T23:51:47.297442,"Get Ordered Address Hierarchy Levels",3270,3270,-,0,0.29,1,19,33,575,930,3928,70,226
2025-08-04T23:51:47.297442,"Get all patient lists",9120,9120,-,0,0.8,7,906,1451,2582,3899,9591,1008,868
2025-08-04T23:51:47.297442,"Get All Appointment Services(full)",1617,1617,-,0,0.14,2,52,149,900,2009,5598,187,388
2025-08-04T23:51:47.297442,"Get all appointments for a specific day",1078,1078,-,0,0.09,3,37,76,713,1366,2581,130,277
2025-08-04T23:51:47.297442,"Get all appointment summaries",1078,1078,-,0,0.09,15,404,732,1942,3078,6782,573,670
2025-08-04T23:51:47.297442,"Get Appointment By Status",4312,4312,-,0,0.38,3,48,282,2497,5073,9548,424,963
2025-08-04T23:51:47.297442,"Get the details of a orderType",1559,1559,-,0,0.14,3,80,290,1388,2214,7160,278,497
2025-08-04T23:51:47.297442,"Get Orders of admitted patient by Activated Date",3470,3470,-,0,0.3,5,190,515,1996,3141,6722,480,733
2025-08-04T23:51:47.297442,"Get all default appointment services",1078,1078,-,0,0.09,2,52,182,955,1994,3401,196,384
2025-08-04T23:51:47.297442,"Get all Lab order details",1559,1559,-,0,0.14,13,352,614,1514,2652,5473,487,519
2025-08-04T23:51:47.297442,"Get all visits of the given location with date",1078,1078,-,0,0.09,41,7466,12911,21685,30067,36623,8487,7255
2025-08-04T23:51:47.297442,"Add a lab order",1559,1559,-,0,0.14,23,987,2190,5321,7677,13693,1520,1673
2025-08-04T23:51:47.297442,"Get All Form Encounters",851,851,-,0,0.07,16,1086,1837,3584,5688,7965,1329,1174
2025-08-04T23:51:47.297442,"Get All Forms",851,851,-,0,0.07,9,542,1287,3111,4652,8859,921,1077
2025-08-04T23:51:47.297442,"Get medication request encounters",4542,4542,-,0,0.4,79,12393,29133,48638,60892,77822,17154,16435
2025-08-04T23:51:47.297442,"Get patient age",29992,29992,-,0,2.63,3,159,329,1093,2392,6831,304,427
2025-08-04T23:51:47.297442,"Get patient identification photo",112060,112060,-,0,9.83,4,118,373,1313,5073,10401,317,526
2025-08-04T23:51:47.297442,"Get Person Attributes",1473,1473,-,0,0.13,3,141,293,1061,2180,4086,272,402
2025-08-04T23:51:47.297442,"Get Patient Identifiers",1473,1473,-,0,0.13,5,172,398,1282,2633,6563,344,509
2025-08-04T23:51:47.297442,"Get Relationships of Person",1473,1473,-,0,0.13,4,163,367,1330,2012,4381,335,482
2025-08-04T23:51:47.297442,"Create a patient list",2280,2280,-,0,0.2,11,342,858,2211,3973,8369,643,800
2025-08-04T23:51:47.297442,"Get queue entry number",734,734,-,0,0.06,1,12,27,236,1171,1726,50,154
2025-08-04T23:51:47.297442,"Submit visit queue entry",734,734,-,0,0.06,27,578,1460,3896,6313,9815,1070,1327
2025-08-04T23:51:47.297442,"Get All Providers",3567,3567,-,0,0.31,4,214,812,2726,3453,7982,584,892
2025-08-04T23:51:47.297442,"Get Patient Allergy Intolerance",1514,1514,-,0,0.13,2,359,1295,3994,6805,11593,962,1416
2025-08-04T23:51:47.297442,"Get Specific Medication Requests",6056,6056,-,0,0.53,38,1477,3643,8308,12770,23700,2458,2736
2025-08-04T23:51:47.297442,"Get Encounter With Visit and Diagnoses",1514,1514,-,0,0.13,9,198,422,1395,2143,5020,367,491
2025-08-04T23:51:47.297442,"Save an Allergy",1999,1999,-,0,0.18,15,549,1223,2890,4334,8512,879,979
2025-08-04T23:51:47.297442,"Get all active Lab orders",4677,4677,-,0,0.41,5,1830,5042,10567,15331,21392,3171,3586
2025-08-04T23:51:47.297442,"Get Lab Orders by full filler status",14031,14031,-,0,1.23,4,803,5154,26571,36386,59150,5320,9161
2025-08-04T23:51:47.297442,"Get Clinical Form by UUID",851,851,-,0,0.07,8,208,466,1410,2986,7172,404,571
2025-08-04T23:51:47.297442,"Get Encounter Roles",851,851,-,0,0.07,2,57,205,1124,2207,4695,225,424
2025-08-04T23:51:47.297442,"Get Latest FHIR Encounter",851,851,-,0,0.07,12,352,801,2057,3540,5164,599,692
2025-08-04T23:51:47.297442,"Get Encounter By UUID",851,851,-,0,0.07,11,411,870,2091,3684,5272,655,727
2025-08-04T23:51:47.297442,"Get patient list details",2280,2280,-,0,0.2,6,153,468,1410,2261,5309,370,532
2025-08-04T23:51:47.297442,"Get Locations Search Set",931,931,-,0,0.08,5,103,319,1361,3417,4904,311,546
2025-08-04T23:51:47.297442,"Fetch members of patient list",2280,2280,-,0,0.2,3,92,350,1264,2887,6629,315,525
2025-08-04T23:51:47.297442,"Change the session location",931,931,-,0,0.08,4,98,433,1871,2573,6263,375,644
2025-08-04T23:51:47.297442,"Get service concept set",734,734,-,0,0.06,2,48,203,1197,1857,3255,221,430
2025-08-04T23:51:47.297442,"Get Concept",52890,52890,-,0,4.64,6,294,600,1548,3570,9699,478,567
2025-08-04T23:51:47.297442,"Submit new Service queue",734,734,-,0,0.06,11,244,999,2799,6078,8573,722,1054
2025-08-04T23:51:47.297442,"Get Order Entry Config",1514,1514,-,0,0.13,22,736,1347,3171,5068,8311,988,1014
2025-08-04T23:51:47.297442,"Get ValueSet by UUID",4542,4542,-,0,0.4,15,429,928,2707,3866,7324,705,841
2025-08-04T23:51:47.297442,"Get Medication Request by UUID",4542,4542,-,0,0.4,31,965,2205,4951,7291,11774,1511,1680
2025-08-04T23:51:47.297442,"Get Medication by UUID",1514,1514,-,0,0.13,2,32,96,855,2218,6838,160,428
2025-08-04T23:51:47.297442,"Search Medication by Code",1514,1514,-,0,0.13,6,79,208,1142,2585,4410,240,455
2025-08-04T23:51:47.297442,"Edit patient details",1473,1473,-,0,0.13,24,770,1363,3313,5082,10198,1065,1086
2025-08-04T23:51:47.297442,"Check Appointment Conflicts",539,539,-,0,0.05,7,181,555,1339,2855,5866,408,586
2025-08-04T23:51:47.297442,"Create Appointment",539,539,-,0,0.05,13,330,624,1594,3001,4884,491,564
2025-08-04T23:51:47.297442,"Get patient admission note",9018,9018,-,0,0.79,5,289,726,1855,3581,9227,558,689
2025-08-04T23:51:47.297442,"Submit transition request",734,734,-,0,0.06,35,604,1134,2460,4146,7240,831,866
2025-08-04T23:51:47.297442,"End Visit",6128,6128,-,0,0.54,28,713,1379,3329,5650,10664,1050,1114
2025-08-04T23:51:47.297442,"Generate OMRS Identifier",1797,1797,-,0,0.16,18,540,1040,2472,4096,9992,810,824
2025-08-04T23:51:47.297442,"Send Patient Registration Request",1797,1797,-,0,0.16,41,1070,1953,4049,6311,11459,1446,1355
2025-08-04T23:51:47.297442,"Update full filler status",3118,3118,-,0,0.27,9,248,492,1422,2594,4784,405,507
2025-08-04T23:51:47.297442,"Save a clinical form",851,851,-,0,0.07,27,1559,3409,7018,10578,19811,2338,2390
2025-08-04T23:51:47.297442,"Dispense medication form submission",1514,1514,-,0,0.13,48,1668,3974,7997,10654,17918,2597,2747
2025-08-04T23:51:47.297442,"Submit Appointment StatusChange",1078,1078,-,0,0.09,9,261,583,1772,3472,6059,486,667
2025-08-04T23:51:47.297442,"Get Patient Encounters",851,851,-,0,0.07,78,8263,14982,24021,27732,39157,9569,7624
2025-08-04T23:51:47.297442,"Get Lab Results of Patient",1702,1702,-,0,0.15,3,1764,4017,9603,14004,20687,2855,3173
2025-08-04T23:51:47.297442,"Get specific encounter details",1559,1559,-,0,0.14,8,234,549,1600,3155,7033,442,598
2025-08-04T23:51:47.297442,"Get Alkaline concept details",1559,1559,-,0,0.14,3,72,265,1010,3032,5669,252,471
2025-08-04T23:51:47.297442,"Update the specific encounter",1559,1559,-,0,0.14,25,801,1795,4435,6602,10145,1286,1441
2025-08-04T23:51:47.297442,"Update the Lab Order Completion",1559,1559,-,0,0.14,20,731,1570,3515,5795,10451,1114,1211
2025-08-04T23:51:47.297442,"Get Visits With Diagnoses and Notes (new endpoint)",851,851,-,0,0.07,13,501,1147,2865,4641,10478,862,1020
2025-08-04T23:51:47.297442,"Close medication",1514,1514,-,0,0.13,19,599,1310,3281,5489,8049,974,1135
2025-08-04T23:51:47.297442,"Discontinue the drug order",1514,1514,-,0,0.13,24,795,1788,3962,6755,12164,1222,1362
2025-08-04T23:51:47.297442,"Get Drug Orders except the cancelled and expired",851,851,-,0,0.07,8,1345,2861,6105,9652,13032,1960,2029
2025-08-04T23:51:47.297442,"Get Drug Orders except the discontinued orders",851,851,-,0,0.07,7,1341,2785,6107,8525,11490,1918,1958
2025-08-04T23:51:47.297442,"Get Observation Tree Details",2553,2553,-,0,0.22,6,1439,5681,16320,25310,37800,4026,5558
2025-08-04T23:51:47.297442,"Search for Condition",1702,1702,-,0,0.15,6,177,480,1781,2937,4976,432,622
2025-08-04T23:51:47.297442,"Save Conditions",851,851,-,0,0.07,9,355,836,2236,3253,5960,637,776
2025-08-04T23:51:47.297442,"Get Immunizations of Patient",2553,2553,-,0,0.22,2,248,1555,7586,12570,20516,1447,2612
2025-08-04T23:51:47.297442,"Get all immunizations",851,851,-,0,0.07,9,272,619,1615,2980,3624,485,579
2025-08-04T23:51:47.297442,"Submit Patient immunization",851,851,-,0,0.07,42,2652,5481,10362,13443,20712,3607,3432
2025-08-04T23:51:47.297442,"Get Attachments of Patient",1702,1702,-,0,0.15,8,378,872,2225,4029,6136,649,779
2025-08-04T23:51:47.297442,"Get Allowed File Extensions",851,851,-,0,0.07,2,56,192,960,2256,4955,210,408
2025-08-04T23:51:47.297442,"Get Programs",1702,1702,-,0,0.15,9,326,634,1675,2714,4612,491,526
2025-08-04T23:51:47.297442,"Add new program to patient",851,851,-,0,0.07,11,527,1220,3002,4821,6647,880,1020
2025-08-04T23:51:47.297442,"Complete the program",851,851,-,0,0.07,12,494,1183,2744,4249,6372,839,937
2025-08-04T23:51:47.297442,"Upload Attachment Request",851,845,6,0.71,0.07,24,9254,10602,13041,14987,18261,8284,3689
2025-08-04T23:51:47.297442,"Save Visit Note",851,851,-,0,0.07,20,1063,2392,4758,6889,9347,1556,1569
2025-08-04T23:51:47.297442,"Save Patient Diagnosis",1702,1702,-,0,0.15,8,388,950,2495,4092,6446,710,866
2025-08-03T23:52:41.009515,"Login",13055,13055,-,0,1.14,5,147,577,1841,4890,7719,452,713
2025-08-03T23:52:41.009515,"Get locations",14760,14760,-,0,1.29,31,511,904,2155,3809,8433,714,713
2025-08-03T23:52:41.009515,"Select Location",13055,13055,-,0,1.14,3,85,437,1487,3256,7577,371,636
2025-08-03T23:52:41.009515,"Get Address Template",16216,16216,-,0,1.42,1,29,110,979,4922,7188,149,347
2025-08-03T23:52:41.009515,"Get Relationship Types",16216,16216,-,0,1.42,3,58,215,947,2318,5658,224,418
2025-08-03T23:52:41.009515,"Get Appointments for Specific Date",13055,13055,-,0,1.14,14,526,1120,2919,3690,9203,816,924
2025-08-03T23:52:41.009515,"Get Module Information",17679,17679,-,0,1.55,1,34,127,950,3797,5754,148,322
2025-08-03T23:52:41.009515,"Get Patient Identifier Types",16216,16216,-,0,1.42,3,88,257,1062,3052,7864,256,451
2025-08-03T23:52:41.009515,"Get Primary Identifier Term Mapping",28018,28018,-,0,2.46,3,88,355,1541,4983,7615,305,534
2025-08-03T23:52:41.009515,"Get Identifier Source",29271,29271,-,0,2.57,3,106,385,1341,2850,8057,326,535
2025-08-03T23:52:41.009515,"Get Locations by Tag and Query",17878,17878,-,0,1.57,4,128,476,1790,5274,8043,388,623
2025-08-03T23:52:41.009515,"Get Visits",13559,13559,-,0,1.19,10,5637,10850,18503,23045,33596,6854,6131
2025-08-03T23:52:41.009515,"Get Auto Generation Options",16216,16216,-,0,1.42,7,264,869,2502,4707,9078,662,930
2025-08-03T23:52:41.009515,"Get Queue Entry",15614,15614,-,0,1.37,7,283,1258,5934,14740,27024,1185,2237
2025-08-03T23:52:41.009515,"Get Visit Types",6286,6286,-,0,0.55,2,46,175,1062,2099,4843,207,422
2025-08-03T23:52:41.009515,"Get Current Visit of Patient",11818,11818,-,0,1.04,30,5298,13320,28242,41033,63816,8838,9479
2025-08-03T23:52:41.009515,"Get Visits of Patient",12641,12641,-,0,1.11,36,2448,4705,9180,13080,21999,3217,2991
2025-08-03T23:52:41.009515,"Get Program Enrollments of Patient",8251,8251,-,0,0.72,4,320,673,1785,3399,6015,535,654
2025-08-03T23:52:41.009515,"Get Visit Queue Entry",12521,12521,-,0,1.1,9,217,525,1738,2670,7896,426,590
2025-08-03T23:52:41.009515,"Get Appointments of a Patient",6605,6605,-,0,0.58,2,48,250,1271,3592,5179,239,456
2025-08-03T23:52:41.009515,"Get Patient Summary Data",13663,13663,-,0,1.2,7,181,403,1251,2578,7214,341,476
2025-08-03T23:52:41.009515,"Get Active Visits of Patient",120776,120776,-,0,10.59,4,112,352,1533,1968,9320,315,528
2025-08-03T23:52:41.009515,"Get isVisitsEnabled",9149,9149,-,0,0.8,2,59,299,1246,3339,7160,270,503
2025-08-03T23:52:41.009515,"Get the status of patient death",112602,112602,-,0,9.87,3,85,247,1229,5865,8213,228,400
2025-08-03T23:52:41.009515,"Get all the constraints on the vital concepts",9149,9149,-,0,0.8,4,107,363,1615,1975,6751,320,539
2025-08-03T23:52:41.009515,"Get Patient Observations",27795,27795,-,0,2.44,1,1369,5789,15623,22227,38379,3897,5313
2025-08-03T23:52:41.009515,"Get Patient Conditions",10456,10456,-,0,0.92,1,1099,3947,11225,18222,46766,2781,3863
2025-08-03T23:52:41.009515,"Get Active Orders",8810,8810,-,0,0.77,6,649,1873,4854,9072,14466,1320,1726
2025-08-03T23:52:41.009515,"Get Admission Location Info",1764,1764,-,0,0.15,6,120,435,1939,2234,7807,358,600
2025-08-03T23:52:41.009515,"Get Admission Info",1764,1764,-,0,0.15,29,711,1815,4636,9903,25417,1377,1873
2025-08-03T23:52:41.009515,"Get Inpatient Request",1764,1764,-,0,0.15,14,600,6328,40024,58018,67878,6765,13236
2025-08-03T23:52:41.009515,"Get Patients",2071,2070,1,0.05,0.18,15,22906,53188,69262,78553,87905,28520,25427
2025-08-03T23:52:41.009515,"Submit Visit Form",5782,5782,-,0,0.51,12,388,990,2713,4180,9208,726,921
2025-08-03T23:52:41.009515,"Get Locations That Support Visits",2575,2575,-,0,0.23,6,107,289,1263,1966,6721,275,477
2025-08-03T23:52:41.009515,"Get Beds for Patient",1764,1764,-,0,0.15,4,139,338,1129,2082,5308,293,449
2025-08-03T23:52:41.009515,"Save Ward Encounter",4410,4410,-,0,0.39,14,633,2114,6601,10490,19774,1563,2172
2025-08-03T23:52:41.009515,"Get Order Types",1425,1425,-,0,0.12,3,66,215,1094,2383,4711,229,434
2025-08-03T23:52:41.009515,"Save Vitals",1938,1938,-,0,0.17,86,4172,7972,14424,19013,27972,5320,4712
2025-08-03T23:52:41.009515,"Get Vitals concept reference ranges",1764,1764,-,0,0.15,41,1152,2194,4614,6768,10782,1541,1476
2025-08-03T23:52:41.009515,"Get Specific Visit Details",7342,7342,-,0,0.64,8,287,714,2002,3190,9632,548,717
2025-08-03T23:52:41.009515,"Get Transfer Locations configuration data",1764,1764,-,0,0.15,54,2370,6943,13795,18841,25197,4175,4660
2025-08-03T23:52:41.009515,"Get Transferable locations",1764,1764,-,0,0.15,32,663,966,1983,3411,5160,761,655
2025-08-03T23:52:41.009515,"Search for Drug",2850,2850,-,0,0.25,2,46,230,1126,3372,5399,246,496
2025-08-03T23:52:41.009515,"Save Drug Order",1425,1425,-,0,0.12,41,1548,3161,6525,10033,14714,2142,2126
2025-08-03T23:52:41.009515,"Get Allergies of Patient",1938,1938,-,0,0.17,1,482,1332,4196,7192,13944,1042,1494
2025-08-03T23:52:41.009515,"Get Drug Allergens",1938,1938,-,0,0.17,56,1504,1948,2883,4186,7090,1485,885
2025-08-03T23:52:41.009515,"Get Environment Allergens",1938,1938,-,0,0.17,32,854,1179,2083,3470,5797,913,640
2025-08-03T23:52:41.009515,"Get Food Allergens",1938,1938,-,0,0.17,14,341,605,1587,2610,7083,507,589
2025-08-03T23:52:41.009515,"Get Allergic Reactions Allergens",1938,1938,-,0,0.17,17,428,754,1775,2946,6835,598,586
2025-08-03T23:52:41.009515,"Get all patient lists",8696,8696,-,0,0.76,8,1010,1532,2751,4011,8772,1094,899
2025-08-03T23:52:41.009515,"Get Person Attribute Type",3161,3161,-,0,0.28,2,76,268,1242,2241,4827,256,436
2025-08-03T23:52:41.009515,"Get Ordered Address Hierarchy Levels",3161,3161,-,0,0.28,1,17,32,297,1791,2673,74,211
2025-08-03T23:52:41.009515,"Get All Appointment Services(full)",1512,1512,-,0,0.13,3,52,166,1072,1767,5680,200,405
2025-08-03T23:52:41.009515,"Get all appointments for a specific day",1008,1008,-,0,0.09,10,224,530,1824,3084,4737,445,611
2025-08-03T23:52:41.009515,"Get all appointment summaries",1008,1008,-,0,0.09,18,534,941,1967,3094,6753,676,704
2025-08-03T23:52:41.009515,"Get Orders of admitted patient by Activated Date",4185,4185,-,0,0.37,6,285,915,2579,3724,8312,637,855
2025-08-03T23:52:41.009515,"Get Appointment By Status",4032,4032,-,0,0.35,3,46,388,2953,6088,9129,508,1122
2025-08-03T23:52:41.009515,"Get all default appointment services",1008,1008,-,0,0.09,3,49,155,951,2389,4492,201,427
2025-08-03T23:52:41.009515,"Get all visits of the given location with date",1008,1008,-,0,0.09,17,7591,12960,21084,34248,38833,8586,7135
2025-08-03T23:52:41.009515,"Get the details of a orderType",1463,1463,-,0,0.13,3,74,314,1161,3385,5220,274,486
2025-08-03T23:52:41.009515,"Get all Lab order details",1463,1463,-,0,0.13,14,367,610,1605,2878,6560,513,549
2025-08-03T23:52:41.009515,"Add a lab order",1463,1463,-,0,0.13,25,1056,2340,4917,7880,14129,1599,1749
2025-08-03T23:52:41.009515,"Get All Form Encounters",823,823,-,0,0.07,18,1250,2027,3958,5734,7296,1478,1214
2025-08-03T23:52:41.009515,"Get All Forms",823,823,-,0,0.07,9,562,1403,3382,5214,6427,974,1111
2025-08-03T23:52:41.009515,"Get medication request encounters",4275,4275,-,0,0.37,89,15088,30792,52060,65865,91634,18753,17542
2025-08-03T23:52:41.009515,"Get patient age",28369,28369,-,0,2.49,4,173,383,1234,2459,8799,330,462
2025-08-03T23:52:41.009515,"Create a patient list",2174,2174,-,0,0.19,12,367,905,2283,3648,7655,677,818
2025-08-03T23:52:41.009515,"Get patient identification photo",105217,105217,-,0,9.23,5,120,388,1341,2941,10490,339,556
2025-08-03T23:52:41.009515,"Get Person Attributes",1416,1416,-,0,0.12,4,150,325,1068,2738,4403,295,440
2025-08-03T23:52:41.009515,"Get Patient Identifiers",1416,1416,-,0,0.12,5,183,455,1376,3353,7044,378,542
2025-08-03T23:52:41.009515,"Get Relationships of Person",1416,1416,-,0,0.12,5,178,437,1367,3014,8424,359,541
2025-08-03T23:52:41.009515,"Get queue entry number",685,685,-,0,0.06,1,11,22,445,1432,2747,72,243
2025-08-03T23:52:41.009515,"Submit visit queue entry",685,685,-,0,0.06,33,712,1710,4079,5971,7353,1197,1365
2025-08-03T23:52:41.009515,"Get All Providers",3354,3354,-,0,0.29,4,218,815,2627,3757,8868,602,883
2025-08-03T23:52:41.009515,"Get Patient Allergy Intolerance",1425,1425,-,0,0.12,1,387,1372,4206,7469,10750,1003,1500
2025-08-03T23:52:41.009515,"Get Specific Medication Requests",5700,5700,-,0,0.5,43,1596,3816,9108,14352,23603,2680,2988
2025-08-03T23:52:41.009515,"Get Encounter With Visit and Diagnoses",1425,1425,-,0,0.12,11,242,492,1492,2833,5979,422,566
2025-08-03T23:52:41.009515,"Save an Allergy",1938,1938,-,0,0.17,17,607,1282,3155,5188,8254,949,1088
2025-08-03T23:52:41.009515,"Get all active Lab orders",4389,4389,-,0,0.38,13,2215,5570,12053,17289,28418,3667,4134
2025-08-03T23:52:41.009515,"Get Lab Orders by full filler status",13167,13167,-,0,1.15,5,868,5945,30060,42497,62498,5909,9964
2025-08-03T23:52:41.009515,"Get Clinical Form by UUID",823,823,-,0,0.07,8,195,449,1344,2558,4458,381,492
2025-08-03T23:52:41.009515,"Get Encounter Roles",823,823,-,0,0.07,2,51,204,1151,2670,3910,247,492
2025-08-03T23:52:41.009515,"Get Latest FHIR Encounter",823,823,-,0,0.07,13,394,826,2111,2835,5611,620,677
2025-08-03T23:52:41.009515,"Get Encounter By UUID",823,823,-,0,0.07,12,427,940,2344,3385,8422,710,817
2025-08-03T23:52:41.009515,"Get Locations Search Set",882,882,-,0,0.08,6,108,380,1501,2620,7012,338,582
2025-08-03T23:52:41.009515,"Change the session location",882,882,-,0,0.08,4,114,463,1877,3629,6018,408,699
2025-08-03T23:52:41.009515,"Get patient list details",2174,2174,-,0,0.19,6,168,517,1552,3075,4733,409,576
2025-08-03T23:52:41.009515,"Fetch members of patient list",2174,2174,-,0,0.19,4,95,418,1488,2874,4664,350,580
2025-08-03T23:52:41.009515,"Get service concept set",685,685,-,0,0.06,3,50,166,1429,2249,3783,225,464
2025-08-03T23:52:41.009515,"Get Concept",51127,51127,-,0,4.48,6,309,637,1628,3125,8174,504,585
2025-08-03T23:52:41.009515,"Submit new Service queue",685,685,-,0,0.06,11,260,1030,2915,4405,6086,690,941
2025-08-03T23:52:41.009515,"Get Order Entry Config",1425,1425,-,0,0.12,23,747,1340,3156,4817,9955,1036,1080
2025-08-03T23:52:41.009515,"Get ValueSet by UUID",4275,4275,-,0,0.37,17,454,936,2384,4164,8901,728,853
2025-08-03T23:52:41.009515,"Get Medication Request by UUID",4275,4275,-,0,0.37,37,1025,2421,5017,8299,12580,1630,1753
2025-08-03T23:52:41.009515,"Get Medication by UUID",1425,1425,-,0,0.12,2,33,110,821,1777,4840,144,343
2025-08-03T23:52:41.009515,"Search Medication by Code",1425,1425,-,0,0.12,6,84,200,1035,2367,4399,231,430
2025-08-03T23:52:41.009515,"Edit patient details",1416,1416,-,0,0.12,27,779,1442,3233,5732,9115,1085,1122
2025-08-03T23:52:41.009515,"Check Appointment Conflicts",504,504,-,0,0.04,8,196,558,1559,2389,4518,417,557
2025-08-03T23:52:41.009515,"Create Appointment",504,504,-,0,0.04,16,354,658,2207,2814,3723,549,640
2025-08-03T23:52:41.009515,"Get patient admission note",7285,7285,-,0,0.64,5,327,759,1890,3316,9046,581,701
2025-08-03T23:52:41.009515,"Submit transition request",685,685,-,0,0.06,42,704,1352,3311,5918,8024,1017,1115
2025-08-03T23:52:41.009515,"End Visit",5782,5782,-,0,0.51,33,825,1538,3376,5184,11863,1145,1134
2025-08-03T23:52:41.009515,"Generate OMRS Identifier",1745,1745,-,0,0.15,19,556,1080,2689,4648,9537,865,928
2025-08-03T23:52:41.009515,"Send Patient Registration Request",1745,1745,-,0,0.15,43,1085,2077,4290,6161,8743,1463,1342
2025-08-03T23:52:41.009515,"Update full filler status",2926,2926,-,0,0.26,11,289,589,1493,3158,8080,451,560
2025-08-03T23:52:41.009515,"Save a clinical form",823,823,-,0,0.07,29,1789,3676,7485,11390,19971,2517,2536
2025-08-03T23:52:41.009515,"Dispense medication form submission",1425,1425,-,0,0.12,54,1913,4281,8600,11494,16394,2752,2836
2025-08-03T23:52:41.009515,"Submit Appointment StatusChange",1008,1008,-,0,0.09,11,274,689,1992,3757,6447,540,711
2025-08-03T23:52:41.009515,"Get Patient Encounters",823,823,-,0,0.07,118,8838,15285,25774,29603,33249,10261,7998
2025-08-03T23:52:41.009515,"Get Lab Results of Patient",1646,1646,-,0,0.14,13,1936,4170,9849,14224,18593,2998,3177
2025-08-03T23:52:41.009515,"Get specific encounter details",1463,1463,-,0,0.13,9,259,620,1680,2761,5327,475,597
2025-08-03T23:52:41.009515,"Get Alkaline concept details",1463,1463,-,0,0.13,3,69,291,1357,2552,8544,260,504
2025-08-03T23:52:41.009515,"Update the specific encounter",1463,1463,-,0,0.13,29,917,2000,4258,6903,10033,1386,1501
2025-08-03T23:52:41.009515,"Update the Lab Order Completion",1463,1463,-,0,0.13,22,792,1807,4051,6225,11085,1228,1354
2025-08-03T23:52:41.009515,"Get Visits With Diagnoses and Notes (new endpoint)",823,823,-,0,0.07,13,569,1294,3205,5107,7321,945,1069
2025-08-03T23:52:41.009515,"Close medication",1425,1425,-,0,0.12,21,592,1415,3566,5222,9268,1041,1217
2025-08-03T23:52:41.009515,"Discontinue the drug order",1425,1425,-,0,0.12,27,846,1778,3966,6287,10482,1275,1418
2025-08-03T23:52:41.009515,"Get Drug Orders except the cancelled and expired",823,823,-,0,0.07,8,1299,2885,6283,10173,16638,2005,2129
2025-08-03T23:52:41.009515,"Get Drug Orders except the discontinued orders",823,823,-,0,0.07,7,1323,2805,6295,10312,17181,2026,2206
2025-08-03T23:52:41.009515,"Get Observation Tree Details",2469,2469,-,0,0.22,7,1547,5898,17031,25022,33265,4252,5808
2025-08-03T23:52:41.009515,"Search for Condition",1646,1646,-,0,0.14,6,184,520,1591,2581,3705,410,535
2025-08-03T23:52:41.009515,"Save Conditions",823,823,-,0,0.07,11,392,903,2475,4140,6429,697,872
2025-08-03T23:52:41.009515,"Get Immunizations of Patient",2469,2469,-,0,0.22,2,253,1740,7243,10552,25462,1440,2606
2025-08-03T23:52:41.009515,"Get all immunizations",823,823,-,0,0.07,9,290,685,1970,3157,7220,548,689
2025-08-03T23:52:41.009515,"Submit Patient immunization",823,823,-,0,0.07,45,2906,5653,10580,15122,18224,3750,3491
2025-08-03T23:52:41.009515,"Get Attachments of Patient",1646,1646,-,0,0.14,9,381,841,2231,3683,5031,642,742
2025-08-03T23:52:41.009515,"Get Allowed File Extensions",823,823,-,0,0.07,2,52,238,1097,2190,3488,235,430
2025-08-03T23:52:41.009515,"Get Programs",1646,1646,-,0,0.14,12,315,611,1546,2952,7327,497,588
2025-08-03T23:52:41.009515,"Add new program to patient",823,823,-,0,0.07,12,531,1338,3164,4854,7520,952,1103
2025-08-03T23:52:41.009515,"Complete the program",823,823,-,0,0.07,15,551,1289,3012,4858,7331,925,1044
2025-08-03T23:52:41.009515,"Upload Attachment Request",823,821,2,0.24,0.07,65,9605,10936,12964,14853,18729,8632,3663
2025-08-03T23:52:41.009515,"Save Visit Note",823,823,-,0,0.07,20,1129,2445,5229,7733,12339,1643,1729
2025-08-03T23:52:41.009515,"Save Patient Diagnosis",1646,1646,-,0,0.14,9,401,1010,2700,4341,7033,744,919
2025-08-02T23:53:01.175666,"Login",13796,13796,-,0,1.21,5,155,532,1728,3966,7894,433,673
2025-08-02T23:53:01.175666,"Get locations",15589,15589,-,0,1.37,26,490,826,2047,2791,8433,664,664
2025-08-02T23:53:01.175666,"Select Location",13796,13796,-,0,1.21,2,84,390,1459,3107,12342,343,595
2025-08-02T23:53:01.175666,"Get Address Template",17092,17092,-,0,1.5,1,30,90,907,4161,5725,136,316
2025-08-02T23:53:01.175666,"Get Relationship Types",17092,17092,-,0,1.5,2,61,193,870,2194,6325,210,399
2025-08-02T23:53:01.175666,"Get Appointments for Specific Date",13796,13796,-,0,1.21,13,458,1030,2767,3647,11016,744,875
2025-08-02T23:53:01.175666,"Get Module Information",18661,18661,-,0,1.64,1,35,93,670,1594,5594,134,298
2025-08-02T23:53:01.175666,"Get Patient Identifier Types",17092,17092,-,0,1.5,3,86,233,909,2124,6386,230,395
2025-08-02T23:53:01.175666,"Get Primary Identifier Term Mapping",29586,29586,-,0,2.6,3,88,310,1236,4201,7836,288,498
2025-08-02T23:53:01.175666,"Get Identifier Source",30888,30888,-,0,2.71,3,98,331,1281,2779,9619,302,513
2025-08-02T23:53:01.175666,"Get Locations by Tag and Query",18959,18959,-,0,1.67,4,131,412,1540,4518,7087,357,577
2025-08-02T23:53:01.175666,"Get Visits",14340,14340,-,0,1.26,8,4857,9959,17003,21050,31838,6179,5687
2025-08-02T23:53:01.175666,"Get Auto Generation Options",17092,17092,-,0,1.5,6,258,832,2387,5035,8663,614,863
2025-08-02T23:53:01.175666,"Get Queue Entry",16575,16575,-,0,1.46,5,231,1246,4863,10806,25682,1076,2005
2025-08-02T23:53:01.175666,"Get Visit Types",6732,6732,-,0,0.59,2,48,171,919,2274,5229,193,390
2025-08-02T23:53:01.175666,"Get Current Visit of Patient",12643,12643,-,0,1.11,41,4523,12407,26950,38140,67388,8109,8984
2025-08-02T23:53:01.175666,"Get Visits of Patient",13503,13503,-,0,1.19,34,2153,4444,8674,12002,18761,2963,2825
2025-08-02T23:53:01.175666,"Get Program Enrollments of Patient",8768,8768,-,0,0.77,4,307,651,1871,2611,9056,496,618
2025-08-02T23:53:01.175666,"Get Visit Queue Entry",13245,13245,-,0,1.16,7,186,427,1451,3552,5459,369,517
2025-08-02T23:53:01.175666,"Get Appointments of a Patient",7048,7048,-,0,0.62,2,48,219,1210,4022,6302,221,450
2025-08-02T23:53:01.175666,"Get Patient Summary Data",14444,14444,-,0,1.27,5,160,361,1266,2095,6935,311,456
2025-08-02T23:53:01.175666,"Get Active Visits of Patient",129383,129383,-,0,11.37,3,103,304,1267,2097,8962,288,494
2025-08-02T23:53:01.175666,"Get isVisitsEnabled",9608,9608,-,0,0.84,2,61,242,1140,3240,6174,253,477
2025-08-02T23:53:01.175666,"Get the status of patient death",120730,120730,-,0,10.61,3,79,195,1066,1281,7709,207,371
2025-08-02T23:53:01.175666,"Get all the constraints on the vital concepts",9608,9608,-,0,0.84,3,105,314,1422,2113,6995,296,496
2025-08-02T23:53:01.175666,"Get Patient Observations",29126,29126,-,0,2.56,1,1255,5582,15207,22353,36733,3742,5136
2025-08-02T23:53:01.175666,"Get Patient Conditions",10999,10999,-,0,0.97,1,1002,3638,10052,15700,28560,2559,3527
2025-08-02T23:53:01.175666,"Get Active Orders",9279,9279,-,0,0.82,6,582,1753,4986,8202,14638,1278,1705
2025-08-02T23:53:01.175666,"Get Admission Location Info",1866,1866,-,0,0.16,5,117,358,1482,1967,5509,315,511
2025-08-02T23:53:01.175666,"Get Admission Info",1866,1866,-,0,0.16,25,674,1555,4374,8919,23270,1233,1727
2025-08-02T23:53:01.175666,"Get Inpatient Request",1866,1866,-,0,0.16,13,621,3540,41409,55963,66840,6683,13555
2025-08-02T23:53:01.175666,"Get Patients",2222,2218,4,0.18,0.2,13,20645,47496,63235,71566,80968,25076,23181
2025-08-02T23:53:01.175666,"Submit Visit Form",6188,6188,-,0,0.54,11,367,931,2388,5307,7620,677,885
2025-08-02T23:53:01.175666,"Get Locations That Support Visits",2766,2766,-,0,0.24,5,100,266,1472,2028,4625,260,450
2025-08-02T23:53:01.175666,"Get Beds for Patient",1866,1866,-,0,0.16,4,122,280,1001,3562,5724,257,426
2025-08-02T23:53:01.175666,"Save Ward Encounter",4665,4665,-,0,0.41,13,581,1821,6185,10527,19336,1469,2137
2025-08-02T23:53:01.175666,"Get Order Types",1537,1537,-,0,0.14,2,64,212,854,2464,6112,219,439
2025-08-02T23:53:01.175666,"Save Vitals",2017,2017,-,0,0.18,81,3790,7847,14284,19111,27814,5112,4707
2025-08-02T23:53:01.175666,"Get Vitals concept reference ranges",1866,1866,-,0,0.16,39,1131,2111,4388,6346,10041,1456,1414
2025-08-02T23:53:01.175666,"Get Specific Visit Details",7735,7735,-,0,0.68,7,261,623,1895,2681,7301,490,650
2025-08-02T23:53:01.175666,"Get Transfer Locations configuration data",1866,1866,-,0,0.16,50,2249,6401,13575,17209,23727,3947,4458
2025-08-02T23:53:01.175666,"Get Transferable locations",1866,1866,-,0,0.16,31,625,963,2147,3560,6505,748,696
2025-08-02T23:53:01.175666,"Search for Drug",3074,3074,-,0,0.27,2,52,214,1215,4696,7680,232,463
2025-08-02T23:53:01.175666,"Save Drug Order",1537,1537,-,0,0.14,36,1415,3026,6525,9061,10763,2034,2088
2025-08-02T23:53:01.175666,"Get Allergies of Patient",2017,2017,-,0,0.18,1,453,1397,3866,5994,9861,1025,1380
2025-08-02T23:53:01.175666,"Get Drug Allergens",2017,2017,-,0,0.18,51,1524,1944,2797,4120,5621,1446,868
2025-08-02T23:53:01.175666,"Get Environment Allergens",2017,2017,-,0,0.18,29,854,1162,1991,3140,7977,890,647
2025-08-02T23:53:01.175666,"Get Food Allergens",2017,2017,-,0,0.18,12,336,626,1449,2341,5068,490,533
2025-08-02T23:53:01.175666,"Get Allergic Reactions Allergens",2017,2017,-,0,0.18,15,431,684,1637,2579,5795,564,559
2025-08-02T23:53:01.175666,"Get medication request encounters",4611,4611,-,0,0.41,82,12033,28982,49436,63747,82700,17045,16810
2025-08-02T23:53:01.175666,"Get patient age",30685,30685,-,0,2.7,3,154,322,1142,1789,6887,293,423
2025-08-02T23:53:01.175666,"Get All Appointment Services(full)",1632,1632,-,0,0.14,2,50,147,917,2143,2803,183,364
2025-08-02T23:53:01.175666,"Get all appointments for a specific day",1088,1088,-,0,0.1,3,37,68,815,1942,3926,139,349
2025-08-02T23:53:01.175666,"Get all patient lists",9180,9180,-,0,0.81,6,886,1406,2573,3864,7924,988,850
2025-08-02T23:53:01.175666,"Get all appointment summaries",1088,1088,-,0,0.1,15,430,799,1744,3693,6030,599,683
2025-08-02T23:53:01.175666,"Get All Form Encounters",860,860,-,0,0.08,12,1033,1810,4057,5746,8128,1360,1251
2025-08-02T23:53:01.175666,"Get Person Attribute Type",3296,3296,-,0,0.29,2,75,231,1008,2168,3803,225,385
2025-08-02T23:53:01.175666,"Get Appointment By Status",4352,4352,-,0,0.38,3,47,318,3199,4671,9571,468,1067
2025-08-02T23:53:01.175666,"Get Ordered Address Hierarchy Levels",3296,3296,-,0,0.29,1,17,31,503,1954,2521,68,196
2025-08-02T23:53:01.175666,"Get All Forms",860,860,-,0,0.08,9,495,1264,3145,5572,9382,930,1177
2025-08-02T23:53:01.175666,"Get all default appointment services",1088,1088,-,0,0.1,2,48,149,1066,2074,4423,200,434
2025-08-02T23:53:01.175666,"Get all visits of the given location with date",1088,1088,-,0,0.1,22,7376,12663,20464,27575,31842,8154,6724
2025-08-02T23:53:01.175666,"Get Orders of admitted patient by Activated Date",5049,5049,-,0,0.44,5,222,618,1881,3038,7608,498,710
2025-08-02T23:53:01.175666,"Get the details of a orderType",1569,1569,-,0,0.14,2,76,279,1119,2410,4282,250,418
2025-08-02T23:53:01.175666,"Get all Lab order details",1569,1569,-,0,0.14,13,379,621,1447,2860,4979,509,543
2025-08-02T23:53:01.175666,"Add a lab order",1569,1569,-,0,0.14,23,913,2076,4665,7543,9934,1433,1592
2025-08-02T23:53:01.175666,"Get Patient Allergy Intolerance",1537,1537,-,0,0.14,2,364,1244,3935,6241,11444,962,1454
2025-08-02T23:53:01.175666,"Get Specific Medication Requests",6148,6148,-,0,0.54,37,1417,3394,8169,11714,22848,2375,2698
2025-08-02T23:53:01.175666,"Get Encounter With Visit and Diagnoses",1537,1537,-,0,0.14,9,213,432,1401,2440,6026,379,536
2025-08-02T23:53:01.175666,"Get All Providers",3618,3618,-,0,0.32,4,217,683,2109,4021,6851,533,801
2025-08-02T23:53:01.175666,"Get patient identification photo",112988,112988,-,0,9.93,4,109,393,1593,6102,9111,311,517
2025-08-02T23:53:01.175666,"Get Person Attributes",1479,1479,-,0,0.13,3,140,321,1030,1756,2599,273,380
2025-08-02T23:53:01.175666,"Get Patient Identifiers",1479,1479,-,0,0.13,5,155,430,1268,2297,3583,337,457
2025-08-02T23:53:01.175666,"Get Relationships of Person",1479,1479,-,0,0.13,4,167,377,1350,1789,3453,326,447
2025-08-02T23:53:01.175666,"Create a patient list",2295,2295,-,0,0.2,11,333,857,2368,3577,5622,631,758
2025-08-02T23:53:01.175666,"Get queue entry number",745,745,-,0,0.07,1,12,26,277,1051,1298,49,135
2025-08-02T23:53:01.175666,"Submit visit queue entry",745,745,-,0,0.07,27,552,1611,3881,6594,9565,1101,1376
2025-08-02T23:53:01.175666,"Save an Allergy",2017,2017,-,0,0.18,14,526,1222,2863,4778,9423,876,985
2025-08-02T23:53:01.175666,"Get Clinical Form by UUID",860,860,-,0,0.08,7,223,482,1530,2482,4107,409,511
2025-08-02T23:53:01.175666,"Get Encounter Roles",860,860,-,0,0.08,2,57,207,933,1445,3759,199,345
2025-08-02T23:53:01.175666,"Get Latest FHIR Encounter",860,860,-,0,0.08,11,370,801,1996,3240,6524,603,691
2025-08-02T23:53:01.175666,"Get Encounter By UUID",860,860,-,0,0.08,13,413,877,2252,3388,6138,670,765
2025-08-02T23:53:01.175666,"Get Order Entry Config",1537,1537,-,0,0.14,21,722,1286,2973,4937,7459,955,978
2025-08-02T23:53:01.175666,"Get ValueSet by UUID",4611,4611,-,0,0.41,14,417,901,2318,5332,7790,684,817
2025-08-02T23:53:01.175666,"Get Medication Request by UUID",4611,4611,-,0,0.41,31,907,2022,4642,6310,11035,1406,1537
2025-08-02T23:53:01.175666,"Get Medication by UUID",1537,1537,-,0,0.14,2,31,102,690,1436,4090,127,294
2025-08-02T23:53:01.175666,"Search Medication by Code",1537,1537,-,0,0.14,5,80,203,969,2435,5593,226,438
2025-08-02T23:53:01.175666,"Get Locations Search Set",933,933,-,0,0.08,5,102,329,1435,3482,5390,329,575
2025-08-02T23:53:01.175666,"Change the session location",933,933,-,0,0.08,4,109,480,1847,3395,5390,390,639
2025-08-02T23:53:01.175666,"Get patient list details",2295,2295,-,0,0.2,5,141,474,1476,2544,4203,359,509
2025-08-02T23:53:01.175666,"Fetch members of patient list",2295,2295,-,0,0.2,3,91,356,1321,2310,5022,308,507
2025-08-02T23:53:01.175666,"Get service concept set",745,745,-,0,0.07,2,49,171,1097,2550,3597,209,415
2025-08-02T23:53:01.175666,"Get Concept",51093,51093,-,0,4.49,5,295,592,1612,2813,7171,477,550
2025-08-02T23:53:01.175666,"Submit new Service queue",745,745,-,0,0.07,10,257,873,2330,4856,8712,653,941
2025-08-02T23:53:01.175666,"Get all active Lab orders",4707,4707,-,0,0.41,5,1745,5007,10734,15026,30470,3172,3702
2025-08-02T23:53:01.175666,"Get Lab Orders by full filler status",14121,14121,-,0,1.24,4,755,4917,26705,36925,54023,5272,9083
2025-08-02T23:53:01.175666,"Edit patient details",1479,1479,-,0,0.13,23,740,1350,2983,5081,7859,997,993
2025-08-02T23:53:01.175666,"Check Appointment Conflicts",544,544,-,0,0.05,7,178,461,1503,2557,3900,382,542
2025-08-02T23:53:01.175666,"Create Appointment",544,544,-,0,0.05,14,325,621,1860,2485,5042,523,634
2025-08-02T23:53:01.175666,"Get patient admission note",7701,7701,-,0,0.68,4,317,757,1934,3826,10447,561,673
2025-08-02T23:53:01.175666,"Submit transition request",745,745,-,0,0.07,36,602,1132,2548,4329,6908,847,917
2025-08-02T23:53:01.175666,"End Visit",6188,6188,-,0,0.54,28,697,1413,3181,4882,9783,1025,1075
2025-08-02T23:53:01.175666,"Generate OMRS Identifier",1817,1817,-,0,0.16,18,531,1007,2234,3403,6206,770,744
2025-08-02T23:53:01.175666,"Send Patient Registration Request",1817,1817,-,0,0.16,40,1007,1892,3890,5581,11609,1356,1243
2025-08-02T23:53:01.175666,"Save a clinical form",860,860,-,0,0.08,26,1649,3389,7028,9743,15082,2340,2269
2025-08-02T23:53:01.175666,"Dispense medication form submission",1537,1537,-,0,0.14,48,1584,3934,8323,11709,16170,2509,2683
2025-08-02T23:53:01.175666,"Update full filler status",3138,3138,-,0,0.28,9,238,486,1562,2680,4921,407,527
2025-08-02T23:53:01.175666,"Submit Appointment StatusChange",1088,1088,-,0,0.1,9,253,622,1930,3349,5113,491,662
2025-08-02T23:53:01.175666,"Get Patient Encounters",860,860,-,0,0.08,94,8168,14784,24125,30515,39117,9657,7828
2025-08-02T23:53:01.175666,"Get Lab Results of Patient",1720,1720,-,0,0.15,2,1723,3959,9287,13809,20209,2816,3106
2025-08-02T23:53:01.175666,"Get Visits With Diagnoses and Notes (new endpoint)",860,860,-,0,0.08,11,515,1160,3051,5501,7897,891,1105
2025-08-02T23:53:01.175666,"Get specific encounter details",1569,1569,-,0,0.14,8,231,522,1434,2749,5329,420,534
2025-08-02T23:53:01.175666,"Get Alkaline concept details",1569,1569,-,0,0.14,3,70,257,1188,2596,5763,262,483
2025-08-02T23:53:01.175666,"Update the specific encounter",1569,1569,-,0,0.14,25,743,1714,4080,6299,13280,1228,1413
2025-08-02T23:53:01.175666,"Update the Lab Order Completion",1569,1569,-,0,0.14,20,710,1609,3389,6132,13612,1125,1288
2025-08-02T23:53:01.175666,"Close medication",1537,1537,-,0,0.14,18,565,1328,3390,5580,9739,988,1231
2025-08-02T23:53:01.175666,"Discontinue the drug order",1537,1537,-,0,0.14,23,766,1679,4002,6480,9196,1192,1350
2025-08-02T23:53:01.175666,"Get Drug Orders except the cancelled and expired",860,860,-,0,0.08,7,1318,2969,6254,9308,13950,1993,2078
2025-08-02T23:53:01.175666,"Get Drug Orders except the discontinued orders",860,860,-,0,0.08,7,1265,2912,6215,9544,13192,1981,2134
2025-08-02T23:53:01.175666,"Get Observation Tree Details",2580,2580,-,0,0.23,6,1365,5504,16726,23554,35146,3960,5500
2025-08-02T23:53:01.175666,"Search for Condition",1720,1720,-,0,0.15,6,167,464,1372,2625,6516,384,542
2025-08-02T23:53:01.175666,"Save Conditions",860,860,-,0,0.08,10,338,839,2084,3210,4857,605,688
2025-08-02T23:53:01.175666,"Get Immunizations of Patient",2580,2580,-,0,0.23,2,228,1701,6022,11424,22029,1346,2349
2025-08-02T23:53:01.175666,"Get all immunizations",860,860,-,0,0.08,9,269,603,1722,2717,3591,486,568
2025-08-02T23:53:01.175666,"Submit Patient immunization",860,860,-,0,0.08,40,2494,5117,9647,13454,17914,3404,3219
2025-08-02T23:53:01.175666,"Get Attachments of Patient",1720,1720,-,0,0.15,6,358,780,1972,3507,6443,585,723
2025-08-02T23:53:01.175666,"Get Allowed File Extensions",860,860,-,0,0.08,2,58,226,1128,2070,3272,229,421
2025-08-02T23:53:01.175666,"Get Programs",1720,1720,-,0,0.15,10,333,635,1623,2774,5875,506,573
2025-08-02T23:53:01.175666,"Add new program to patient",860,860,-,0,0.08,10,550,1248,2727,4608,5940,867,960
2025-08-02T23:53:01.175666,"Complete the program",860,860,-,0,0.08,13,491,1096,2661,4516,7092,820,961
2025-08-02T23:53:01.175666,"Upload Attachment Request",860,858,2,0.23,0.08,499,9315,10826,13554,15616,17397,8427,3777
2025-08-02T23:53:01.175666,"Save Visit Note",860,860,-,0,0.08,19,1008,2209,4944,7639,9047,1553,1655
2025-08-02T23:53:01.175666,"Save Patient Diagnosis",1720,1720,-,0,0.15,8,364,959,2525,4199,5681,713,880
2025-08-01T23:53:41.436662,"Login",13877,13877,-,0,1.22,5,153,523,1589,3416,9587,421,652
2025-08-01T23:53:41.436662,"Get locations",15691,15691,-,0,1.38,31,499,814,2070,3039,8374,653,647
2025-08-01T23:53:41.436662,"Select Location",13877,13877,-,0,1.22,2,82,412,1640,2893,7296,346,601
2025-08-01T23:53:41.436662,"Get Address Template",17185,17185,-,0,1.51,1,30,90,836,3530,5715,136,318
2025-08-01T23:53:41.436662,"Get Relationship Types",17185,17185,-,0,1.51,2,63,187,891,2310,5319,211,404
2025-08-01T23:53:41.436662,"Get Appointments for Specific Date",13877,13877,-,0,1.22,12,463,1014,2619,4199,8320,740,867
2025-08-01T23:53:41.436662,"Get Module Information",18763,18763,-,0,1.65,1,36,109,829,1096,6191,136,298
2025-08-01T23:53:41.436662,"Get Patient Identifier Types",17185,17185,-,0,1.51,3,86,241,1051,2086,5604,234,406
2025-08-01T23:53:41.436662,"Get Primary Identifier Term Mapping",29758,29758,-,0,2.61,3,90,312,1207,3969,8089,286,490
2025-08-01T23:53:41.436662,"Get Identifier Source",31062,31062,-,0,2.72,3,97,329,1198,2703,6927,298,499
2025-08-01T23:53:41.436662,"Get Locations by Tag and Query",19094,19094,-,0,1.67,4,127,412,1415,3970,7943,349,566
2025-08-01T23:53:41.436662,"Get Visits",14430,14430,-,0,1.27,9,5055,9894,17163,21735,32927,6212,5724
2025-08-01T23:53:41.436662,"Get Auto Generation Options",17185,17185,-,0,1.51,7,265,801,2385,3863,12734,608,858
2025-08-01T23:53:41.436662,"Get Queue Entry",16683,16683,-,0,1.46,6,250,1204,4199,9428,21086,997,1754
2025-08-01T23:53:41.436662,"Get Visit Types",6795,6795,-,0,0.6,2,47,169,887,2191,3695,184,351
2025-08-01T23:53:41.436662,"Get Current Visit of Patient",12703,12703,-,0,1.11,47,4726,11726,26778,39740,62066,7981,8954
2025-08-01T23:53:41.436662,"Get Visits of Patient",13563,13563,-,0,1.19,37,2142,4346,8651,12133,21629,2935,2843
2025-08-01T23:53:41.436662,"Get Program Enrollments of Patient",8822,8822,-,0,0.77,4,317,637,1801,2316,6946,482,588
2025-08-01T23:53:41.436662,"Get Visit Queue Entry",13306,13306,-,0,1.17,7,181,421,1356,3244,6745,367,525
2025-08-01T23:53:41.436662,"Get Appointments of a Patient",7102,7102,-,0,0.62,2,46,229,1059,3164,5239,220,421
2025-08-01T23:53:41.436662,"Get Patient Summary Data",14524,14524,-,0,1.27,6,162,340,1317,4920,7829,309,452
2025-08-01T23:53:41.436662,"Get Active Visits of Patient",131406,131406,-,0,11.53,4,100,310,1355,1680,8747,283,475
2025-08-01T23:53:41.436662,"Get isVisitsEnabled",9684,9684,-,0,0.85,2,59,258,1321,4190,6183,245,462
2025-08-01T23:53:41.436662,"Get the status of patient death",122706,122706,-,0,10.76,3,80,214,1147,1321,9304,207,370
2025-08-01T23:53:41.436662,"Get all the constraints on the vital concepts",9684,9684,-,0,0.85,4,102,342,1311,2371,5801,287,472
2025-08-01T23:53:41.436662,"Get Patient Observations",29296,29296,-,0,2.57,1,1289,5485,15011,22319,36160,3719,5107
2025-08-01T23:53:41.436662,"Get Patient Conditions",11042,11042,-,0,0.97,1,991,3677,10032,15950,30149,2577,3569
2025-08-01T23:53:41.436662,"Get Active Orders",9322,9322,-,0,0.82,6,592,1667,5040,8277,20004,1258,1720
2025-08-01T23:53:41.436662,"Get Admission Location Info",1908,1908,-,0,0.17,6,119,378,1606,2514,6319,331,560
2025-08-01T23:53:41.436662,"Get Admission Info",1908,1908,-,0,0.17,26,725,1605,3629,7082,17750,1184,1512
2025-08-01T23:53:41.436662,"Get Inpatient Request",1908,1908,-,0,0.17,14,603,3022,46932,66592,90397,7007,15392
2025-08-01T23:53:41.436662,"Get Patients",2258,2256,2,0.09,0.2,26,18775,46596,63658,71479,89076,24684,23065
2025-08-01T23:53:41.436662,"Submit Visit Form",6242,6242,-,0,0.55,11,356,897,2428,3568,8555,649,820
2025-08-01T23:53:41.436662,"Get Locations That Support Visits",2811,2811,-,0,0.25,5,99,306,1168,3608,6339,273,457
2025-08-01T23:53:41.436662,"Get Beds for Patient",1908,1908,-,0,0.17,4,119,299,1230,1843,4800,266,424
2025-08-01T23:53:41.436662,"Save Ward Encounter",4770,4770,-,0,0.42,13,588,1876,5599,8847,17011,1439,2037
2025-08-01T23:53:41.436662,"Get Order Types",1546,1546,-,0,0.14,2,67,207,1000,1732,5010,212,398
2025-08-01T23:53:41.436662,"Save Vitals",2030,2030,-,0,0.18,83,3652,7565,14567,20001,27442,5016,4731
2025-08-01T23:53:41.436662,"Get Vitals concept reference ranges",1908,1908,-,0,0.17,40,1121,1926,4435,6525,10167,1411,1412
2025-08-01T23:53:41.436662,"Get Specific Visit Details",7786,7786,-,0,0.68,7,252,596,1807,2442,7749,471,630
2025-08-01T23:53:41.436662,"Get Transfer Locations configuration data",1908,1908,-,0,0.17,51,2165,6200,13477,17819,28709,3816,4422
2025-08-01T23:53:41.436662,"Get Transferable locations",1908,1908,-,0,0.17,31,609,935,1921,2954,4892,701,594
2025-08-01T23:53:41.436662,"Search for Drug",3092,3092,-,0,0.27,2,49,218,1416,1655,5095,222,429
2025-08-01T23:53:41.436662,"Save Drug Order",1546,1546,-,0,0.14,37,1391,2885,6274,8956,15701,1995,2118
2025-08-01T23:53:41.436662,"Get Allergies of Patient",2030,2030,-,0,0.18,2,443,1352,4059,6527,9995,995,1365
2025-08-01T23:53:41.436662,"Get Drug Allergens",2030,2030,-,0,0.18,54,1463,1856,2853,3991,6322,1412,864
2025-08-01T23:53:41.436662,"Get Environment Allergens",2030,2030,-,0,0.18,30,832,1158,2102,3343,5722,892,658
2025-08-01T23:53:41.436662,"Get Food Allergens",2030,2030,-,0,0.18,13,328,576,1547,2820,4581,478,529
2025-08-01T23:53:41.436662,"Get Allergic Reactions Allergens",2030,2030,-,0,0.18,15,415,666,1516,2903,5685,533,529
2025-08-01T23:53:41.436662,"Get all patient lists",9188,9188,-,0,0.81,6,897,1446,2643,3827,7882,1005,872
2025-08-01T23:53:41.436662,"Get the details of a orderType",1578,1578,-,0,0.14,2,79,301,1104,2522,5559,259,477
2025-08-01T23:53:41.436662,"Get All Appointment Services(full)",1659,1659,-,0,0.15,3,51,161,1134,1321,4765,186,367
2025-08-01T23:53:41.436662,"Get all Lab order details",1578,1578,-,0,0.14,12,334,550,1402,1926,4439,443,442
2025-08-01T23:53:41.436662,"Get all appointments for a specific day",1106,1106,-,0,0.1,4,36,65,839,1214,2393,119,271
2025-08-01T23:53:41.436662,"Get all appointment summaries",1106,1106,-,0,0.1,13,298,619,1752,3158,6019,517,685
2025-08-01T23:53:41.436662,"Get Person Attribute Type",3308,3308,-,0,0.29,2,76,235,1129,2185,4529,234,405
2025-08-01T23:53:41.436662,"Add a lab order",1578,1578,-,0,0.14,23,934,2182,4514,6334,10088,1435,1529
2025-08-01T23:53:41.436662,"Get Orders of admitted patient by Activated Date",5247,5247,-,0,0.46,5,228,472,1495,3387,9281,417,604
2025-08-01T23:53:41.436662,"Get Appointment By Status",4424,4424,-,0,0.39,4,47,280,1861,2619,8342,314,675
2025-08-01T23:53:41.436662,"Get Ordered Address Hierarchy Levels",3308,3308,-,0,0.29,1,18,33,496,2455,3690,74,209
2025-08-01T23:53:41.436662,"Get all default appointment services",1106,1106,-,0,0.1,2,52,175,915,2648,5602,190,400
2025-08-01T23:53:41.436662,"Get all visits of the given location with date",1106,1106,-,0,0.1,20,6901,13006,20107,25884,33416,8117,6792
2025-08-01T23:53:41.436662,"Get All Form Encounters",860,860,-,0,0.08,15,1080,1858,3402,5493,7133,1325,1142
2025-08-01T23:53:41.436662,"Get All Forms",860,860,-,0,0.08,9,524,1309,3232,4775,9129,931,1097
2025-08-01T23:53:41.436662,"Get medication request encounters",4638,4638,-,0,0.41,80,12204,27141,49622,65994,98951,16865,16729
2025-08-01T23:53:41.436662,"Get patient age",30912,30912,-,0,2.71,3,155,322,1088,2241,6802,288,407
2025-08-01T23:53:41.436662,"Get patient identification photo",114930,114930,-,0,10.08,4,118,351,1174,2739,10295,307,506
2025-08-01T23:53:41.436662,"Get Person Attributes",1492,1492,-,0,0.13,3,137,295,1040,2062,3699,264,385
2025-08-01T23:53:41.436662,"Get Patient Identifiers",1492,1492,-,0,0.13,5,164,398,1189,2160,3721,333,471
2025-08-01T23:53:41.436662,"Get Relationships of Person",1492,1492,-,0,0.13,4,164,384,1312,2633,4446,337,482
2025-08-01T23:53:41.436662,"Create a patient list",2297,2297,-,0,0.2,11,338,814,2100,3806,9942,616,764
2025-08-01T23:53:41.436662,"Get All Providers",3645,3645,-,0,0.32,4,209,718,2592,3649,7048,555,830
2025-08-01T23:53:41.436662,"Get queue entry number",751,751,-,0,0.07,1,12,26,362,1315,2653,64,218
2025-08-01T23:53:41.436662,"Submit visit queue entry",751,751,-,0,0.07,28,597,1524,3889,6382,9222,1116,1393
2025-08-01T23:53:41.436662,"Get Patient Allergy Intolerance",1546,1546,-,0,0.14,1,348,1218,3762,6022,10870,901,1306
2025-08-01T23:53:41.436662,"Get Specific Medication Requests",6184,6184,-,0,0.54,38,1404,3459,8081,12254,24429,2393,2744
2025-08-01T23:53:41.436662,"Get Encounter With Visit and Diagnoses",1546,1546,-,0,0.14,9,201,417,1465,2511,3935,361,496
2025-08-01T23:53:41.436662,"Save an Allergy",2030,2030,-,0,0.18,16,539,1182,2837,4142,7737,870,993
2025-08-01T23:53:41.436662,"Get all active Lab orders",4734,4734,-,0,0.42,5,1767,5157,10780,15286,23094,3188,3691
2025-08-01T23:53:41.436662,"Get Lab Orders by full filler status",14202,14202,-,0,1.25,4,730,4899,26966,37263,53528,5198,8962
2025-08-01T23:53:41.436662,"Get Clinical Form by UUID",860,860,-,0,0.08,8,208,475,1366,2640,4064,384,490
2025-08-01T23:53:41.436662,"Get Encounter Roles",860,860,-,0,0.08,2,55,217,986,1729,6365,219,431
2025-08-01T23:53:41.436662,"Get Latest FHIR Encounter",860,860,-,0,0.08,11,346,813,2259,3699,6016,631,765
2025-08-01T23:53:41.436662,"Get Encounter By UUID",860,860,-,0,0.08,13,404,839,1943,3056,5195,624,669
2025-08-01T23:53:41.436662,"Get Locations Search Set",954,954,-,0,0.08,6,96,339,1314,1908,3311,293,458
2025-08-01T23:53:41.436662,"Change the session location",954,954,-,0,0.08,4,103,490,2070,3444,6539,403,702
2025-08-01T23:53:41.436662,"Get patient list details",2297,2297,-,0,0.2,6,150,446,1514,2474,6257,374,544
2025-08-01T23:53:41.436662,"Fetch members of patient list",2297,2297,-,0,0.2,3,85,343,1344,2408,6562,304,524
2025-08-01T23:53:41.436662,"Get service concept set",751,751,-,0,0.07,2,46,181,1063,2203,4249,211,427
2025-08-01T23:53:41.436662,"Get Concept",52725,52725,-,0,4.62,6,297,594,1613,2589,11235,477,552
2025-08-01T23:53:41.436662,"Submit new Service queue",751,751,-,0,0.07,11,240,825,2923,4604,5785,636,949
2025-08-01T23:53:41.436662,"Get Order Entry Config",1546,1546,-,0,0.14,22,731,1242,2787,4509,6520,932,925
2025-08-01T23:53:41.436662,"Get ValueSet by UUID",4638,4638,-,0,0.41,14,430,902,2504,3562,7897,693,827
2025-08-01T23:53:41.436662,"Get Medication Request by UUID",4638,4638,-,0,0.41,32,908,2167,4465,7238,11815,1416,1550
2025-08-01T23:53:41.436662,"Get Medication by UUID",1546,1546,-,0,0.14,2,32,104,739,1782,2742,145,326
2025-08-01T23:53:41.436662,"Search Medication by Code",1546,1546,-,0,0.14,6,77,182,966,2773,5124,212,402
2025-08-01T23:53:41.436662,"Edit patient details",1492,1492,-,0,0.13,24,763,1364,3049,4634,8342,1015,1018
2025-08-01T23:53:41.436662,"Check Appointment Conflicts",553,553,-,0,0.05,7,187,519,1541,3126,5798,405,599
2025-08-01T23:53:41.436662,"Create Appointment",553,553,-,0,0.05,14,363,622,1511,2222,4224,482,507
2025-08-01T23:53:41.436662,"Get patient admission note",8041,8041,-,0,0.71,5,307,775,1967,3470,6893,574,680
2025-08-01T23:53:41.436662,"Submit transition request",751,751,-,0,0.07,36,599,1136,2782,5024,7214,870,984
2025-08-01T23:53:41.436662,"End Visit",6242,6242,-,0,0.55,27,704,1373,3157,4701,9817,1009,1058
2025-08-01T23:53:41.436662,"Generate OMRS Identifier",1816,1816,-,0,0.16,18,553,1079,2396,3862,7906,811,801
2025-08-01T23:53:41.436662,"Send Patient Registration Request",1816,1816,-,0,0.16,42,993,1908,3769,5753,9525,1350,1235
2025-08-01T23:53:41.436662,"Update full filler status",3156,3156,-,0,0.28,9,253,495,1430,2843,5143,410,529
2025-08-01T23:53:41.436662,"Save a clinical form",860,860,-,0,0.08,28,1700,3465,7074,10471,14351,2389,2406
2025-08-01T23:53:41.436662,"Dispense medication form submission",1546,1546,-,0,0.14,47,1599,3863,8166,11424,18181,2541,2741
2025-08-01T23:53:41.436662,"Submit Appointment StatusChange",1106,1106,-,0,0.1,9,273,607,1755,3725,6321,491,665
2025-08-01T23:53:41.436662,"Get Patient Encounters",860,860,-,0,0.08,106,8133,14393,23878,30771,35008,9454,7637
2025-08-01T23:53:41.436662,"Get Lab Results of Patient",1720,1720,-,0,0.15,14,1663,3950,9656,14584,27911,2873,3369
2025-08-01T23:53:41.436662,"Get specific encounter details",1578,1578,-,0,0.14,8,229,514,1438,2636,6491,416,565
2025-08-01T23:53:41.436662,"Get Alkaline concept details",1578,1578,-,0,0.14,3,69,259,1207,2003,4686,248,465
2025-08-01T23:53:41.436662,"Update the specific encounter",1578,1578,-,0,0.14,25,777,1782,4018,5930,8061,1205,1315
2025-08-01T23:53:41.436662,"Update the Lab Order Completion",1578,1578,-,0,0.14,20,706,1576,3807,5660,10760,1129,1301
2025-08-01T23:53:41.436662,"Get Visits With Diagnoses and Notes (new endpoint)",860,860,-,0,0.08,9,502,1106,3014,4686,7393,840,992
2025-08-01T23:53:41.436662,"Close medication",1546,1546,-,0,0.14,18,543,1231,3161,5257,8571,930,1148
2025-08-01T23:53:41.436662,"Discontinue the drug order",1546,1546,-,0,0.14,24,782,1720,3860,5387,8921,1195,1318
2025-08-01T23:53:41.436662,"Get Drug Orders except the cancelled and expired",860,860,-,0,0.08,7,1205,2733,6079,8993,14218,1893,1985
2025-08-01T23:53:41.436662,"Get Drug Orders except the discontinued orders",860,860,-,0,0.08,7,1257,2715,6203,10735,12851,1917,2127
2025-08-01T23:53:41.436662,"Get Observation Tree Details",2580,2580,-,0,0.23,6,1369,5547,16434,23361,31471,3955,5443
2025-08-01T23:53:41.436662,"Search for Condition",1720,1720,-,0,0.15,6,183,482,1546,2374,4094,400,549
2025-08-01T23:53:41.436662,"Save Conditions",860,860,-,0,0.08,10,346,811,2085,3654,7273,622,802
2025-08-01T23:53:41.436662,"Get Immunizations of Patient",2580,2580,-,0,0.23,2,212,1656,7254,11590,21497,1359,2405
2025-08-01T23:53:41.436662,"Get all immunizations",860,860,-,0,0.08,9,283,586,1648,3301,5225,495,623
2025-08-01T23:53:41.436662,"Submit Patient immunization",860,860,-,0,0.08,41,2434,5263,9882,14179,18811,3410,3291
2025-08-01T23:53:41.436662,"Get Attachments of Patient",1720,1720,-,0,0.15,7,379,781,2254,3895,6616,616,756
2025-08-01T23:53:41.436662,"Get Allowed File Extensions",860,860,-,0,0.08,2,60,213,1056,2332,5216,235,445
2025-08-01T23:53:41.436662,"Get Programs",1720,1720,-,0,0.15,9,321,591,1429,2590,5088,478,526
2025-08-01T23:53:41.436662,"Add new program to patient",860,860,-,0,0.08,12,520,1170,3358,5835,7020,904,1119
2025-08-01T23:53:41.436662,"Complete the program",860,860,-,0,0.08,13,504,1112,2784,4765,9693,830,1003
2025-08-01T23:53:41.436662,"Upload Attachment Request",860,855,5,0.58,0.08,40,9052,10446,12989,15663,19404,8241,3685
2025-08-01T23:53:41.436662,"Save Visit Note",860,860,-,0,0.08,19,1053,2252,4964,7640,12799,1554,1643
2025-08-01T23:53:41.436662,"Save Patient Diagnosis",1720,1720,-,0,0.15,8,372,922,2215,3747,6057,662,801
2025-08-04T21:52:46.106566483,"Login",13281,13281,-,0,1.16,5,145,528,1769,4261,8652,435,687
2025-08-04T21:52:46.106566483,"Get locations",15011,15011,-,0,1.32,31,505,851,1846,3093,9439,691,695
2025-08-04T21:52:46.106566483,"Select Location",13281,13281,-,0,1.16,2,81,462,1391,6359,9105,358,629
2025-08-04T21:52:46.106566483,"Get Address Template",16487,16487,-,0,1.45,1,28,104,925,1139,5569,144,341
2025-08-04T21:52:46.106566483,"Get Relationship Types",16487,16487,-,0,1.45,2,56,204,1011,2151,6141,220,415
2025-08-04T21:52:46.106566483,"Get Appointments for Specific Date",13281,13281,-,0,1.16,13,408,1003,2964,3804,9904,725,914
2025-08-04T21:52:46.106566483,"Get Module Information",17978,17978,-,0,1.58,1,33,114,887,1125,6469,141,327
2025-08-04T21:52:46.106566483,"Get Patient Identifier Types",16487,16487,-,0,1.45,3,86,249,1135,3820,6562,252,441
2025-08-04T21:52:46.106566483,"Get Primary Identifier Term Mapping",28507,28507,-,0,2.5,3,87,327,1223,2715,12726,295,517
2025-08-04T21:52:46.106566483,"Get Identifier Source",29768,29768,-,0,2.61,3,100,367,1399,2712,8289,318,537
2025-08-04T21:52:46.106566483,"Get Locations by Tag and Query",18215,18215,-,0,1.6,4,121,427,1534,4063,8442,370,613
2025-08-04T21:52:46.106566483,"Get Visits",13800,13800,-,0,1.21,13,5513,10773,19046,24881,38505,6807,6286
2025-08-04T21:52:46.106566483,"Get Auto Generation Options",16487,16487,-,0,1.45,7,261,869,2518,4432,10227,637,899
2025-08-04T21:52:46.106566483,"Get Queue Entry",15915,15915,-,0,1.4,6,283,1239,4815,8727,21710,1074,1888
2025-08-04T21:52:46.106566483,"Get Visit Types",6425,6425,-,0,0.56,2,45,173,965,2501,5794,209,438
2025-08-04T21:52:46.106566483,"Get Current Visit of Patient",12066,12066,-,0,1.06,43,4851,12870,28666,40924,63735,8556,9523
2025-08-04T21:52:46.106566483,"Get Visits of Patient",12901,12901,-,0,1.13,33,2289,4626,9032,12478,26212,3113,2932
2025-08-04T21:52:46.106566483,"Get Program Enrollments of Patient",8411,8411,-,0,0.74,4,321,669,1914,2947,7746,526,659
2025-08-04T21:52:46.106566483,"Get Visit Queue Entry",12746,12746,-,0,1.12,8,205,459,1408,3151,7026,394,535
2025-08-04T21:52:46.106566483,"Get Appointments of a Patient",6741,6741,-,0,0.59,2,49,234,1144,4565,7406,230,449
2025-08-04T21:52:46.106566483,"Get Patient Summary Data",13917,13917,-,0,1.22,6,170,360,1215,4410,8660,329,476
2025-08-04T21:52:46.106566483,"Get Active Visits of Patient",123571,123571,-,0,10.84,4,107,333,1457,1791,10555,304,520
2025-08-04T21:52:46.106566483,"Get isVisitsEnabled",9288,9288,-,0,0.81,2,57,288,1366,1886,6713,255,486
2025-08-04T21:52:46.106566483,"Get the status of patient death",115257,115257,-,0,10.11,3,84,222,942,2609,7000,222,400
2025-08-04T21:52:46.106566483,"Get all the constraints on the vital concepts",9288,9288,-,0,0.81,4,97,327,1316,3052,7989,300,509
2025-08-04T21:52:46.106566483,"Get Patient Observations",28216,28216,-,0,2.47,1,1277,5547,15144,22490,38764,3804,5280
2025-08-04T21:52:46.106566483,"Get Patient Conditions",10629,10629,-,0,0.93,1,1024,3923,10914,16713,29447,2692,3738
2025-08-04T21:52:46.106566483,"Get Active Orders",8959,8959,-,0,0.79,6,608,1746,5341,8212,14652,1299,1736
2025-08-04T21:52:46.106566483,"Get Admission Location Info",1790,1790,-,0,0.16,6,116,390,1458,2929,4829,347,559
2025-08-04T21:52:46.106566483,"Get Admission Info",1790,1790,-,0,0.16,25,615,1611,4447,7571,23750,1242,1744
2025-08-04T21:52:46.106566483,"Get Inpatient Request",1790,1790,-,0,0.16,13,605,6978,47913,68941,82659,7838,15993
2025-08-04T21:52:46.106566483,"Get Patients",2119,2118,1,0.05,0.19,17,22212,51598,69030,78259,105673,27604,25237
2025-08-04T21:52:46.106566483,"Submit Visit Form",5906,5906,-,0,0.52,11,380,993,2782,4516,9136,722,956
2025-08-04T21:52:46.106566483,"Get Locations That Support Visits",2638,2638,-,0,0.23,5,100,269,1338,5417,8746,277,511
2025-08-04T21:52:46.106566483,"Get Beds for Patient",1790,1790,-,0,0.16,4,127,325,1332,2201,6593,313,537
2025-08-04T21:52:46.106566483,"Save Ward Encounter",4475,4475,-,0,0.39,13,611,1948,6319,10248,18744,1487,2136
2025-08-04T21:52:46.106566483,"Get Order Types",1461,1461,-,0,0.13,3,65,217,1071,1720,4605,220,390
2025-08-04T21:52:46.106566483,"Save Vitals",1966,1966,-,0,0.17,83,3849,8099,14669,18197,25144,5191,4688
2025-08-04T21:52:46.106566483,"Get Vitals concept reference ranges",1790,1790,-,0,0.16,38,1089,2014,4312,6649,12061,1440,1449
2025-08-04T21:52:46.106566483,"Get Specific Visit Details",7456,7456,-,0,0.65,7,273,671,1917,3029,7490,523,685
2025-08-04T21:52:46.106566483,"Get Transfer Locations configuration data",1790,1790,-,0,0.16,52,2144,6439,13388,17893,22848,3928,4480
2025-08-04T21:52:46.106566483,"Get Transferable locations",1790,1790,-,0,0.16,31,648,941,1970,2965,5460,741,650
2025-08-04T21:52:46.106566483,"Search for Drug",2922,2922,-,0,0.26,2,44,251,1175,2435,6282,235,478
2025-08-04T21:52:46.106566483,"Save Drug Order",1461,1461,-,0,0.13,38,1438,3150,6702,9934,12885,2132,2218
2025-08-04T21:52:46.106566483,"Get Allergies of Patient",1966,1966,-,0,0.17,1,457,1404,4088,7219,13695,1060,1483
2025-08-04T21:52:46.106566483,"Get Drug Allergens",1966,1966,-,0,0.17,54,1470,1869,2842,3974,6788,1431,863
2025-08-04T21:52:46.106566483,"Get Environment Allergens",1966,1966,-,0,0.17,31,824,1162,2147,3600,5164,920,684
2025-08-04T21:52:46.106566483,"Get Food Allergens",1966,1966,-,0,0.17,13,332,622,1547,3255,6222,507,598
2025-08-04T21:52:46.106566483,"Get Allergic Reactions Allergens",1966,1966,-,0,0.17,16,428,725,1684,3041,6604,589,588
2025-08-04T21:52:46.106566483,"Get Person Attribute Type",3206,3206,-,0,0.28,2,74,262,1230,2394,4820,264,476
2025-08-04T21:52:46.106566483,"Get Ordered Address Hierarchy Levels",3206,3206,-,0,0.28,1,17,30,555,1529,3762,84,255
2025-08-04T21:52:46.106566483,"Get All Appointment Services(full)",1557,1557,-,0,0.14,3,49,161,1017,2210,4120,198,407
2025-08-04T21:52:46.106566483,"Get all patient lists",8812,8812,-,0,0.77,7,995,1514,2795,4464,8365,1083,923
2025-08-04T21:52:46.106566483,"Get all appointments for a specific day",1038,1038,-,0,0.09,3,34,63,643,1666,2481,119,255
2025-08-04T21:52:46.106566483,"Get all appointment summaries",1038,1038,-,0,0.09,14,399,800,2133,3304,5282,603,704
2025-08-04T21:52:46.106566483,"Get Appointment By Status",4152,4152,-,0,0.36,3,43,280,2119,4305,9687,366,817
2025-08-04T21:52:46.106566483,"Get Orders of admitted patient by Activated Date",3182,3182,-,0,0.28,5,253,799,2243,4107,10023,588,816
2025-08-04T21:52:46.106566483,"Get the details of a orderType",1491,1491,-,0,0.13,2,72,316,1335,2856,5748,291,538
2025-08-04T21:52:46.106566483,"Get all Lab order details",1491,1491,-,0,0.13,14,363,593,1416,2326,5881,493,527
2025-08-04T21:52:46.106566483,"Get all default appointment services",1038,1038,-,0,0.09,2,47,150,923,1887,4382,180,363
2025-08-04T21:52:46.106566483,"Get all visits of the given location with date",1038,1038,-,0,0.09,26,7441,13074,22829,36631,42840,8714,7736
2025-08-04T21:52:46.106566483,"Add a lab order",1491,1491,-,0,0.13,23,964,2256,5160,8119,10626,1571,1786
2025-08-04T21:52:46.106566483,"Get medication request encounters",4383,4383,-,0,0.38,79,13817,30809,54364,69650,91297,18419,17979
2025-08-04T21:52:46.106566483,"Get All Form Encounters",835,835,-,0,0.07,15,1203,2089,3824,5164,7488,1474,1204
2025-08-04T21:52:46.106566483,"Get All Forms",835,835,-,0,0.07,8,544,1368,3431,5612,9833,990,1242
2025-08-04T21:52:46.106566483,"Get patient age",28945,28945,-,0,2.54,3,170,362,1177,2336,7835,316,439
2025-08-04T21:52:46.106566483,"Get patient identification photo",107759,107759,-,0,9.45,4,116,359,1406,2781,9679,331,554
2025-08-04T21:52:46.106566483,"Get Person Attributes",1438,1438,-,0,0.13,4,155,324,1086,1877,3100,281,385
2025-08-04T21:52:46.106566483,"Get Patient Identifiers",1438,1438,-,0,0.13,5,182,436,1457,3499,9605,379,624
2025-08-04T21:52:46.106566483,"Get Relationships of Person",1438,1438,-,0,0.13,4,176,417,1485,2144,4214,352,486
2025-08-04T21:52:46.106566483,"Create a patient list",2203,2203,-,0,0.19,11,342,897,2317,3727,7302,669,832
2025-08-04T21:52:46.106566483,"Get queue entry number",705,705,-,0,0.06,1,11,24,378,793,2046,54,164
2025-08-04T21:52:46.106566483,"Get All Providers",3441,3441,-,0,0.3,4,194,728,2379,4830,8184,553,850
2025-08-04T21:52:46.106566483,"Submit visit queue entry",705,705,-,0,0.06,29,635,1546,4233,6879,9893,1128,1408
2025-08-04T21:52:46.106566483,"Get Patient Allergy Intolerance",1461,1461,-,0,0.13,2,373,1216,3726,7160,11409,930,1391
2025-08-04T21:52:46.106566483,"Get Specific Medication Requests",5844,5844,-,0,0.51,40,1558,3768,8669,11978,24939,2597,2945
2025-08-04T21:52:46.106566483,"Get Encounter With Visit and Diagnoses",1461,1461,-,0,0.13,10,239,491,1352,3199,4939,399,516
2025-08-04T21:52:46.106566483,"Save an Allergy",1966,1966,-,0,0.17,17,571,1303,2947,5003,9437,913,1029
2025-08-04T21:52:46.106566483,"Get all active Lab orders",4473,4473,-,0,0.39,5,2144,5212,12729,17804,24870,3603,4242
2025-08-04T21:52:46.106566483,"Get Lab Orders by full filler status",13419,13419,-,0,1.18,4,837,5510,29674,39732,59913,5771,9901
2025-08-04T21:52:46.106566483,"Get Clinical Form by UUID",835,835,-,0,0.07,8,212,495,1439,2880,5726,413,580
2025-08-04T21:52:46.106566483,"Get Encounter Roles",835,835,-,0,0.07,2,55,258,1074,2001,3338,244,427
2025-08-04T21:52:46.106566483,"Get Latest FHIR Encounter",835,835,-,0,0.07,12,389,849,2188,4037,6351,658,800
2025-08-04T21:52:46.106566483,"Get Encounter By UUID",835,835,-,0,0.07,11,446,904,2254,4625,7116,711,826
2025-08-04T21:52:46.106566483,"Get Locations Search Set",895,895,-,0,0.08,5,98,347,1530,2268,7014,324,563
2025-08-04T21:52:46.106566483,"Get patient list details",2203,2203,-,0,0.19,6,159,498,1453,2364,4334,378,514
2025-08-04T21:52:46.106566483,"Change the session location",895,895,-,0,0.08,4,101,475,1637,4360,6786,403,714
2025-08-04T21:52:46.106566483,"Fetch members of patient list",2203,2203,-,0,0.19,4,93,394,1324,2379,6558,326,534
2025-08-04T21:52:46.106566483,"Get service concept set",705,705,-,0,0.06,2,46,221,1189,2293,3526,237,452
2025-08-04T21:52:46.106566483,"Get Concept",49587,49587,-,0,4.35,6,299,652,1739,3115,12257,507,608
2025-08-04T21:52:46.106566483,"Submit new Service queue",705,705,-,0,0.06,11,231,832,3390,5317,8033,730,1116
2025-08-04T21:52:46.106566483,"Get Order Entry Config",1461,1461,-,0,0.13,23,739,1285,3039,4792,11204,980,1021
2025-08-04T21:52:46.106566483,"Get ValueSet by UUID",4383,4383,-,0,0.38,15,446,985,2698,4117,9629,730,887
2025-08-04T21:52:46.106566483,"Get Medication Request by UUID",4383,4383,-,0,0.38,34,982,2203,4978,7179,13934,1538,1682
2025-08-04T21:52:46.106566483,"Get Medication by UUID",1461,1461,-,0,0.13,2,31,105,667,2394,3460,142,316
2025-08-04T21:52:46.106566483,"Search Medication by Code",1461,1461,-,0,0.13,6,78,183,943,2008,7055,211,396
2025-08-04T21:52:46.106566483,"Edit patient details",1438,1438,-,0,0.13,24,742,1367,3526,5468,10097,1063,1108
2025-08-04T21:52:46.106566483,"Check Appointment Conflicts",519,519,-,0,0.05,7,188,491,1505,3285,6153,401,589
2025-08-04T21:52:46.106566483,"Create Appointment",519,519,-,0,0.05,14,352,613,1644,3297,4632,514,612
2025-08-04T21:52:46.106566483,"Get patient admission note",8722,8722,-,0,0.76,5,291,759,1949,3807,8416,566,697
2025-08-04T21:52:46.106566483,"Submit transition request",705,705,-,0,0.06,39,679,1338,3086,4526,6171,956,986
2025-08-04T21:52:46.106566483,"End Visit",5906,5906,-,0,0.52,30,783,1500,3455,5061,10725,1111,1137
2025-08-04T21:52:46.106566483,"Generate OMRS Identifier",1768,1768,-,0,0.16,18,531,1087,2538,4188,8041,832,869
2025-08-04T21:52:46.106566483,"Send Patient Registration Request",1768,1768,-,0,0.16,40,1062,1993,4124,6333,9781,1436,1361
2025-08-04T21:52:46.106566483,"Update full filler status",2982,2982,-,0,0.26,10,269,530,1596,3161,5941,442,582
2025-08-04T21:52:46.106566483,"Save a clinical form",835,835,-,0,0.07,27,1743,3604,7316,10634,20283,2472,2577
2025-08-04T21:52:46.106566483,"Dispense medication form submission",1461,1461,-,0,0.13,50,1726,4131,8534,11550,21932,2705,2926
2025-08-04T21:52:46.106566483,"Submit Appointment StatusChange",1038,1038,-,0,0.09,9,273,605,1854,3500,6098,493,668
2025-08-04T21:52:46.106566483,"Get Patient Encounters",835,835,-,0,0.07,163,8234,15576,26371,30703,38699,10084,8177
2025-08-04T21:52:46.106566483,"Get Lab Results of Patient",1670,1670,-,0,0.15,11,1769,4278,10357,15201,26480,3048,3482
2025-08-04T21:52:46.106566483,"Get specific encounter details",1491,1491,-,0,0.13,8,262,605,1824,3431,6694,490,665
2025-08-04T21:52:46.106566483,"Get Alkaline concept details",1491,1491,-,0,0.13,3,69,253,1175,2122,4795,251,454
2025-08-04T21:52:46.106566483,"Update the specific encounter",1491,1491,-,0,0.13,26,806,1905,4315,7268,14159,1351,1613
2025-08-04T21:52:46.106566483,"Update the Lab Order Completion",1491,1491,-,0,0.13,20,770,1665,4091,6240,8964,1192,1333
2025-08-04T21:52:46.106566483,"Get Visits With Diagnoses and Notes (new endpoint)",835,835,-,0,0.07,11,537,1216,3192,4785,7127,904,1029
2025-08-04T21:52:46.106566483,"Close medication",1461,1461,-,0,0.13,19,583,1427,3884,5529,9356,1061,1313
2025-08-04T21:52:46.106566483,"Discontinue the drug order",1461,1461,-,0,0.13,24,796,1762,4102,5926,10672,1249,1393
2025-08-04T21:52:46.106566483,"Get Drug Orders except the cancelled and expired",835,835,-,0,0.07,8,1351,2980,6621,10518,15259,2060,2237
2025-08-04T21:52:46.106566483,"Get Drug Orders except the discontinued orders",835,835,-,0,0.07,7,1340,2794,6426,8966,14251,1985,2070
2025-08-04T21:52:46.106566483,"Get Observation Tree Details",2505,2505,-,0,0.22,6,1426,5825,17173,25171,42346,4209,5900
2025-08-04T21:52:46.106566483,"Search for Condition",1670,1670,-,0,0.15,6,182,531,1593,3179,5097,430,605
2025-08-04T21:52:46.106566483,"Save Conditions",835,835,-,0,0.07,10,365,952,2291,4053,7973,678,835
2025-08-04T21:52:46.106566483,"Get Immunizations of Patient",2505,2505,-,0,0.22,2,231,1757,6669,11467,22317,1376,2416
2025-08-04T21:52:46.106566483,"Get all immunizations",835,835,-,0,0.07,9,276,597,1707,3410,4570,490,622
2025-08-04T21:52:46.106566483,"Submit Patient immunization",835,835,-,0,0.07,41,2705,5549,10801,14215,19400,3611,3444
2025-08-04T21:52:46.106566483,"Get Attachments of Patient",1670,1670,-,0,0.15,6,373,846,2201,3266,6345,630,743
2025-08-04T21:52:46.106566483,"Get Allowed File Extensions",835,835,-,0,0.07,2,51,194,1013,1946,3532,205,377
2025-08-04T21:52:46.106566483,"Get Programs",1670,1670,-,0,0.15,10,315,600,1532,2680,4990,494,562
2025-08-04T21:52:46.106566483,"Add new program to patient",835,835,-,0,0.07,10,548,1203,3244,5098,7595,912,1073
2025-08-04T21:52:46.106566483,"Complete the program",835,835,-,0,0.07,13,518,1178,3016,5260,9538,866,1029
2025-08-04T21:52:46.106566483,"Upload Attachment Request",835,834,1,0.12,0.07,198,9307,10642,13130,16307,20452,8351,3759
2025-08-04T21:52:46.106566483,"Save Visit Note",835,835,-,0,0.07,18,1009,2323,5681,7756,10631,1621,1796
2025-08-04T21:52:46.106566483,"Save Patient Diagnosis",1670,1670,-,0,0.15,8,406,958,2502,4247,6937,712,868
2025-08-13T21:11:36.094059963,"Login",13073,13073,-,0,1.15,5,143,563,1839,5197,8439,446,700
2025-08-13T21:11:36.094059963,"Get locations",14783,14783,-,0,1.3,31,509,872,2031,3872,10668,706,711
2025-08-13T21:11:36.094059963,"Select Location",13073,13073,-,0,1.15,2,89,461,1777,4890,7808,373,648
2025-08-13T21:11:36.094059963,"Get Address Template",16228,16228,-,0,1.42,1,29,96,828,2712,8095,149,364
2025-08-13T21:11:36.094059963,"Get Relationship Types",16228,16228,-,0,1.42,3,60,205,1003,2504,7524,228,441
2025-08-13T21:11:36.094059963,"Get Appointments for Specific Date",13073,13073,-,0,1.15,13,446,1050,2609,4906,14183,772,936
2025-08-13T21:11:36.094059963,"Get Module Information",17685,17685,-,0,1.55,1,33,112,1009,1354,5164,149,334
2025-08-13T21:11:36.094059963,"Get Patient Identifier Types",16228,16228,-,0,1.42,3,88,257,1102,2320,6550,256,434
2025-08-13T21:11:36.094059963,"Get Primary Identifier Term Mapping",28042,28042,-,0,2.46,3,86,325,1181,2771,8915,302,528
2025-08-13T21:11:36.094059963,"Get Identifier Source",29301,29301,-,0,2.57,3,102,353,1238,2878,7661,322,540
2025-08-13T21:11:36.094059963,"Get Locations by Tag and Query",17931,17931,-,0,1.57,4,128,456,1638,3048,7226,382,627
2025-08-13T21:11:36.094059963,"Get Visits",13585,13585,-,0,1.19,10,5652,11052,18848,25052,32937,6903,6236
2025-08-13T21:11:36.094059963,"Get Auto Generation Options",16228,16228,-,0,1.42,7,265,885,2691,5277,10814,659,940
2025-08-13T21:11:36.094059963,"Get Queue Entry",15661,15661,-,0,1.37,6,259,1206,5225,11010,25380,1157,2141
2025-08-13T21:11:36.094059963,"Get Visit Types",6315,6315,-,0,0.55,2,45,197,914,2216,6180,210,416
2025-08-13T21:11:36.094059963,"Get Current Visit of Patient",11816,11816,-,0,1.04,44,5125,13388,29435,42035,74545,8888,9778
2025-08-13T21:11:36.094059963,"Get Visits of Patient",12635,12635,-,0,1.11,42,2418,4808,9427,12899,24022,3246,3060
2025-08-13T21:11:36.094059963,"Get Program Enrollments of Patient",8260,8260,-,0,0.72,4,329,687,1828,3898,6407,535,655
2025-08-13T21:11:36.094059963,"Get Visit Queue Entry",12507,12507,-,0,1.1,8,213,495,1715,2376,7039,415,571
2025-08-13T21:11:36.094059963,"Get Appointments of a Patient",6622,6622,-,0,0.58,2,48,236,1192,2582,5266,240,485
2025-08-13T21:11:36.094059963,"Get Patient Summary Data",13672,13672,-,0,1.2,6,175,378,1252,2684,7101,338,485
2025-08-13T21:11:36.094059963,"Get Active Visits of Patient",121916,121916,-,0,10.69,4,107,341,1536,1978,9924,313,532
2025-08-13T21:11:36.094059963,"Get isVisitsEnabled",9149,9149,-,0,0.8,2,57,263,1140,2614,5470,264,495
2025-08-13T21:11:36.094059963,"Get the status of patient death",113749,113749,-,0,9.97,3,85,223,1049,1735,8760,228,410
2025-08-13T21:11:36.094059963,"Get all the constraints on the vital concepts",9149,9149,-,0,0.8,4,100,327,1323,3423,5633,311,513
2025-08-13T21:11:36.094059963,"Get Patient Observations",27755,27755,-,0,2.43,1,1311,5752,15566,21360,35584,3882,5311
2025-08-13T21:11:36.094059963,"Get Patient Conditions",10437,10437,-,0,0.92,1,1069,3921,10990,17106,29188,2771,3856
2025-08-13T21:11:36.094059963,"Get Active Orders",8799,8799,-,0,0.77,6,634,1869,5097,8597,15591,1339,1769
2025-08-13T21:11:36.094059963,"Get Admission Location Info",1782,1782,-,0,0.16,6,117,413,1558,3338,7585,356,592
2025-08-13T21:11:36.094059963,"Get Admission Info",1782,1782,-,0,0.16,30,735,1799,4378,7294,17763,1321,1718
2025-08-13T21:11:36.094059963,"Get Inpatient Request",1782,1782,-,0,0.16,14,583,4676,45688,69514,87615,7280,15529
2025-08-13T21:11:36.094059963,"Get Patients",2095,2093,2,0.1,0.18,12,21085,52526,69997,78494,94937,27745,25803
2025-08-13T21:11:36.094059963,"Submit Visit Form",5803,5803,-,0,0.51,12,387,971,2652,5410,8757,733,946
2025-08-13T21:11:36.094059963,"Get Locations That Support Visits",2607,2607,-,0,0.23,5,105,314,1253,2675,5834,288,494
2025-08-13T21:11:36.094059963,"Get Beds for Patient",1782,1782,-,0,0.16,4,128,329,1512,2121,6150,299,485
2025-08-13T21:11:36.094059963,"Save Ward Encounter",4455,4455,-,0,0.39,13,627,2054,6242,8887,18782,1552,2195
2025-08-13T21:11:36.094059963,"Get Order Types",1432,1432,-,0,0.13,3,63,219,1079,2894,4897,230,436
2025-08-13T21:11:36.094059963,"Save Vitals",1936,1936,-,0,0.17,85,3979,8297,15146,19359,27265,5364,4863
2025-08-13T21:11:36.094059963,"Get Vitals concept reference ranges",1782,1782,-,0,0.16,41,1167,2178,4645,7003,13469,1563,1582
2025-08-13T21:11:36.094059963,"Get Specific Visit Details",7334,7334,-,0,0.64,7,285,693,2130,3535,8520,549,731
2025-08-13T21:11:36.094059963,"Get Transfer Locations configuration data",1782,1782,-,0,0.16,53,2323,6604,14362,18301,24277,4072,4685
2025-08-13T21:11:36.094059963,"Get Transferable locations",1782,1782,-,0,0.16,32,648,971,2032,3566,5276,754,667
2025-08-13T21:11:36.094059963,"Search for Drug",2864,2864,-,0,0.25,2,46,264,1145,2964,6860,248,513
2025-08-13T21:11:36.094059963,"Save Drug Order",1432,1432,-,0,0.13,40,1440,3256,6881,10173,15985,2176,2302
2025-08-13T21:11:36.094059963,"Get Allergies of Patient",1936,1936,-,0,0.17,1,449,1458,4004,7002,11564,1053,1446
2025-08-13T21:11:36.094059963,"Get Drug Allergens",1936,1936,-,0,0.17,55,1554,1994,3039,4177,6696,1519,894
2025-08-13T21:11:36.094059963,"Get Environment Allergens",1936,1936,-,0,0.17,32,855,1219,2200,3691,6434,950,699
2025-08-13T21:11:36.094059963,"Get Food Allergens",1936,1936,-,0,0.17,13,339,612,1662,2925,6131,528,622
2025-08-13T21:11:36.094059963,"Get Allergic Reactions Allergens",1936,1936,-,0,0.17,16,448,731,1698,2768,5789,597,585
2025-08-13T21:11:36.094059963,"Get medication request encounters",4296,4296,-,0,0.38,85,13659,31632,54750,69706,94894,18822,18366
2025-08-13T21:11:36.094059963,"Get patient age",28601,28601,-,0,2.51,3,168,367,1171,2212,8323,319,443
2025-08-13T21:11:36.094059963,"Get All Appointment Services(full)",1536,1536,-,0,0.13,3,50,162,899,1974,3742,190,371
2025-08-13T21:11:36.094059963,"Get all patient lists",8716,8716,-,0,0.76,7,993,1544,2835,4374,7916,1104,931
2025-08-13T21:11:36.094059963,"Get all appointments for a specific day",1024,1024,-,0,0.09,3,35,81,837,3755,7370,162,440
2025-08-13T21:11:36.094059963,"Get all appointment summaries",1024,1024,-,0,0.09,8,117,399,1645,2768,6135,363,591
2025-08-13T21:11:36.094059963,"Get Appointment By Status",4096,4096,-,0,0.36,2,36,84,914,3171,4242,141,314
2025-08-13T21:11:36.094059963,"Get Person Attribute Type",3155,3155,-,0,0.28,2,74,250,1100,2135,4954,258,469
2025-08-13T21:11:36.094059963,"Get Ordered Address Hierarchy Levels",3155,3155,-,0,0.28,1,17,31,527,1040,5105,78,249
2025-08-13T21:11:36.094059963,"Get Orders of admitted patient by Activated Date",4247,4247,-,0,0.37,5,260,696,2136,3604,7020,547,764
2025-08-13T21:11:36.094059963,"Get all default appointment services",1024,1024,-,0,0.09,3,52,194,1044,1769,6210,211,436
2025-08-13T21:11:36.094059963,"Get all visits of the given location with date",1024,1024,-,0,0.09,29,8071,13251,21978,33897,40270,9018,7381
2025-08-13T21:11:36.094059963,"Get All Form Encounters",819,819,-,0,0.07,14,1259,2064,4157,6470,7764,1531,1341
2025-08-13T21:11:36.094059963,"Get All Forms",819,819,-,0,0.07,9,609,1467,3517,5235,7249,1004,1162
2025-08-13T21:11:36.094059963,"Get the details of a orderType",1457,1457,-,0,0.13,3,74,290,1157,2488,5033,262,473
2025-08-13T21:11:36.094059963,"Get all Lab order details",1457,1457,-,0,0.13,14,381,643,1570,2891,5562,517,537
2025-08-13T21:11:36.094059963,"Add a lab order",1457,1457,-,0,0.13,24,1009,2264,5031,8125,12420,1564,1718
2025-08-13T21:11:36.094059963,"Get Patient Allergy Intolerance",1432,1432,-,0,0.13,2,384,1323,4232,5844,10660,964,1390
2025-08-13T21:11:36.094059963,"Get patient identification photo",106382,106382,-,0,9.33,5,117,362,1328,2597,10335,338,562
2025-08-13T21:11:36.094059963,"Get Specific Medication Requests",5728,5728,-,0,0.5,41,1557,3831,8665,12747,20080,2606,2861
2025-08-13T21:11:36.094059963,"Get Person Attributes",1418,1418,-,0,0.12,3,149,348,1144,2804,7672,300,475
2025-08-13T21:11:36.094059963,"Get Patient Identifiers",1418,1418,-,0,0.12,5,184,436,1432,2793,5142,374,528
2025-08-13T21:11:36.094059963,"Get Relationships of Person",1418,1418,-,0,0.12,4,178,444,1322,2596,4168,366,526
2025-08-13T21:11:36.094059963,"Get Encounter With Visit and Diagnoses",1432,1432,-,0,0.13,10,232,462,1537,2346,6202,410,565
2025-08-13T21:11:36.094059963,"Get All Providers",3376,3376,-,0,0.3,4,215,806,2478,4369,7898,591,901
2025-08-13T21:11:36.094059963,"Create a patient list",2179,2179,-,0,0.19,11,365,926,2223,3715,5398,664,770
2025-08-13T21:11:36.094059963,"Get queue entry number",692,692,-,0,0.06,1,11,23,360,2358,3265,60,206
2025-08-13T21:11:36.094059963,"Submit visit queue entry",692,692,-,0,0.06,29,616,1562,4363,7084,11132,1204,1536
2025-08-13T21:11:36.094059963,"Save an Allergy",1936,1936,-,0,0.17,16,575,1287,3082,4941,12594,934,1051
2025-08-13T21:11:36.094059963,"Get Clinical Form by UUID",819,819,-,0,0.07,8,213,489,1442,2720,4029,409,539
2025-08-13T21:11:36.094059963,"Get Encounter Roles",819,819,-,0,0.07,2,57,233,1001,2419,4046,236,460
2025-08-13T21:11:36.094059963,"Get Latest FHIR Encounter",819,819,-,0,0.07,13,381,812,2067,3278,4728,616,685
2025-08-13T21:11:36.094059963,"Get Encounter By UUID",819,819,-,0,0.07,11,430,897,2085,4134,6017,690,785
2025-08-13T21:11:36.094059963,"Get Locations Search Set",891,891,-,0,0.08,6,105,340,1525,2823,4140,334,581
2025-08-13T21:11:36.094059963,"Change the session location",891,891,-,0,0.08,4,100,475,2013,3277,6212,416,713
2025-08-13T21:11:36.094059963,"Get Order Entry Config",1432,1432,-,0,0.13,22,746,1369,2933,5014,9108,995,987
2025-08-13T21:11:36.094059963,"Get ValueSet by UUID",4296,4296,-,0,0.38,16,438,936,2543,4104,11981,735,893
2025-08-13T21:11:36.094059963,"Get patient list details",2179,2179,-,0,0.19,6,150,513,1576,2346,6370,401,581
2025-08-13T21:11:36.094059963,"Get Medication Request by UUID",4296,4296,-,0,0.38,35,1002,2344,4881,7525,14797,1578,1711
2025-08-13T21:11:36.094059963,"Fetch members of patient list",2179,2179,-,0,0.19,4,90,397,1344,2734,5141,335,547
2025-08-13T21:11:36.094059963,"Get service concept set",692,692,-,0,0.06,3,44,182,1061,1735,5309,209,434
2025-08-13T21:11:36.094059963,"Get Medication by UUID",1432,1432,-,0,0.13,2,34,114,716,2193,5525,155,399
2025-08-13T21:11:36.094059963,"Get Concept",49204,49204,-,0,4.31,6,306,606,1598,2696,9440,500,591
2025-08-13T21:11:36.094059963,"Submit new Service queue",692,692,-,0,0.06,10,246,1007,2887,4632,10633,761,1181
2025-08-13T21:11:36.094059963,"Search Medication by Code",1432,1432,-,0,0.13,6,85,212,1023,2305,4392,232,417
2025-08-13T21:11:36.094059963,"Get all active Lab orders",4371,4371,-,0,0.38,20,2434,6285,13569,19969,32516,4077,4512
2025-08-13T21:11:36.094059963,"Get Lab Orders by full filler status",13113,13113,-,0,1.15,4,880,5467,32398,41974,56038,5885,10077
2025-08-13T21:11:36.094059963,"Edit patient details",1418,1418,-,0,0.12,25,788,1492,3261,5085,8351,1097,1087
2025-08-13T21:11:36.094059963,"Check Appointment Conflicts",512,512,-,0,0.04,8,193,507,1679,2920,4013,426,600
2025-08-13T21:11:36.094059963,"Create Appointment",512,512,-,0,0.04,16,368,633,1696,3019,3952,509,570
2025-08-13T21:11:36.094059963,"Get patient admission note",7630,7630,-,0,0.67,5,302,792,2093,3700,7554,600,749
2025-08-13T21:11:36.094059963,"Submit transition request",692,692,-,0,0.06,39,651,1271,3086,5076,6831,953,1019
2025-08-13T21:11:36.094059963,"End Visit",5803,5803,-,0,0.51,31,813,1544,3508,5754,9825,1135,1147
2025-08-13T21:11:36.094059963,"Generate OMRS Identifier",1737,1737,-,0,0.15,18,526,1078,2748,4634,8257,854,924
2025-08-13T21:11:36.094059963,"Send Patient Registration Request",1737,1737,-,0,0.15,42,1044,2011,4325,5962,10065,1460,1368
2025-08-13T21:11:36.094059963,"Save a clinical form",819,819,-,0,0.07,28,1665,3835,7635,10256,15687,2515,2485
2025-08-13T21:11:36.094059963,"Dispense medication form submission",1432,1432,-,0,0.13,50,1796,4371,9067,13797,18453,2838,3004
2025-08-13T21:11:36.094059963,"Update full filler status",2914,2914,-,0,0.26,10,273,556,1608,2622,5450,448,556
2025-08-13T21:11:36.094059963,"Submit Appointment StatusChange",1024,1024,-,0,0.09,9,288,674,1866,3762,7107,528,695
2025-08-13T21:11:36.094059963,"Get Patient Encounters",819,819,-,0,0.07,73,8718,16321,26069,32561,44629,10475,8360
2025-08-13T21:11:36.094059963,"Get Lab Results of Patient",1638,1638,-,0,0.14,2,1776,4158,9325,14647,20480,2898,3169
2025-08-13T21:11:36.094059963,"Get Visits With Diagnoses and Notes (new endpoint)",819,819,-,0,0.07,15,540,1282,3069,4788,7446,937,1056
2025-08-13T21:11:36.094059963,"Get specific encounter details",1457,1457,-,0,0.13,9,269,641,1621,3313,5519,487,622
2025-08-13T21:11:36.094059963,"Get Alkaline concept details",1457,1457,-,0,0.13,3,72,296,1186,2696,5051,277,506
2025-08-13T21:11:36.094059963,"Update the specific encounter",1457,1457,-,0,0.13,27,894,1985,4581,7864,13377,1410,1613
2025-08-13T21:11:36.094059963,"Update the Lab Order Completion",1457,1457,-,0,0.13,22,792,1696,3999,6585,8800,1233,1376
2025-08-13T21:11:36.094059963,"Close medication",1432,1432,-,0,0.13,20,609,1464,3773,5867,10079,1052,1245
2025-08-13T21:11:36.094059963,"Discontinue the drug order",1432,1432,-,0,0.13,24,844,1811,4085,6687,11952,1270,1394
2025-08-13T21:11:36.094059963,"Get Drug Orders except the cancelled and expired",819,819,-,0,0.07,8,1336,2798,6741,9458,14286,2024,2158
2025-08-13T21:11:36.094059963,"Get Drug Orders except the discontinued orders",819,819,-,0,0.07,7,1351,2914,6637,9854,17273,2060,2254
2025-08-13T21:11:36.094059963,"Get Observation Tree Details",2457,2457,-,0,0.22,6,1466,5741,17222,25341,37052,4197,5802
2025-08-13T21:11:36.094059963,"Search for Condition",1638,1638,-,0,0.14,7,184,531,1608,3125,6262,426,589
2025-08-13T21:11:36.094059963,"Save Conditions",819,819,-,0,0.07,11,377,905,2399,3911,5465,675,796
2025-08-13T21:11:36.094059963,"Get Immunizations of Patient",2457,2457,-,0,0.22,2,232,1797,7245,12937,26398,1498,2660
2025-08-13T21:11:36.094059963,"Get all immunizations",819,819,-,0,0.07,9,292,669,1966,3244,5268,545,680
2025-08-13T21:11:36.094059963,"Submit Patient immunization",819,819,-,0,0.07,42,2812,6140,11057,14376,18462,3897,3639
2025-08-13T21:11:36.094059963,"Get Attachments of Patient",1638,1638,-,0,0.14,8,392,880,2089,4306,6802,669,824
2025-08-13T21:11:36.094059963,"Get Allowed File Extensions",819,819,-,0,0.07,2,53,231,1093,1939,3552,222,387
2025-08-13T21:11:36.094059963,"Get Programs",1638,1638,-,0,0.14,10,346,658,1773,2758,4676,529,586
2025-08-13T21:11:36.094059963,"Add new program to patient",819,819,-,0,0.07,12,550,1228,3539,5768,8951,956,1197
2025-08-13T21:11:36.094059963,"Complete the program",819,819,-,0,0.07,14,553,1224,3556,5871,6906,957,1159
2025-08-13T21:11:36.094059963,"Upload Attachment Request",819,814,5,0.61,0.07,130,9257,10840,13478,15516,18593,8486,3695
2025-08-13T21:11:36.094059963,"Save Visit Note",819,819,-,0,0.07,20,1141,2446,4864,7618,16191,1657,1770
2025-08-13T21:11:36.094059963,"Save Patient Diagnosis",1638,1638,-,0,0.14,9,409,969,2490,3740,7522,726,884
2025-08-15T10:28:37.204135669,"Login",12944,12944,-,0,1.13,5,150,573,1811,3849,8532,463,728
2025-08-15T10:28:37.204135669,"Get locations",14638,14638,-,0,1.28,32,525,870,2161,3584,8632,725,730
2025-08-15T10:28:37.204135669,"Select Location",12944,12944,-,0,1.13,3,87,458,1825,4683,7380,380,667
2025-08-15T10:28:37.204135669,"Get Address Template",16068,16068,-,0,1.41,1,30,102,1047,4291,6489,155,367
2025-08-15T10:28:37.204135669,"Get Relationship Types",16068,16068,-,0,1.41,2,62,209,994,2465,6777,234,452
2025-08-15T10:28:37.204135669,"Get Appointments for Specific Date",12944,12944,-,0,1.13,13,458,1013,2741,3798,9456,769,936
2025-08-15T10:28:37.204135669,"Get Module Information",17519,17519,-,0,1.53,1,36,111,952,1180,5171,147,320
2025-08-15T10:28:37.204135669,"Get Patient Identifier Types",16068,16068,-,0,1.41,3,90,247,1104,2421,7826,261,458
2025-08-15T10:28:37.204135669,"Get Primary Identifier Term Mapping",27763,27763,-,0,2.43,3,91,355,1442,2461,8040,313,542
2025-08-15T10:28:37.204135669,"Get Identifier Source",29012,29012,-,0,2.54,3,105,378,1511,2844,10329,340,577
2025-08-15T10:28:37.204135669,"Get Locations by Tag and Query",17736,17736,-,0,1.55,4,133,479,1928,7478,10886,391,635
2025-08-15T10:28:37.204135669,"Get Visits",13447,13447,-,0,1.18,11,5782,11076,18877,24086,36308,6942,6214
2025-08-15T10:28:37.204135669,"Get Auto Generation Options",16068,16068,-,0,1.41,7,259,908,2512,4972,13528,687,989
2025-08-15T10:28:37.204135669,"Get Queue Entry",15475,15475,-,0,1.35,6,304,1393,5047,9089,20167,1111,1839
2025-08-15T10:28:37.204135669,"Get Visit Types",6243,6243,-,0,0.55,2,48,180,1570,1687,6700,210,433
2025-08-15T10:28:37.204135669,"Get Current Visit of Patient",11737,11737,-,0,1.03,34,5188,13577,29512,42897,68104,9039,9896
2025-08-15T10:28:37.204135669,"Get Visits of Patient",12557,12557,-,0,1.1,38,2449,4842,9129,13187,24733,3259,3009
2025-08-15T10:28:37.204135669,"Get Program Enrollments of Patient",8200,8200,-,0,0.72,4,342,709,1994,3155,7267,546,662
2025-08-15T10:28:37.204135669,"Get Visit Queue Entry",12416,12416,-,0,1.09,8,222,499,1645,3132,7582,433,599
2025-08-15T10:28:37.204135669,"Get Appointments of a Patient",6560,6560,-,0,0.57,2,49,257,1071,2512,6970,243,476
2025-08-15T10:28:37.204135669,"Get Patient Summary Data",13545,13545,-,0,1.19,7,180,370,1244,2896,7721,341,482
2025-08-15T10:28:37.204135669,"Get Active Visits of Patient",119679,119679,-,0,10.47,4,113,397,1661,7781,10453,320,537
2025-08-15T10:28:37.204135669,"Get isVisitsEnabled",9061,9061,-,0,0.79,2,59,298,1359,2451,6521,270,505
2025-08-15T10:28:37.204135669,"Get the status of patient death",111545,111545,-,0,9.76,3,89,215,1127,1623,8232,234,414
2025-08-15T10:28:37.204135669,"Get all the constraints on the vital concepts",9061,9061,-,0,0.79,4,104,335,1391,3125,7360,320,537
2025-08-15T10:28:37.204135669,"Get Patient Observations",27523,27523,-,0,2.41,1,1422,5747,16017,24609,41491,3987,5475
2025-08-15T10:28:37.204135669,"Get Patient Conditions",10369,10369,-,0,0.91,1,1131,3924,11125,17361,35710,2808,3885
2025-08-15T10:28:37.204135669,"Get Active Orders",8729,8729,-,0,0.76,7,671,1814,5112,8660,16629,1348,1775
2025-08-15T10:28:37.204135669,"Get Admission Location Info",1748,1748,-,0,0.15,6,125,390,1668,4186,5713,379,634
2025-08-15T10:28:37.204135669,"Get Admission Info",1748,1748,-,0,0.15,27,667,1696,4250,8178,18993,1314,1752
2025-08-15T10:28:37.204135669,"Get Inpatient Request",1748,1748,-,0,0.15,14,695,7337,46786,73347,89665,7958,15942
2025-08-15T10:28:37.204135669,"Get Patients",2053,2051,2,0.1,0.18,14,24141,53572,71763,80537,97501,28649,25738
2025-08-15T10:28:37.204135669,"Submit Visit Form",5740,5740,-,0,0.5,12,392,1015,2821,3838,10409,720,908
2025-08-15T10:28:37.204135669,"Get Locations That Support Visits",2556,2556,-,0,0.22,5,107,271,1266,2465,6428,281,486
2025-08-15T10:28:37.204135669,"Get Beds for Patient",1748,1748,-,0,0.15,4,133,332,1276,2331,5468,300,487
2025-08-15T10:28:37.204135669,"Save Ward Encounter",4370,4370,-,0,0.38,14,668,2031,6666,11824,19513,1612,2352
2025-08-15T10:28:37.204135669,"Get Order Types",1416,1416,-,0,0.12,3,65,170,1034,2090,3794,210,398
2025-08-15T10:28:37.204135669,"Save Vitals",1918,1918,-,0,0.17,83,4058,8408,14769,19867,32712,5449,4857
2025-08-15T10:28:37.204135669,"Get Vitals concept reference ranges",1748,1748,-,0,0.15,40,1197,2184,4491,6444,9359,1577,1494
2025-08-15T10:28:37.204135669,"Get Specific Visit Details",7299,7299,-,0,0.64,7,295,709,2025,3364,8383,560,736
2025-08-15T10:28:37.204135669,"Get Transfer Locations configuration data",1748,1748,-,0,0.15,53,2557,6412,14533,19225,26244,4194,4751
2025-08-15T10:28:37.204135669,"Get Transferable locations",1748,1748,-,0,0.15,32,681,1009,2064,3034,5605,785,676
2025-08-15T10:28:37.204135669,"Search for Drug",2832,2832,-,0,0.25,2,47,210,1128,2978,6180,244,499
2025-08-15T10:28:37.204135669,"Save Drug Order",1416,1416,-,0,0.12,39,1524,3214,6408,9465,16624,2141,2111
2025-08-15T10:28:37.204135669,"Get Allergies of Patient",1918,1918,-,0,0.17,2,472,1492,4218,6989,13702,1087,1518
2025-08-15T10:28:37.204135669,"Get Drug Allergens",1918,1918,-,0,0.17,57,1525,1966,2942,4247,9171,1494,891
2025-08-15T10:28:37.204135669,"Get Environment Allergens",1918,1918,-,0,0.17,32,876,1217,2296,3346,4935,960,683
2025-08-15T10:28:37.204135669,"Get Food Allergens",1918,1918,-,0,0.17,13,345,655,1702,2700,5722,539,599
2025-08-15T10:28:37.204135669,"Get Allergic Reactions Allergens",1918,1918,-,0,0.17,16,445,718,1762,3463,8827,607,641
2025-08-15T10:28:37.204135669,"Get medication request encounters",4248,4248,-,0,0.37,72,14035,31452,56624,76625,103882,19155,18808
2025-08-15T10:28:37.204135669,"Get patient age",28360,28360,-,0,2.48,4,170,356,1291,2081,7281,321,444
2025-08-15T10:28:37.204135669,"Get All Appointment Services(full)",1509,1509,-,0,0.13,2,53,183,886,2695,4103,192,369
2025-08-15T10:28:37.204135669,"Get all appointments for a specific day",1006,1006,-,0,0.09,4,37,75,852,2131,4049,153,382
2025-08-15T10:28:37.204135669,"Get all appointment summaries",1006,1006,-,0,0.09,16,349,732,1904,3602,6199,563,680
2025-08-15T10:28:37.204135669,"Get all patient lists",8648,8648,-,0,0.76,7,1016,1569,2901,4147,10116,1127,949
2025-08-15T10:28:37.204135669,"Get Person Attribute Type",3124,3124,-,0,0.27,2,76,262,1206,2075,6583,260,476
2025-08-15T10:28:37.204135669,"Get Ordered Address Hierarchy Levels",3124,3124,-,0,0.27,1,18,34,621,2154,2636,82,222
2025-08-15T10:28:37.204135669,"Get Appointment By Status",4024,4024,-,0,0.35,4,47,274,2059,2810,9981,321,725
2025-08-15T10:28:37.204135669,"Get the details of a orderType",1451,1451,-,0,0.13,3,74,287,1177,2251,4890,277,500
2025-08-15T10:28:37.204135669,"Get all default appointment services",1006,1006,-,0,0.09,2,53,166,1147,2358,4617,207,443
2025-08-15T10:28:37.204135669,"Get all Lab order details",1451,1451,-,0,0.13,14,376,641,1605,2592,6070,533,585
2025-08-15T10:28:37.204135669,"Get Orders of admitted patient by Activated Date",3091,3091,-,0,0.27,6,338,904,2591,3654,7396,669,866
2025-08-15T10:28:37.204135669,"Get all visits of the given location with date",1006,1006,-,0,0.09,42,7546,13734,22231,32121,38607,8964,7483
2025-08-15T10:28:37.204135669,"Add a lab order",1451,1451,-,0,0.13,24,1035,2340,5188,8472,12917,1613,1789
2025-08-15T10:28:37.204135669,"Get patient identification photo",104232,104232,-,0,9.12,4,123,371,1441,2993,10620,347,574
2025-08-15T10:28:37.204135669,"Get Person Attributes",1401,1401,-,0,0.12,4,154,343,1050,2393,5814,297,446
2025-08-15T10:28:37.204135669,"Get Patient Identifiers",1401,1401,-,0,0.12,5,206,479,1436,2922,7040,395,560
2025-08-15T10:28:37.204135669,"Get Relationships of Person",1401,1401,-,0,0.12,5,182,431,1325,2272,4166,380,540
2025-08-15T10:28:37.204135669,"Get Patient Allergy Intolerance",1416,1416,-,0,0.12,1,405,1312,4123,6707,11714,1003,1515
2025-08-15T10:28:37.204135669,"Get Specific Medication Requests",5664,5664,-,0,0.5,41,1628,3856,8902,13053,28133,2687,3021
2025-08-15T10:28:37.204135669,"Get Encounter With Visit and Diagnoses",1416,1416,-,0,0.12,10,233,499,1590,3808,7326,418,590
2025-08-15T10:28:37.204135669,"Get All Providers",3335,3335,-,0,0.29,4,224,770,2493,6369,9079,602,924
2025-08-15T10:28:37.204135669,"Create a patient list",2162,2162,-,0,0.19,12,367,973,2592,4204,10610,728,905
2025-08-15T10:28:37.204135669,"Get queue entry number",676,676,-,0,0.06,1,12,26,462,1216,2081,70,222
2025-08-15T10:28:37.204135669,"Submit visit queue entry",676,676,-,0,0.06,32,674,1697,4342,7564,12054,1225,1545
2025-08-15T10:28:37.204135669,"Get All Form Encounters",820,820,-,0,0.07,17,1222,2105,4223,6541,9891,1558,1366
2025-08-15T10:28:37.204135669,"Get All Forms",820,820,-,0,0.07,10,575,1453,3643,5496,8113,1032,1240
2025-08-15T10:28:37.204135669,"Save an Allergy",1918,1918,-,0,0.17,15,574,1290,3425,5530,8444,976,1133
2025-08-15T10:28:37.204135669,"Get all active Lab orders",4353,4353,-,0,0.38,7,2190,5873,13009,16396,31481,3702,4259
2025-08-15T10:28:37.204135669,"Get Lab Orders by full filler status",13059,13059,-,0,1.14,5,901,6012,29853,41775,66771,5984,10138
2025-08-15T10:28:37.204135669,"Get Locations Search Set",874,874,-,0,0.08,6,108,340,1653,3130,5346,339,592
2025-08-15T10:28:37.204135669,"Change the session location",874,874,-,0,0.08,5,109,465,1927,3651,11212,430,807
2025-08-15T10:28:37.204135669,"Get Order Entry Config",1416,1416,-,0,0.12,24,771,1389,3172,5529,7946,1071,1120
2025-08-15T10:28:37.204135669,"Get ValueSet by UUID",4248,4248,-,0,0.37,16,443,959,2634,4037,8721,742,882
2025-08-15T10:28:37.204135669,"Get Medication Request by UUID",4248,4248,-,0,0.37,35,1044,2257,5231,7931,17148,1630,1786
2025-08-15T10:28:37.204135669,"Get Medication by UUID",1416,1416,-,0,0.12,2,35,110,918,1388,5741,152,367
2025-08-15T10:28:37.204135669,"Get patient list details",2162,2162,-,0,0.19,6,157,506,1569,2742,8285,411,614
2025-08-15T10:28:37.204135669,"Search Medication by Code",1416,1416,-,0,0.12,6,84,201,1287,1999,4629,242,455
2025-08-15T10:28:37.204135669,"Fetch members of patient list",2162,2162,-,0,0.19,4,101,401,1463,2399,5885,349,571
2025-08-15T10:28:37.204135669,"Get service concept set",676,676,-,0,0.06,3,48,184,1253,2272,4775,222,468
2025-08-15T10:28:37.204135669,"Get Concept",47834,47834,-,0,4.19,7,309,655,1666,3229,10945,515,602
2025-08-15T10:28:37.204135669,"Submit new Service queue",676,676,-,0,0.06,11,248,1019,3471,5843,7233,782,1190
2025-08-15T10:28:37.204135669,"Edit patient details",1401,1401,-,0,0.12,26,777,1415,3232,5326,7759,1073,1046
2025-08-15T10:28:37.204135669,"Check Appointment Conflicts",503,503,-,0,0.04,7,187,551,1627,2613,3743,432,569
2025-08-15T10:28:37.204135669,"Create Appointment",503,503,-,0,0.04,15,378,654,1705,3304,4165,536,615
2025-08-15T10:28:37.204135669,"Get Clinical Form by UUID",820,820,-,0,0.07,9,229,565,1559,2894,4888,442,561
2025-08-15T10:28:37.204135669,"Get Encounter Roles",820,820,-,0,0.07,2,58,234,1376,2227,3852,259,474
2025-08-15T10:28:37.204135669,"Get Latest FHIR Encounter",820,820,-,0,0.07,13,409,926,2560,4160,6494,725,855
2025-08-15T10:28:37.204135669,"Get Encounter By UUID",820,820,-,0,0.07,11,434,961,2492,3786,12531,746,894
2025-08-15T10:28:37.204135669,"Get patient admission note",8489,8489,-,0,0.74,5,287,737,1963,3573,7639,565,702
2025-08-15T10:28:37.204135669,"Submit transition request",676,676,-,0,0.06,40,700,1287,3243,5841,8452,1015,1127
2025-08-15T10:28:37.204135669,"End Visit",5740,5740,-,0,0.5,34,824,1575,3687,6314,14309,1192,1252
2025-08-15T10:28:37.204135669,"Generate OMRS Identifier",1723,1723,-,0,0.15,19,546,1112,2807,4195,5818,863,872
2025-08-15T10:28:37.204135669,"Send Patient Registration Request",1723,1723,-,0,0.15,43,1076,2044,4712,6892,11014,1525,1483
2025-08-15T10:28:37.204135669,"Update full filler status",2902,2902,-,0,0.25,10,274,548,1475,3767,6044,448,568
2025-08-15T10:28:37.204135669,"Dispense medication form submission",1416,1416,-,0,0.12,52,1888,4408,9504,12562,17645,2923,3058
2025-08-15T10:28:37.204135669,"Submit Appointment StatusChange",1006,1006,-,0,0.09,10,280,696,1999,3274,5312,543,715
2025-08-15T10:28:37.204135669,"Save a clinical form",820,820,-,0,0.07,30,1832,3688,7331,10689,13253,2506,2396
2025-08-15T10:28:37.204135669,"Get specific encounter details",1451,1451,-,0,0.13,9,258,605,1677,2686,7214,491,666
2025-08-15T10:28:37.204135669,"Get Alkaline concept details",1451,1451,-,0,0.13,3,74,289,1430,2495,5779,288,553
2025-08-15T10:28:37.204135669,"Update the specific encounter",1451,1451,-,0,0.13,26,878,1916,4599,6740,10073,1390,1567
2025-08-15T10:28:37.204135669,"Update the Lab Order Completion",1451,1451,-,0,0.13,22,807,1819,4307,6931,9809,1301,1506
2025-08-15T10:28:37.204135669,"Get Patient Encounters",820,820,-,0,0.07,156,8726,16022,26205,32451,47760,10516,8306
2025-08-15T10:28:37.204135669,"Get Lab Results of Patient",1640,1640,-,0,0.14,3,1878,4227,9655,13620,25795,2982,3235
2025-08-15T10:28:37.204135669,"Close medication",1416,1416,-,0,0.12,19,647,1449,3963,5848,9417,1079,1274
2025-08-15T10:28:37.204135669,"Discontinue the drug order",1416,1416,-,0,0.12,26,814,1824,4180,6798,11918,1285,1430
2025-08-15T10:28:37.204135669,"Get Visits With Diagnoses and Notes (new endpoint)",820,820,-,0,0.07,15,534,1326,3017,6381,10337,950,1144
2025-08-15T10:28:37.204135669,"Get Drug Orders except the cancelled and expired",820,820,-,0,0.07,9,1381,2916,5719,8231,13533,1980,1926
2025-08-15T10:28:37.204135669,"Get Drug Orders except the discontinued orders",820,820,-,0,0.07,7,1456,3004,6485,8923,15797,2051,2064
2025-08-15T10:28:37.204135669,"Get Observation Tree Details",2460,2460,-,0,0.22,7,1546,6175,17138,26954,44244,4368,6009
2025-08-15T10:28:37.204135669,"Search for Condition",1640,1640,-,0,0.14,7,189,515,1716,3009,3999,434,594
2025-08-15T10:28:37.204135669,"Save Conditions",820,820,-,0,0.07,10,371,933,2399,3880,5937,690,833
2025-08-15T10:28:37.204135669,"Get Immunizations of Patient",2460,2460,-,0,0.22,2,254,1708,7018,12956,21630,1465,2564
2025-08-15T10:28:37.204135669,"Get all immunizations",820,820,-,0,0.07,8,274,648,2020,3561,7843,553,785
2025-08-15T10:28:37.204135669,"Submit Patient immunization",820,820,-,0,0.07,42,2842,5769,11085,14231,18525,3817,3511
2025-08-15T10:28:37.204135669,"Get Attachments of Patient",1640,1640,-,0,0.14,8,409,887,2272,3797,6761,673,805
2025-08-15T10:28:37.204135669,"Get Allowed File Extensions",820,820,-,0,0.07,2,55,271,1148,1868,3688,236,416
2025-08-15T10:28:37.204135669,"Get Programs",1640,1640,-,0,0.14,10,326,618,1566,2806,4411,500,543
2025-08-15T10:28:37.204135669,"Add new program to patient",820,820,-,0,0.07,11,573,1402,3237,5321,9305,1002,1180
2025-08-15T10:28:37.204135669,"Complete the program",820,820,-,0,0.07,15,524,1240,2977,4900,6951,900,1033
2025-08-15T10:28:37.204135669,"Upload Attachment Request",820,817,3,0.37,0.07,506,9615,11035,13376,16222,19257,8739,3744
2025-08-15T10:28:37.204135669,"Save Visit Note",820,820,-,0,0.07,21,1090,2397,5372,8485,11553,1681,1827
2025-08-15T10:28:37.204135669,"Save Patient Diagnosis",1640,1640,-,0,0.14,9,410,1017,2540,4240,8137,755,934
2025-11-28T04:20:36.389487938,"Login",44656,44656,-,0,3.96,0,1,2,5,10,1332,2,9
2025-11-28T04:20:36.389487938,"Login Redirect 1",44656,-,44656,100,3.96,1,2,4,9,17,134,3,4
2025-11-28T04:20:36.389487938,"Get locations",51019,51019,-,0,4.52,0,1,2,6,18,1476,2,15
2025-11-28T04:20:36.389487938,"Get locations Redirect 1",51019,51019,-,0,4.52,1,2,4,9,17,174,3,4
2025-11-28T04:20:36.389487938,"Select Location",44656,44656,-,0,3.96,0,1,2,6,19,1547,2,19
2025-11-28T04:20:36.389487938,"Select Location Redirect 1",44656,44655,1,0,3.96,1,2,4,9,17,191,4,4
2025-11-28T04:20:36.389487938,"Get Address Template",53123,53123,-,0,4.71,0,1,2,5,9,1489,2,11
2025-11-28T04:20:36.389487938,"Get Address Template Redirect 1",53123,53123,-,0,4.71,1,2,4,9,17,126,3,4
2025-11-28T04:20:36.389487938,"Get Relationship Types",53123,53123,-,0,4.71,0,1,2,4,9,109,1,2
2025-11-28T04:20:36.389487938,"Get Relationship Types Redirect 1",53123,53123,-,0,4.71,1,2,4,8,17,140,3,3
2025-11-28T04:20:36.389487938,"Get Appointments for Specific Date",44656,44656,-,0,3.96,0,1,2,4,8,51,1,2
2025-11-28T04:20:36.389487938,"Get Appointments for Specific Date Redirect 1",44656,44656,-,0,3.96,1,2,4,8,17,202,3,3
2025-11-28T04:20:36.389487938,"Get Module Information",59020,59020,-,0,5.23,0,1,2,4,8,55,1,2
2025-11-28T04:20:36.389487938,"Get Module Information Redirect 1",59020,59020,-,0,5.23,1,2,4,8,16,141,3,3
2025-11-28T04:20:36.389487938,"Get Patient Identifier Types",53123,53123,-,0,4.71,0,1,2,4,8,158,1,2
2025-11-28T04:20:36.389487938,"Get Patient Identifier Types Redirect 1",53123,53123,-,0,4.71,1,2,4,8,17,135,3,3
2025-11-28T04:20:36.389487938,"Get Primary Identifier Term Mapping",96388,96388,-,0,8.54,0,1,2,4,9,639,2,3
2025-11-28T04:20:36.389487938,"Get Primary Identifier Term Mapping Redirect 1",96388,96387,1,0,8.54,1,2,4,9,17,163,3,3
2025-11-28T04:20:36.389487938,"Get Identifier Source",97779,97779,-,0,8.66,0,1,2,4,7,66,1,2
2025-11-28T04:20:36.389487938,"Get Identifier Source Redirect 1",97779,97778,1,0,8.66,1,2,3,8,16,1576,3,6
2025-11-28T04:20:36.389487938,"Get Locations by Tag and Query",66271,66271,-,0,5.87,0,1,2,4,10,1422,2,9
2025-11-28T04:20:36.389487938,"Get Locations by Tag and Query Redirect 1",66271,66271,-,0,5.87,1,2,3,8,17,184,3,3
2025-11-28T04:20:36.389487938,"Get Visits",47066,47066,-,0,4.17,0,1,2,4,8,60,1,2
2025-11-28T04:20:36.389487938,"Get Visits Redirect 1",47066,47066,-,0,4.17,1,2,3,8,16,79,3,3
2025-11-28T04:20:36.389487938,"Get Auto Generation Options",53123,53123,-,0,4.71,0,1,2,4,7,58,1,2
2025-11-28T04:20:36.389487938,"Get Auto Generation Options Redirect 1",53123,53123,-,0,4.71,1,2,3,8,16,87,3,3
2025-11-28T04:20:36.389487938,"Get Queue Entry",59885,59885,-,0,5.31,0,1,2,4,8,59,1,2
2025-11-28T04:20:36.389487938,"Get Queue Entry Redirect 1",59885,59885,-,0,5.31,1,2,4,8,16,77,3,3
2025-11-28T04:20:36.389487938,"Get Visit Types",27512,27512,-,0,2.44,0,1,2,5,47,1744,2,21
2025-11-28T04:20:36.389487938,"Get Visit Types Redirect 1",27512,27512,-,0,2.44,1,2,4,9,18,128,4,4
2025-11-28T04:20:36.389487938,"Get Current Visit of Patient",46648,46648,-,0,4.13,0,1,2,5,12,1131,2,6
2025-11-28T04:20:36.389487938,"Get Current Visit of Patient Redirect 1",46648,46648,-,0,4.13,1,2,4,9,23,131,4,4
2025-11-28T04:20:36.389487938,"Get Visits of Patient",48717,48717,-,0,4.32,0,1,2,5,10,81,2,2
2025-11-28T04:20:36.389487938,"Get Visits of Patient Redirect 1",48717,48717,-,0,4.32,1,2,4,9,19,170,3,4
2025-11-28T04:20:36.389487938,"Get Program Enrollments of Patient",31309,31309,-,0,2.77,0,1,2,5,10,50,1,2
2025-11-28T04:20:36.389487938,"Get Program Enrollments of Patient Redirect 1",31309,31309,-,0,2.77,1,2,4,9,19,182,3,4
2025-11-28T04:20:36.389487938,"Get Visit Queue Entry",38989,38989,-,0,3.45,0,1,2,4,9,54,1,2
2025-11-28T04:20:36.389487938,"Get Visit Queue Entry Redirect 1",38989,38989,-,0,3.45,1,2,4,8,19,102,3,3
2025-11-28T04:20:36.389487938,"Get Appointments of a Patient",27171,27171,-,0,2.41,0,1,2,4,9,65,1,2
2025-11-28T04:20:36.389487938,"Get Appointments of a Patient Redirect 1",27171,27171,-,0,2.41,1,2,3,9,19,64,3,3
2025-11-28T04:20:36.389487938,"Get Patient Summary Data",44567,44567,-,0,3.95,0,1,2,5,13,1771,2,17
2025-11-28T04:20:36.389487938,"Get Patient Summary Data Redirect 1",44567,-,44567,100,3.95,1,2,4,9,23,205,3,4
2025-11-28T04:20:36.389487938,"Get Active Visits of Patient",70764,70764,-,0,6.27,0,1,2,5,14,1359,2,10
2025-11-28T04:20:36.389487938,"Get Active Visits of Patient Redirect 1",70764,70764,-,0,6.27,1,2,4,9,18,143,4,4
2025-11-28T04:20:36.389487938,"Get isVisitsEnabled",30968,30968,-,0,2.74,0,1,2,5,13,49,1,2
2025-11-28T04:20:36.389487938,"Get isVisitsEnabled Redirect 1",30968,30968,-,0,2.74,1,2,4,9,23,79,3,3
2025-11-28T04:20:36.389487938,"Get the status of patient death",42498,42498,-,0,3.77,0,1,2,4,10,65,1,2
2025-11-28T04:20:36.389487938,"Get the status of patient death Redirect 1",42498,42498,-,0,3.77,1,2,4,9,17,157,3,3
2025-11-28T04:20:36.389487938,"Get all the constraints on the vital concepts",30968,30968,-,0,2.74,0,1,2,5,11,55,1,2
2025-11-28T04:20:36.389487938,"Get all the constraints on the vital concepts Redirect 1",30968,30968,-,0,2.74,1,2,4,9,31,1849,3,11
2025-11-28T04:20:36.389487938,"Get Patient Observations",76597,76597,-,0,6.79,0,1,2,4,9,999,1,5
2025-11-28T04:20:36.389487938,"Get Patient Observations Redirect 1",76597,76597,-,0,6.79,1,2,4,8,17,138,3,3
2025-11-28T04:20:36.389487938,"Get Patient Conditions",29002,29002,-,0,2.57,0,1,2,4,10,1673,2,14
2025-11-28T04:20:36.389487938,"Get Patient Conditions Redirect 1",29002,29002,-,0,2.57,1,2,4,8,18,63,3,3
2025-11-28T04:20:36.389487938,"Get Active Orders",24864,24864,-,0,2.2,0,1,2,4,8,61,1,2
2025-11-28T04:20:36.389487938,"Get Active Orders Redirect 1",24864,24864,-,0,2.2,1,2,4,8,17,64,3,3
2025-11-28T04:20:36.389487938,"Submit Visit Form",25102,25102,-,0,2.22,0,1,2,5,20,1317,2,11
2025-11-28T04:20:36.389487938,"Submit Visit Form Redirect 1",25102,-,25102,100,2.22,1,2,4,9,19,149,3,4
2025-11-28T04:20:36.389487938,"Get Admission Location Info",8588,8588,-,0,0.76,0,1,2,5,24,1110,2,12
2025-11-28T04:20:36.389487938,"Get Admission Location Info Redirect 1",8588,8588,-,0,0.76,1,2,4,10,24,71,3,3
2025-11-28T04:20:36.389487938,"Get Admission Info",8588,8588,-,0,0.76,0,1,2,4,11,56,1,2
2025-11-28T04:20:36.389487938,"Get Admission Info Redirect 1",8588,-,8588,100,0.76,1,2,3,9,51,1849,3,20
2025-11-28T04:20:36.389487938,"Get Inpatient Request",8588,8588,-,0,0.76,0,1,2,7,20,56,2,2
2025-11-28T04:20:36.389487938,"Get Inpatient Request Redirect 1",8588,-,8588,100,0.76,1,3,4,9,39,77,4,4
2025-11-28T04:20:36.389487938,"Get Patients",10977,10977,-,0,0.97,0,1,2,5,29,896,2,10
2025-11-28T04:20:36.389487938,"Get Patients Redirect 1",10977,-,10977,100,0.97,1,2,4,9,25,79,4,3
2025-11-28T04:20:36.389487938,"Get Order Types",6159,6159,-,0,0.55,0,1,2,7,71,1579,3,32
2025-11-28T04:20:36.389487938,"Get Order Types Redirect 1",6159,6159,-,0,0.55,1,2,4,10,25,75,4,4
2025-11-28T04:20:36.389487938,"Get Locations That Support Visits",13387,13387,-,0,1.19,0,1,2,5,17,64,1,2
2025-11-28T04:20:36.389487938,"Get Locations That Support Visits Redirect 1",13387,13387,-,0,1.19,1,2,4,9,36,1578,3,14
2025-11-28T04:20:36.389487938,"Get Beds for Patient",8588,8588,-,0,0.76,0,1,2,5,14,46,2,2
2025-11-28T04:20:36.389487938,"Get Beds for Patient Redirect 1",8588,8588,-,0,0.76,1,2,4,10,31,71,3,4
2025-11-28T04:20:36.389487938,"Save Ward Encounter",21470,21470,-,0,1.9,0,1,2,4,11,1409,2,12
2025-11-28T04:20:36.389487938,"Save Ward Encounter Redirect 1",21470,21470,-,0,1.9,1,2,4,9,24,190,3,3
2025-11-28T04:20:36.389487938,"Save Vitals",5947,5947,-,0,0.53,0,1,2,6,22,206,2,4
2025-11-28T04:20:36.389487938,"Save Vitals Redirect 1",5947,5947,-,0,0.53,1,2,4,9,25,63,3,3
2025-11-28T04:20:36.389487938,"Search for Drug",12318,12318,-,0,1.09,0,1,2,5,36,51,1,2
2025-11-28T04:20:36.389487938,"Search for Drug Redirect 1",12318,12318,-,0,1.09,1,2,4,9,23,55,3,3
2025-11-28T04:20:36.389487938,"Save Drug Order",6159,6159,-,0,0.55,0,1,2,5,21,34,1,2
2025-11-28T04:20:36.389487938,"Save Drug Order Redirect 1",6159,-,6159,100,0.55,1,2,4,7,40,64,3,3
2025-11-28T04:20:36.389487938,"Get Vitals concept reference ranges",8588,8588,-,0,0.76,0,1,1,5,11,51,1,2
2025-11-28T04:20:36.389487938,"Get Vitals concept reference ranges Redirect 1",8588,8588,-,0,0.76,1,2,4,9,27,151,3,4
2025-11-28T04:20:36.389487938,"Get Transfer Locations configuration data",8588,8588,-,0,0.76,0,1,2,6,19,42,2,3
2025-11-28T04:20:36.389487938,"Get Transfer Locations configuration data Redirect 1",8588,8588,-,0,0.76,1,2,4,11,46,67,3,3
2025-11-28T04:20:36.389487938,"Get Transferable locations",8588,8588,-,0,0.76,0,1,2,5,35,45,1,2
2025-11-28T04:20:36.389487938,"Get Transferable locations Redirect 1",8588,8588,-,0,0.76,1,2,4,10,45,57,3,3
2025-11-28T04:20:36.389487938,"Get All Form Encounters",2069,2069,-,0,0.18,0,1,2,4,14,35,2,2
2025-11-28T04:20:36.389487938,"Get All Form Encounters Redirect 1",2069,2069,-,0,0.18,1,2,4,10,28,115,3,4
2025-11-28T04:20:36.389487938,"Get the details of a orderType",5897,5897,-,0,0.52,0,1,2,4,12,59,2,2
2025-11-28T04:20:36.389487938,"Get All Forms",2069,2069,-,0,0.18,0,1,1,4,9,47,1,2
2025-11-28T04:20:36.389487938,"Get the details of a orderType Redirect 1",5897,5897,-,0,0.52,1,2,4,11,29,62,3,4
2025-11-28T04:20:36.389487938,"Get all Lab order details",5897,5897,-,0,0.52,0,1,2,5,11,49,1,2
2025-11-28T04:20:36.389487938,"Get All Forms Redirect 1",2069,2069,-,0,0.18,1,2,4,7,19,43,3,3
2025-11-28T04:20:36.389487938,"Get all Lab order details Redirect 1",5897,5897,-,0,0.52,1,2,4,9,19,56,3,3
2025-11-28T04:20:36.389487938,"Add a lab order",5897,5897,-,0,0.52,0,1,2,5,12,43,1,2
2025-11-28T04:20:36.389487938,"Add a lab order Redirect 1",5897,-,5897,100,0.52,1,2,4,9,21,54,3,3
2025-11-28T04:20:36.389487938,"Get Allergies of Patient",5947,5947,-,0,0.53,0,1,2,8,90,1776,3,38
2025-11-28T04:20:36.389487938,"Get Allergies of Patient Redirect 1",5947,5947,-,0,0.53,1,2,4,10,30,89,4,4
2025-11-28T04:20:36.389487938,"Get Drug Allergens",5947,5947,-,0,0.53,0,1,2,5,31,58,1,2
2025-11-28T04:20:36.389487938,"Get Drug Allergens Redirect 1",5947,5947,-,0,0.53,1,2,4,10,28,67,3,3
2025-11-28T04:20:36.389487938,"Get Environment Allergens",5947,5947,-,0,0.53,0,1,2,4,13,49,1,2
2025-11-28T04:20:36.389487938,"Get Environment Allergens Redirect 1",5947,5947,-,0,0.53,1,2,4,9,20,57,3,4
2025-11-28T04:20:36.389487938,"Get Food Allergens",5947,5947,-,0,0.53,0,1,2,4,5,56,1,2
2025-11-28T04:20:36.389487938,"Get Food Allergens Redirect 1",5947,5947,-,0,0.53,1,2,3,9,60,116,3,3
2025-11-28T04:20:36.389487938,"Get Allergic Reactions Allergens",5947,5947,-,0,0.53,0,1,1,4,11,26,1,2
2025-11-28T04:20:36.389487938,"Get Allergic Reactions Allergens Redirect 1",5947,5947,-,0,0.53,1,2,4,12,21,67,3,4
2025-11-28T04:20:36.389487938,"Get medication request encounters",18477,18477,-,0,1.64,0,1,2,6,48,1512,2,25
2025-11-28T04:20:36.389487938,"Get medication request encounters Redirect 1",18477,-,18477,100,1.64,1,2,4,10,31,192,3,4
2025-11-28T04:20:36.389487938,"Get all patient lists",20560,20560,-,0,1.82,0,1,2,6,15,364,2,4
2025-11-28T04:20:36.389487938,"Get all patient lists Redirect 1",20560,20559,1,0,1.82,1,2,4,11,28,189,3,4
2025-11-28T04:20:36.389487938,"Get All Appointment Services(full)",7230,7230,-,0,0.64,0,1,2,6,16,56,2,2
2025-11-28T04:20:36.389487938,"Get All Appointment Services(full) Redirect 1",7230,7230,-,0,0.64,1,2,4,11,28,82,4,4
2025-11-28T04:20:36.389487938,"Get all appointments for a specific day",4820,4820,-,0,0.43,0,1,2,5,25,34,1,2
2025-11-28T04:20:36.389487938,"Get all appointments for a specific day Redirect 1",4820,4820,-,0,0.43,1,2,4,11,32,52,3,3
2025-11-28T04:20:36.389487938,"Get all appointment summaries",4820,4820,-,0,0.43,0,1,2,5,8,32,1,2
2025-11-28T04:20:36.389487938,"Get all appointment summaries Redirect 1",4820,4820,-,0,0.43,1,2,4,9,21,49,3,3
2025-11-28T04:20:36.389487938,"Get Appointment By Status",19280,19280,-,0,1.71,0,1,2,4,12,47,1,2
2025-11-28T04:20:36.389487938,"Get Appointment By Status Redirect 1",19280,19280,-,0,1.71,1,2,4,9,25,56,3,3
2025-11-28T04:20:36.389487938,"Get Person Attribute Type",8467,8467,-,0,0.75,0,1,1,4,8,63,1,2
2025-11-28T04:20:36.389487938,"Get Person Attribute Type Redirect 1",8467,8467,-,0,0.75,1,2,4,9,26,103,3,3
2025-11-28T04:20:36.389487938,"Get all default appointment services",4820,4820,-,0,0.43,0,1,1,4,11,30,1,2
2025-11-28T04:20:36.389487938,"Get all default appointment services Redirect 1",4820,4820,-,0,0.43,1,2,4,10,40,52,3,3
2025-11-28T04:20:36.389487938,"Get all visits of the given location with date",4820,4820,-,0,0.43,0,1,1,4,9,47,1,2
2025-11-28T04:20:36.389487938,"Get all visits of the given location with date Redirect 1",4820,4820,-,0,0.43,1,2,3,8,28,56,3,3
2025-11-28T04:20:36.389487938,"Get Ordered Address Hierarchy Levels",8467,8467,-,0,0.75,0,1,1,5,16,45,1,2
2025-11-28T04:20:36.389487938,"Get Ordered Address Hierarchy Levels Redirect 1",8467,8467,-,0,0.75,1,2,3,7,34,57,3,3
2025-11-28T04:20:36.389487938,"Get Patient Allergy Intolerance",6159,6159,-,0,0.55,0,1,2,8,28,555,2,8
2025-11-28T04:20:36.389487938,"Get Patient Allergy Intolerance Redirect 1",6159,6159,-,0,0.55,1,2,4,11,46,82,3,4
2025-11-28T04:20:36.389487938,"Get All Providers",14728,14728,-,0,1.31,0,1,2,5,8,58,1,2
2025-11-28T04:20:36.389487938,"Get All Providers Redirect 1",14728,14728,-,0,1.31,1,2,4,9,13,63,3,3
2025-11-28T04:20:36.389487938,"Get Clinical Form by UUID",2069,2069,-,0,0.18,0,1,2,5,24,34,2,2
2025-11-28T04:20:36.389487938,"Get Clinical Form by UUID Redirect 1",2069,-,2069,100,0.18,1,2,4,11,29,261,4,7
2025-11-28T04:20:36.389487938,"Get all active Lab orders",17691,17691,-,0,1.57,0,1,2,7,49,1663,2,18
2025-11-28T04:20:36.389487938,"Get all active Lab orders Redirect 1",17691,17691,-,0,1.57,1,2,4,10,27,127,3,4
2025-11-28T04:20:36.389487938,"Get Lab Orders by full filler status",53073,53073,-,0,4.7,0,1,2,5,9,84,1,2
2025-11-28T04:20:36.389487938,"Get Encounter Roles",2069,2069,-,0,0.18,0,1,2,6,18,32,2,2
2025-11-28T04:20:36.389487938,"Get Lab Orders by full filler status Redirect 1",53073,53073,-,0,4.7,1,2,4,10,33,1822,3,9
2025-11-28T04:20:36.389487938,"Get Encounter Roles Redirect 1",2069,2069,-,0,0.18,1,3,5,10,22,61,4,4
2025-11-28T04:20:36.389487938,"Get Latest FHIR Encounter",2069,2069,-,0,0.18,0,1,2,5,13,46,2,2
2025-11-28T04:20:36.389487938,"Get Latest FHIR Encounter Redirect 1",2069,-,2069,100,0.18,1,3,5,13,55,75,4,4
2025-11-28T04:20:36.389487938,"Get patient identification photo",23793,23793,-,0,2.11,0,1,2,5,9,61,2,2
2025-11-28T04:20:36.389487938,"Get patient identification photo Redirect 1",23793,23793,-,0,2.11,1,2,4,10,27,117,3,3
2025-11-28T04:20:36.389487938,"Get Person Attributes",4792,4792,-,0,0.42,0,1,2,5,16,53,2,2
2025-11-28T04:20:36.389487938,"Get Person Attributes Redirect 1",4792,4792,-,0,0.42,1,2,4,10,45,1859,4,27
2025-11-28T04:20:36.389487938,"Get Patient Identifiers",4792,4792,-,0,0.42,0,1,2,6,16,64,2,2
2025-11-28T04:20:36.389487938,"Get Patient Identifiers Redirect 1",4792,4792,-,0,0.42,1,2,4,11,38,54,4,3
2025-11-28T04:20:36.389487938,"Get Relationships of Person",4792,4792,-,0,0.42,0,1,2,5,19,52,1,2
2025-11-28T04:20:36.389487938,"Get Relationships of Person Redirect 1",4792,4792,-,0,0.42,1,2,4,8,22,60,3,3
2025-11-28T04:20:36.389487938,"Save an Allergy",5947,5947,-,0,0.53,0,1,2,7,63,1567,3,29
2025-11-28T04:20:36.389487938,"Save an Allergy Redirect 1",5947,5947,-,0,0.53,1,2,4,12,75,131,4,4
2025-11-28T04:20:36.389487938,"Create a patient list",5140,5140,-,0,0.46,0,1,2,6,33,1034,2,15
2025-11-28T04:20:36.389487938,"Create a patient list Redirect 1",5140,-,5140,100,0.46,1,2,4,10,22,82,4,4
2025-11-28T04:20:36.389487938,"Submit visit queue entry",4273,4273,-,0,0.38,0,1,2,5,17,46,2,2
2025-11-28T04:20:36.389487938,"Submit visit queue entry Redirect 1",4273,-,4273,100,0.38,1,2,4,10,28,59,4,4
2025-11-28T04:20:36.389487938,"Get Order Entry Config",6159,6159,-,0,0.55,0,1,2,5,38,65,2,3
2025-11-28T04:20:36.389487938,"Get Order Entry Config Redirect 1",6159,6159,-,0,0.55,1,3,4,10,21,65,4,4
2025-11-28T04:20:36.389487938,"Get ValueSet by UUID",18477,18477,-,0,1.64,0,1,2,7,1197,1554,2,12
2025-11-28T04:20:36.389487938,"Get ValueSet by UUID Redirect 1",18477,18477,-,0,1.64,1,3,4,12,79,212,4,4
2025-11-28T04:20:36.389487938,"Get Medication by UUID",6159,6159,-,0,0.55,0,1,2,4,28,60,2,2
2025-11-28T04:20:36.389487938,"Get Medication by UUID Redirect 1",6159,6159,-,0,0.55,1,2,4,10,11,75,3,3
2025-11-28T04:20:36.389487938,"Search Medication by Code",6159,6159,-,0,0.55,0,1,2,5,18,24,1,2
2025-11-28T04:20:36.389487938,"Search Medication by Code Redirect 1",6159,6159,-,0,0.55,1,2,4,11,44,83,3,3
2025-11-28T04:20:36.389487938,"Get Locations Search Set",4294,4294,-,0,0.38,0,1,2,4,11,64,1,2
2025-11-28T04:20:36.389487938,"Get Locations Search Set Redirect 1",4294,4294,-,0,0.38,1,2,4,9,16,72,3,3
2025-11-28T04:20:36.389487938,"Change the session location",4294,4294,-,0,0.38,0,1,2,5,23,36,1,2
2025-11-28T04:20:36.389487938,"Change the session location Redirect 1",4294,4294,-,0,0.38,1,2,3,9,26,195,3,5
2025-11-28T04:20:36.389487938,"Get service concept set",4273,4273,-,0,0.38,0,1,2,7,56,1213,3,26
2025-11-28T04:20:36.389487938,"Get service concept set Redirect 1",4273,-,4273,100,0.38,1,2,4,10,42,88,3,4
2025-11-28T04:20:36.389487938,"Submit new Service queue",4273,4273,-,0,0.38,0,1,2,5,16,56,2,2
2025-11-28T04:20:36.389487938,"Submit new Service queue Redirect 1",4273,-,4273,100,0.38,1,3,4,11,33,77,4,4
2025-11-28T04:20:36.389487938,"Save a clinical form",2069,2069,-,0,0.18,0,1,2,5,137,1354,4,52
2025-11-28T04:20:36.389487938,"Save a clinical form Redirect 1",2069,2069,-,0,0.18,1,2,4,12,58,221,4,6
2025-11-28T04:20:36.389487938,"Edit patient details",4792,4792,-,0,0.42,0,1,2,7,86,1033,3,28
2025-11-28T04:20:36.389487938,"Edit patient details Redirect 1",4792,4792,-,0,0.42,1,2,4,11,52,83,4,4
2025-11-28T04:20:36.389487938,"Check Appointment Conflicts",2410,2410,-,0,0.21,0,1,2,7,56,1276,3,27
2025-11-28T04:20:36.389487938,"Check Appointment Conflicts Redirect 1",2410,2410,-,0,0.21,1,2,4,11,85,108,3,4
2025-11-28T04:20:36.389487938,"Create Appointment",2410,2410,-,0,0.21,0,1,2,5,24,50,1,2
2025-11-28T04:20:36.389487938,"Create Appointment Redirect 1",2410,-,2410,100,0.21,1,2,4,9,37,58,3,3
2025-11-28T04:20:36.389487938,"Submit transition request",4273,4273,-,0,0.38,0,1,2,7,20,45,2,3
2025-11-28T04:20:36.389487938,"Submit transition request Redirect 1",4273,4273,-,0,0.38,1,2,4,9,21,56,3,3
2025-11-28T04:20:36.389487938,"Get Patient Encounters",2069,2069,-,0,0.18,0,1,2,4,14,48,2,2
2025-11-28T04:20:36.389487938,"Get Patient Encounters Redirect 1",2069,2069,-,0,0.18,1,2,4,11,35,43,3,4
2025-11-28T04:20:36.389487938,"Get Lab Results of Patient Redirect 1",4138,-,4138,100,0.37,1,2,4,9,26,52,3,3
2025-11-28T04:20:36.389487938,"Get Lab Results of Patient",4138,4138,-,0,0.37,0,1,2,5,15,39,1,2
2025-11-28T04:20:36.389487938,"Generate OMRS Identifier",3675,3675,-,0,0.33,0,1,2,7,45,888,2,16
2025-11-28T04:20:36.389487938,"Generate OMRS Identifier Redirect 1",3675,-,3675,100,0.33,1,2,4,8,26,135,4,4
2025-11-28T04:20:36.389487938,"Get Alkaline concept details",5897,5897,-,0,0.52,0,1,2,8,62,1485,3,28
2025-11-28T04:20:36.389487938,"Get Alkaline concept details Redirect 1",5897,5897,-,0,0.52,1,2,4,11,30,121,4,4
2025-11-28T04:20:36.389487938,"Update the Lab Order Completion",5897,5897,-,0,0.52,0,1,2,5,11,55,2,2
2025-11-28T04:20:36.389487938,"Update the Lab Order Completion Redirect 1",5897,5897,-,0,0.52,1,2,4,10,25,59,3,4
2025-11-28T04:20:36.389487938,"Get Visits With Diagnoses and Notes (new endpoint)",2069,2069,-,0,0.18,0,1,2,10,83,1303,3,36
2025-11-28T04:20:36.389487938,"Get Visits With Diagnoses and Notes (new endpoint) Redirect 1",2069,2069,-,0,0.18,1,2,4,10,27,172,4,5
2025-11-28T04:20:36.389487938,"Discontinue the drug order",6159,6159,-,0,0.55,0,1,2,6,13,67,2,2
2025-11-28T04:20:36.389487938,"Discontinue the drug order Redirect 1",6159,6159,-,0,0.55,1,3,5,11,123,231,4,5
2025-11-28T04:20:36.389487938,"Get Drug Orders except the cancelled and expired",2069,2069,-,0,0.18,0,1,2,7,68,1390,3,32
2025-11-28T04:20:36.389487938,"Get Drug Orders except the cancelled and expired Redirect 1",2069,2069,-,0,0.18,1,2,4,12,33,48,4,4
2025-11-28T04:20:36.389487938,"Get Drug Orders except the discontinued orders",2069,2069,-,0,0.18,0,1,2,5,29,45,1,2
2025-11-28T04:20:36.389487938,"Get Drug Orders except the discontinued orders Redirect 1",2069,2069,-,0,0.18,1,2,4,11,44,76,3,4
2025-11-28T04:20:36.389487938,"Get Observation Tree Details",6207,6207,-,0,0.55,0,1,2,5,65,1095,2,20
2025-11-28T04:20:36.389487938,"Get Observation Tree Details Redirect 1",6207,6207,-,0,0.55,1,2,4,10,22,50,3,3
2025-11-28T04:20:36.389487938,"Search for Condition",4138,4138,-,0,0.37,0,1,2,7,76,1786,3,41
2025-11-28T04:20:36.389487938,"Search for Condition Redirect 1",4138,4138,-,0,0.37,1,2,4,10,23,74,3,3
2025-11-28T04:20:36.389487938,"Get Immunizations of Patient",4138,4138,-,0,0.37,0,1,2,6,36,850,2,13
2025-11-28T04:20:36.389487938,"Get Immunizations of Patient Redirect 1",4138,4138,-,0,0.37,1,2,4,8,21,69,3,3
2025-11-28T04:20:36.389487938,"Get all immunizations",2069,2069,-,0,0.18,0,1,1,4,19,33,1,2
2025-11-28T04:20:36.389487938,"Get all immunizations Redirect 1",2069,2069,-,0,0.18,1,2,3,10,38,47,3,3
2025-11-28T04:20:36.389487938,"Submit Patient immunization",2069,2069,-,0,0.18,0,1,2,6,19,49,2,3
2025-11-28T04:20:36.389487938,"Submit Patient immunization Redirect 1",2069,2069,-,0,0.18,1,2,4,10,23,27,3,3
2025-11-28T04:20:36.389487938,"Get Attachments of Patient",4138,4138,-,0,0.37,0,1,2,5,19,176,2,4
2025-11-28T04:20:36.389487938,"Get Attachments of Patient Redirect 1",4138,4138,-,0,0.37,1,2,4,11,44,74,3,3
2025-11-28T04:20:36.389487938,"Get Allowed File Extensions",2069,2069,-,0,0.18,0,1,2,5,18,26,1,2
2025-11-28T04:20:36.389487938,"Get Allowed File Extensions Redirect 1",2069,2069,-,0,0.18,1,2,3,9,26,47,3,3
2025-11-28T04:20:36.389487938,"Get Programs",4138,4138,-,0,0.37,0,1,2,5,34,1124,2,18
2025-11-28T04:20:36.389487938,"Get Programs Redirect 1",4138,4138,-,0,0.37,1,2,4,11,19,37,3,3
2025-11-28T04:20:36.389487938,"Add new program to patient",2069,2069,-,0,0.18,0,1,2,4,12,30,1,2
2025-11-28T04:20:36.389487938,"Add new program to patient Redirect 1",2069,-,2069,100,0.18,1,2,3,10,30,45,3,3
2025-11-28T04:20:36.389487938,"Upload Attachment Request",2069,2069,-,0,0.18,3,6,8,13,26,43,7,4
2025-11-28T04:20:36.389487938,"Upload Attachment Request Redirect 1",2069,2069,-,0,0.18,1,3,4,9,19,57,4,3
2025-11-29T04:21:41.68005742,"Login",44677,44677,-,0,3.96,0,1,2,5,10,1132,2,6
2025-11-29T04:21:41.68005742,"Login Redirect 1",44677,-,44677,100,3.96,1,2,4,9,17,288,3,4
2025-11-29T04:21:41.68005742,"Get locations",51042,51042,-,0,4.52,0,1,2,5,27,1735,2,16
2025-11-29T04:21:41.68005742,"Get locations Redirect 1",51042,51041,1,0,4.52,1,2,4,8,16,146,3,3
2025-11-29T04:21:41.68005742,"Select Location",44677,44677,-,0,3.96,0,1,2,6,28,1646,2,21
2025-11-29T04:21:41.68005742,"Select Location Redirect 1",44677,44677,-,0,3.96,1,2,4,9,17,340,3,4
2025-11-29T04:21:41.68005742,"Get Address Template",53152,53152,-,0,4.71,0,1,2,4,9,79,1,2
2025-11-29T04:21:41.68005742,"Get Address Template Redirect 1",53152,53152,-,0,4.71,1,2,4,8,16,305,3,4
2025-11-29T04:21:41.68005742,"Get Relationship Types",53152,53152,-,0,4.71,0,1,2,4,8,52,1,2
2025-11-29T04:21:41.68005742,"Get Relationship Types Redirect 1",53152,53152,-,0,4.71,1,2,4,8,16,64,3,3
2025-11-29T04:21:41.68005742,"Get Appointments for Specific Date",44677,44677,-,0,3.96,0,1,2,4,8,50,1,2
2025-11-29T04:21:41.68005742,"Get Appointments for Specific Date Redirect 1",44677,44677,-,0,3.96,1,2,3,8,16,163,3,3
2025-11-29T04:21:41.68005742,"Get Module Information",59050,59050,-,0,5.23,0,1,2,4,7,58,1,2
2025-11-29T04:21:41.68005742,"Get Module Information Redirect 1",59050,59050,-,0,5.23,1,2,3,8,15,150,3,3
2025-11-29T04:21:41.68005742,"Get Patient Identifier Types",53152,53152,-,0,4.71,0,1,2,4,7,53,1,2
2025-11-29T04:21:41.68005742,"Get Patient Identifier Types Redirect 1",53152,53152,-,0,4.71,1,2,3,8,16,72,3,3
2025-11-29T04:21:41.68005742,"Get Primary Identifier Term Mapping",96435,96435,-,0,8.55,0,1,2,4,9,997,1,4
2025-11-29T04:21:41.68005742,"Get Primary Identifier Term Mapping Redirect 1",96435,96435,-,0,8.55,1,2,4,8,16,153,3,3
2025-11-29T04:21:41.68005742,"Get Identifier Source",97829,97829,-,0,8.67,0,1,1,4,7,57,1,2
2025-11-29T04:21:41.68005742,"Get Identifier Source Redirect 1",97829,97829,-,0,8.67,1,2,3,8,15,84,3,3
2025-11-29T04:21:41.68005742,"Get Locations by Tag and Query",66300,66300,-,0,5.88,0,1,2,4,8,1597,1,8
2025-11-29T04:21:41.68005742,"Get Locations by Tag and Query Redirect 1",66300,66300,-,0,5.88,1,2,3,8,15,98,3,3
2025-11-29T04:21:41.68005742,"Get Visits",47088,47088,-,0,4.17,0,1,1,4,7,43,1,2
2025-11-29T04:21:41.68005742,"Get Visits Redirect 1",47088,47088,-,0,4.17,1,2,3,8,15,107,3,3
2025-11-29T04:21:41.68005742,"Get Auto Generation Options",53152,53152,-,0,4.71,0,1,1,4,7,54,1,2
2025-11-29T04:21:41.68005742,"Get Auto Generation Options Redirect 1",53152,53152,-,0,4.71,1,2,3,8,15,62,3,3
2025-11-29T04:21:41.68005742,"Get Queue Entry",59913,59913,-,0,5.31,0,1,2,4,7,66,1,2
2025-11-29T04:21:41.68005742,"Get Queue Entry Redirect 1",59913,59913,-,0,5.31,1,2,3,8,16,73,3,3
2025-11-29T04:21:41.68005742,"Get Visit Types",27521,27521,-,0,2.44,0,1,2,7,37,1566,2,17
2025-11-29T04:21:41.68005742,"Get Visit Types Redirect 1",27521,27520,1,0,2.44,1,2,4,8,26,115,3,3
2025-11-29T04:21:41.68005742,"Get Current Visit of Patient",46659,46659,-,0,4.13,0,1,2,5,12,909,2,5
2025-11-29T04:21:41.68005742,"Get Current Visit of Patient Redirect 1",46659,46659,-,0,4.13,1,2,4,10,26,287,3,4
2025-11-29T04:21:41.68005742,"Get Visits of Patient",48728,48728,-,0,4.32,0,1,2,5,17,74,1,2
2025-11-29T04:21:41.68005742,"Get Visits of Patient Redirect 1",48728,48728,-,0,4.32,1,2,4,9,24,185,3,3
2025-11-29T04:21:41.68005742,"Get Program Enrollments of Patient",31317,31317,-,0,2.78,0,1,2,5,19,962,1,6
2025-11-29T04:21:41.68005742,"Get Program Enrollments of Patient Redirect 1",31317,31317,-,0,2.78,1,2,3,8,24,130,3,3
2025-11-29T04:21:41.68005742,"Get Visit Queue Entry",39002,39002,-,0,3.46,0,1,2,4,9,49,1,2
2025-11-29T04:21:41.68005742,"Get Visit Queue Entry Redirect 1",39002,39002,-,0,3.46,1,2,3,8,16,158,3,3
2025-11-29T04:21:41.68005742,"Get Appointments of a Patient",27179,27179,-,0,2.41,0,1,1,4,13,57,1,2
2025-11-29T04:21:41.68005742,"Get Appointments of a Patient Redirect 1",27179,27179,-,0,2.41,1,2,3,9,24,48,3,3
2025-11-29T04:21:41.68005742,"Get Patient Summary Data",44588,44588,-,0,3.95,0,1,2,5,12,1743,2,11
2025-11-29T04:21:41.68005742,"Get Patient Summary Data Redirect 1",44588,-,44588,100,3.95,1,2,4,8,16,168,3,3
2025-11-29T04:21:41.68005742,"Get Active Visits of Patient",70786,70786,-,0,6.27,0,1,2,5,13,1488,2,11
2025-11-29T04:21:41.68005742,"Get Active Visits of Patient Redirect 1",70786,70785,1,0,6.27,1,2,4,9,16,126,3,3
2025-11-29T04:21:41.68005742,"Get isVisitsEnabled",30982,30982,-,0,2.75,0,1,2,4,9,60,1,2
2025-11-29T04:21:41.68005742,"Get isVisitsEnabled Redirect 1",30982,30982,-,0,2.75,1,2,4,9,24,62,3,3
2025-11-29T04:21:41.68005742,"Get the status of patient death",42519,42519,-,0,3.77,0,1,2,4,8,51,1,2
2025-11-29T04:21:41.68005742,"Get the status of patient death Redirect 1",42519,42519,-,0,3.77,1,2,4,8,16,182,3,3
2025-11-29T04:21:41.68005742,"Get all the constraints on the vital concepts",30982,30982,-,0,2.75,0,1,2,4,9,74,1,2
2025-11-29T04:21:41.68005742,"Get all the constraints on the vital concepts Redirect 1",30982,30982,-,0,2.75,1,2,3,8,16,65,3,3
2025-11-29T04:21:41.68005742,"Get Patient Observations",76627,76627,-,0,6.79,0,1,2,4,8,1004,1,4
2025-11-29T04:21:41.68005742,"Get Patient Observations Redirect 1",76627,76627,-,0,6.79,1,2,4,8,16,215,3,3
2025-11-29T04:21:41.68005742,"Get Patient Conditions",29012,29012,-,0,2.57,0,1,1,4,10,1531,1,11
2025-11-29T04:21:41.68005742,"Get Patient Conditions Redirect 1",29012,29012,-,0,2.57,1,2,3,8,17,84,3,3
2025-11-29T04:21:41.68005742,"Get Active Orders",24874,24874,-,0,2.2,0,1,2,4,10,48,1,2
2025-11-29T04:21:41.68005742,"Get Active Orders Redirect 1",24874,24874,-,0,2.2,1,2,3,8,17,67,3,3
2025-11-29T04:21:41.68005742,"Submit Visit Form",25110,25110,-,0,2.23,0,1,2,5,32,1114,2,11
2025-11-29T04:21:41.68005742,"Submit Visit Form Redirect 1",25110,-,25110,100,2.23,1,2,4,8,22,99,3,3
2025-11-29T04:21:41.68005742,"Get Admission Location Info",8592,8592,-,0,0.76,0,1,2,6,20,365,2,5
2025-11-29T04:21:41.68005742,"Get Admission Location Info Redirect 1",8592,8592,-,0,0.76,1,2,4,7,29,62,3,3
2025-11-29T04:21:41.68005742,"Get Admission Info",8592,8592,-,0,0.76,0,1,2,5,11,60,1,2
2025-11-29T04:21:41.68005742,"Get Admission Info Redirect 1",8592,-,8592,100,0.76,1,2,3,9,27,65,3,3
2025-11-29T04:21:41.68005742,"Get Inpatient Request",8592,8592,-,0,0.76,0,1,2,5,11,66,2,2
2025-11-29T04:21:41.68005742,"Get Inpatient Request Redirect 1",8592,-,8592,100,0.76,1,2,4,10,31,129,4,4
2025-11-29T04:21:41.68005742,"Get Patients",10982,10982,-,0,0.97,0,1,2,6,29,1392,2,14
2025-11-29T04:21:41.68005742,"Get Patients Redirect 1",10982,-,10982,100,0.97,1,2,4,8,25,66,3,3
2025-11-29T04:21:41.68005742,"Get Order Types",6161,6161,-,0,0.55,0,1,2,9,22,59,2,4
2025-11-29T04:21:41.68005742,"Get Order Types Redirect 1",6161,6161,-,0,0.55,1,2,4,11,26,47,3,3
2025-11-29T04:21:41.68005742,"Get Locations That Support Visits",13393,13393,-,0,1.19,0,1,1,5,37,63,1,2
2025-11-29T04:21:41.68005742,"Get Locations That Support Visits Redirect 1",13393,13393,-,0,1.19,1,2,3,9,24,231,3,4
2025-11-29T04:21:41.68005742,"Get Beds for Patient",8592,8592,-,0,0.76,0,1,2,4,10,48,2,2
2025-11-29T04:21:41.68005742,"Get Beds for Patient Redirect 1",8592,8592,-,0,0.76,1,2,4,9,17,60,3,3
2025-11-29T04:21:41.68005742,"Save Ward Encounter",21480,21480,-,0,1.9,0,1,2,4,11,1147,2,8
2025-11-29T04:21:41.68005742,"Save Ward Encounter Redirect 1",21480,21480,-,0,1.9,1,2,3,10,22,73,3,3
2025-11-29T04:21:41.68005742,"Save Vitals",5948,5948,-,0,0.53,0,1,2,6,29,406,2,6
2025-11-29T04:21:41.68005742,"Save Vitals Redirect 1",5948,5948,-,0,0.53,1,2,4,8,22,99,3,4
2025-11-29T04:21:41.68005742,"Search for Drug",12322,12322,-,0,1.09,0,1,1,5,38,58,1,2
2025-11-29T04:21:41.68005742,"Search for Drug Redirect 1",12322,12322,-,0,1.09,1,2,3,9,17,261,3,4
2025-11-29T04:21:41.68005742,"Save Drug Order",6161,6161,-,0,0.55,0,1,2,4,8,29,1,2
2025-11-29T04:21:41.68005742,"Save Drug Order Redirect 1",6161,-,6161,100,0.55,1,2,3,7,18,53,3,3
2025-11-29T04:21:41.68005742,"Get Vitals concept reference ranges",8592,8592,-,0,0.76,0,1,1,4,10,42,1,2
2025-11-29T04:21:41.68005742,"Get Vitals concept reference ranges Redirect 1",8592,8592,-,0,0.76,1,2,3,10,60,80,3,3
2025-11-29T04:21:41.68005742,"Get Transfer Locations configuration data",8592,8592,-,0,0.76,0,1,2,5,21,60,2,3
2025-11-29T04:21:41.68005742,"Get Transfer Locations configuration data Redirect 1",8592,8592,-,0,0.76,1,2,3,9,20,63,3,3
2025-11-29T04:21:41.68005742,"Get Transferable locations",8592,8592,-,0,0.76,0,1,1,5,42,52,1,2
2025-11-29T04:21:41.68005742,"Get Transferable locations Redirect 1",8592,8592,-,0,0.76,1,2,3,8,33,85,3,3
2025-11-29T04:21:41.68005742,"Get All Form Encounters",2069,2069,-,0,0.18,0,1,2,5,8,39,1,2
2025-11-29T04:21:41.68005742,"Get All Form Encounters Redirect 1",2069,2069,-,0,0.18,1,2,4,9,28,53,3,3
2025-11-29T04:21:41.68005742,"Get All Forms",2069,2069,-,0,0.18,0,1,2,5,15,23,1,1
2025-11-29T04:21:41.68005742,"Get All Forms Redirect 1",2069,2069,-,0,0.18,1,2,4,9,18,47,3,3
2025-11-29T04:21:41.68005742,"Get the details of a orderType",5898,5898,-,0,0.52,0,1,2,5,16,63,1,2
2025-11-29T04:21:41.68005742,"Get the details of a orderType Redirect 1",5898,5898,-,0,0.52,1,2,3,10,105,188,3,4
2025-11-29T04:21:41.68005742,"Get all Lab order details",5898,5898,-,0,0.52,0,1,1,4,8,30,1,2
2025-11-29T04:21:41.68005742,"Get all Lab order details Redirect 1",5898,5898,-,0,0.52,1,2,4,9,12,51,3,3
2025-11-29T04:21:41.68005742,"Add a lab order",5898,5898,-,0,0.52,0,1,1,5,6,54,1,2
2025-11-29T04:21:41.68005742,"Add a lab order Redirect 1",5898,-,5898,100,0.52,1,2,4,9,24,44,3,3
2025-11-29T04:21:41.68005742,"Get Allergies of Patient",5948,5948,-,0,0.53,0,1,2,7,43,1190,2,18
2025-11-29T04:21:41.68005742,"Get Allergies of Patient Redirect 1",5948,5948,-,0,0.53,1,2,4,12,27,95,3,4
2025-11-29T04:21:41.68005742,"Get Drug Allergens",5948,5948,-,0,0.53,0,1,2,5,11,41,1,2
2025-11-29T04:21:41.68005742,"Get Drug Allergens Redirect 1",5948,5948,-,0,0.53,1,2,4,10,26,303,3,5
2025-11-29T04:21:41.68005742,"Get Environment Allergens",5948,5948,-,0,0.53,0,1,2,5,11,40,1,2
2025-11-29T04:21:41.68005742,"Get Environment Allergens Redirect 1",5948,5948,-,0,0.53,1,2,4,9,23,46,3,3
2025-11-29T04:21:41.68005742,"Get Food Allergens",5948,5948,-,0,0.53,0,1,1,4,12,27,1,2
2025-11-29T04:21:41.68005742,"Get Food Allergens Redirect 1",5948,5948,-,0,0.53,1,2,3,8,19,53,3,3
2025-11-29T04:21:41.68005742,"Get Allergic Reactions Allergens",5948,5948,-,0,0.53,0,1,1,4,8,46,1,2
2025-11-29T04:21:41.68005742,"Get Allergic Reactions Allergens Redirect 1",5948,5948,-,0,0.53,1,2,3,9,19,51,3,3
2025-11-29T04:21:41.68005742,"Get medication request encounters",18483,18483,-,0,1.64,0,1,2,5,38,1712,2,18
2025-11-29T04:21:41.68005742,"Get medication request encounters Redirect 1",18483,-,18483,100,1.64,1,2,4,9,21,295,3,4
2025-11-29T04:21:41.68005742,"Get all patient lists",20576,20576,-,0,1.82,0,1,2,5,14,53,2,2
2025-11-29T04:21:41.68005742,"Get all patient lists Redirect 1",20576,20576,-,0,1.82,1,2,4,9,20,57,3,3
2025-11-29T04:21:41.68005742,"Get All Appointment Services(full)",7233,7233,-,0,0.64,0,1,2,5,13,51,2,2
2025-11-29T04:21:41.68005742,"Get All Appointment Services(full) Redirect 1",7233,7233,-,0,0.64,1,2,4,10,30,256,3,4
2025-11-29T04:21:41.68005742,"Get all appointments for a specific day",4822,4822,-,0,0.43,0,1,2,5,21,48,1,2
2025-11-29T04:21:41.68005742,"Get all appointments for a specific day Redirect 1",4822,4822,-,0,0.43,1,2,4,9,20,57,3,3
2025-11-29T04:21:41.68005742,"Get all appointment summaries",4822,4822,-,0,0.43,0,1,2,5,13,42,1,2
2025-11-29T04:21:41.68005742,"Get all appointment summaries Redirect 1",4822,4822,-,0,0.43,1,2,4,9,20,120,3,3
2025-11-29T04:21:41.68005742,"Get Appointment By Status",19288,19288,-,0,1.71,0,1,1,4,10,77,1,2
2025-11-29T04:21:41.68005742,"Get Appointment By Status Redirect 1",19288,19288,-,0,1.71,1,2,4,9,24,58,3,3
2025-11-29T04:21:41.68005742,"Get Person Attribute Type",8475,8475,-,0,0.75,0,1,1,5,31,47,1,2
2025-11-29T04:21:41.68005742,"Get Person Attribute Type Redirect 1",8475,8475,-,0,0.75,1,2,3,8,21,46,3,3
2025-11-29T04:21:41.68005742,"Get Ordered Address Hierarchy Levels",8475,8475,-,0,0.75,0,1,1,4,20,55,1,2
2025-11-29T04:21:41.68005742,"Get Ordered Address Hierarchy Levels Redirect 1",8475,8475,-,0,0.75,1,2,3,7,18,72,3,3
2025-11-29T04:21:41.68005742,"Get all default appointment services",4822,4822,-,0,0.43,0,1,1,4,8,22,1,1
2025-11-29T04:21:41.68005742,"Get all default appointment services Redirect 1",4822,4822,-,0,0.43,1,2,3,8,28,52,3,3
2025-11-29T04:21:41.68005742,"Get all visits of the given location with date",4822,4822,-,0,0.43,0,1,1,5,26,34,1,2
2025-11-29T04:21:41.68005742,"Get all visits of the given location with date Redirect 1",4822,4822,-,0,0.43,1,2,3,8,30,52,3,3
2025-11-29T04:21:41.68005742,"Get Patient Allergy Intolerance",6161,6161,-,0,0.55,0,1,2,7,32,818,2,11
2025-11-29T04:21:41.68005742,"Get Patient Allergy Intolerance Redirect 1",6161,6161,-,0,0.55,1,2,4,9,21,52,3,3
2025-11-29T04:21:41.68005742,"Get All Providers",14733,14733,-,0,1.31,0,1,2,4,39,76,1,2
2025-11-29T04:21:41.68005742,"Get All Providers Redirect 1",14733,14733,-,0,1.31,1,2,4,8,18,299,3,4
2025-11-29T04:21:41.68005742,"Get Clinical Form by UUID",2069,2069,-,0,0.18,0,1,2,4,18,44,1,2
2025-11-29T04:21:41.68005742,"Get Clinical Form by UUID Redirect 1",2069,-,2069,100,0.18,1,2,4,8,21,80,3,3
2025-11-29T04:21:41.68005742,"Get Encounter Roles",2069,2069,-,0,0.18,0,1,2,6,37,48,2,2
2025-11-29T04:21:41.68005742,"Get Encounter Roles Redirect 1",2069,2069,-,0,0.18,1,2,4,9,20,41,4,3
2025-11-29T04:21:41.68005742,"Get Latest FHIR Encounter",2069,2069,-,0,0.18,0,1,2,5,19,54,2,3
2025-11-29T04:21:41.68005742,"Get Latest FHIR Encounter Redirect 1",2069,-,2069,100,0.18,1,2,4,11,34,45,4,3
2025-11-29T04:21:41.68005742,"Get all active Lab orders",17694,17694,-,0,1.57,0,1,2,6,34,1398,2,14
2025-11-29T04:21:41.68005742,"Get all active Lab orders Redirect 1",17694,17694,-,0,1.57,1,2,4,9,17,166,3,4
2025-11-29T04:21:41.68005742,"Get Lab Orders by full filler status",53082,53082,-,0,4.7,0,1,2,4,11,56,1,2
2025-11-29T04:21:41.68005742,"Get Lab Orders by full filler status Redirect 1",53082,53082,-,0,4.7,1,2,3,9,26,204,3,3
2025-11-29T04:21:41.68005742,"Get patient identification photo Redirect 1",23806,23806,-,0,2.11,1,2,4,9,13,75,3,3
2025-11-29T04:21:41.68005742,"Get patient identification photo",23806,23806,-,0,2.11,0,1,2,5,13,54,2,2
2025-11-29T04:21:41.68005742,"Get Person Attributes",4798,4798,-,0,0.43,0,1,2,5,10,56,2,2
2025-11-29T04:21:41.68005742,"Get Person Attributes Redirect 1",4798,4798,-,0,0.43,1,2,4,9,26,57,3,4
2025-11-29T04:21:41.68005742,"Get Patient Identifiers",4798,4798,-,0,0.43,0,1,2,5,9,24,1,2
2025-11-29T04:21:41.68005742,"Get Patient Identifiers Redirect 1",4798,4798,-,0,0.43,1,2,4,10,45,67,3,3
2025-11-29T04:21:41.68005742,"Get Relationships of Person",4798,4798,-,0,0.43,0,1,2,4,26,50,1,2
2025-11-29T04:21:41.68005742,"Get Relationships of Person Redirect 1",4798,4798,-,0,0.43,1,2,4,9,17,49,3,3
2025-11-29T04:21:41.68005742,"Save an Allergy",5948,5948,-,0,0.53,0,1,2,7,50,1742,2,26
2025-11-29T04:21:41.68005742,"Save an Allergy Redirect 1",5948,5948,-,0,0.53,1,2,4,11,57,84,3,3
2025-11-29T04:21:41.68005742,"Create a patient list",5144,5144,-,0,0.46,0,1,2,7,38,1648,2,23
2025-11-29T04:21:41.68005742,"Create a patient list Redirect 1",5144,-,5144,100,0.46,1,2,4,9,21,53,3,3
2025-11-29T04:21:41.68005742,"Submit visit queue entry",4275,4275,-,0,0.38,0,1,2,5,13,42,2,2
2025-11-29T04:21:41.68005742,"Submit visit queue entry Redirect 1",4275,-,4275,100,0.38,1,2,4,8,29,39,3,3
2025-11-29T04:21:41.68005742,"Get Order Entry Config",6161,6161,-,0,0.55,0,1,2,6,21,45,2,2
2025-11-29T04:21:41.68005742,"Get Order Entry Config Redirect 1",6161,6161,-,0,0.55,1,3,4,11,40,55,4,4
2025-11-29T04:21:41.68005742,"Get ValueSet by UUID",18483,18483,-,0,1.64,0,1,2,5,11,61,2,2
2025-11-29T04:21:41.68005742,"Get ValueSet by UUID Redirect 1",18483,18483,-,0,1.64,1,2,4,10,24,88,4,4
2025-11-29T04:21:41.68005742,"Get Medication by UUID",6161,6161,-,0,0.55,0,1,2,5,23,44,2,2
2025-11-29T04:21:41.68005742,"Get Medication by UUID Redirect 1",6161,6161,-,0,0.55,1,2,4,9,14,165,3,4
2025-11-29T04:21:41.68005742,"Search Medication by Code",6161,6161,-,0,0.55,0,1,2,5,23,31,1,2
2025-11-29T04:21:41.68005742,"Search Medication by Code Redirect 1",6161,6161,-,0,0.55,1,2,4,8,21,47,3,3
2025-11-29T04:21:41.68005742,"Get Locations Search Set",4296,4296,-,0,0.38,0,1,1,4,12,62,1,2
2025-11-29T04:21:41.68005742,"Get Locations Search Set Redirect 1",4296,4296,-,0,0.38,1,2,4,9,41,51,3,3
2025-11-29T04:21:41.68005742,"Change the session location",4296,4296,-,0,0.38,0,1,1,5,27,38,1,2
2025-11-29T04:21:41.68005742,"Change the session location Redirect 1",4296,4296,-,0,0.38,1,2,3,10,38,49,3,3
2025-11-29T04:21:41.68005742,"Get service concept set",4275,4275,-,0,0.38,0,1,2,7,31,636,2,10
2025-11-29T04:21:41.68005742,"Get service concept set Redirect 1",4275,-,4275,100,0.38,1,2,3,10,51,83,3,3
2025-11-29T04:21:41.68005742,"Submit new Service queue",4275,4275,-,0,0.38,0,1,2,5,14,37,2,2
2025-11-29T04:21:41.68005742,"Submit new Service queue Redirect 1",4275,-,4275,100,0.38,1,2,4,10,32,63,4,4
2025-11-29T04:21:41.68005742,"Save a clinical form",2069,2069,-,0,0.18,0,1,2,6,22,55,2,4
2025-11-29T04:21:41.68005742,"Save a clinical form Redirect 1",2069,2069,-,0,0.18,1,2,4,9,19,50,3,3
2025-11-29T04:21:41.68005742,"Edit patient details",4798,4798,-,0,0.43,0,1,2,7,83,1570,3,38
2025-11-29T04:21:41.68005742,"Edit patient details Redirect 1",4798,4798,-,0,0.43,1,2,4,9,28,87,3,4
2025-11-29T04:21:41.68005742,"Check Appointment Conflicts",2411,2411,-,0,0.21,0,1,2,5,21,40,2,3
2025-11-29T04:21:41.68005742,"Check Appointment Conflicts Redirect 1",2411,2411,-,0,0.21,1,2,4,10,19,45,3,3
2025-11-29T04:21:41.68005742,"Create Appointment",2411,2411,-,0,0.21,0,1,2,4,8,14,1,1
2025-11-29T04:21:41.68005742,"Create Appointment Redirect 1",2411,-,2411,100,0.21,1,2,3,10,23,42,3,3
2025-11-29T04:21:41.68005742,"Submit transition request",4275,4275,-,0,0.38,0,1,2,8,94,1705,3,40
2025-11-29T04:21:41.68005742,"Submit transition request Redirect 1",4275,4275,-,0,0.38,1,2,3,9,33,116,3,4
2025-11-29T04:21:41.68005742,"Get Patient Encounters",2069,2069,-,0,0.18,0,1,2,4,8,26,1,2
2025-11-29T04:21:41.68005742,"Get Patient Encounters Redirect 1",2069,2069,-,0,0.18,1,2,4,10,32,39,3,3
2025-11-29T04:21:41.68005742,"Get Lab Results of Patient",4138,4138,-,0,0.37,0,1,2,5,30,48,1,2
2025-11-29T04:21:41.68005742,"Get Lab Results of Patient Redirect 1",4138,-,4138,100,0.37,1,2,4,8,20,46,3,3
2025-11-29T04:21:41.68005742,"Generate OMRS Identifier",3677,3677,-,0,0.33,0,1,2,7,44,1331,2,22
2025-11-29T04:21:41.68005742,"Generate OMRS Identifier Redirect 1",3677,-,3677,100,0.33,1,2,3,9,22,123,3,4
2025-11-29T04:21:41.68005742,"Get Visits With Diagnoses and Notes (new endpoint)",2069,2069,-,0,0.18,0,1,2,6,20,46,2,3
2025-11-29T04:21:41.68005742,"Get Visits With Diagnoses and Notes (new endpoint) Redirect 1",2069,2069,-,0,0.18,1,2,4,11,37,51,3,4
2025-11-29T04:21:41.68005742,"Get Alkaline concept details",5898,5898,-,0,0.52,0,1,2,6,24,176,2,4
2025-11-29T04:21:41.68005742,"Get Alkaline concept details Redirect 1",5898,5898,-,0,0.52,1,2,4,9,21,78,3,3
2025-11-29T04:21:41.68005742,"Update the Lab Order Completion",5898,5898,-,0,0.52,0,1,2,4,20,38,1,2
2025-11-29T04:21:41.68005742,"Update the Lab Order Completion Redirect 1",5898,5898,-,0,0.52,1,2,4,8,24,50,3,3
2025-11-29T04:21:41.68005742,"Discontinue the drug order",6161,6161,-,0,0.55,0,1,2,6,13,53,2,3
2025-11-29T04:21:41.68005742,"Discontinue the drug order Redirect 1",6161,6161,-,0,0.55,1,2,4,9,58,243,4,5
2025-11-29T04:21:41.68005742,"Get Drug Orders except the cancelled and expired",2069,2069,-,0,0.18,0,1,2,7,24,48,2,4
2025-11-29T04:21:41.68005742,"Get Drug Orders except the cancelled and expired Redirect 1",2069,2069,-,0,0.18,1,2,4,9,24,51,3,3
2025-11-29T04:21:41.68005742,"Get Drug Orders except the discontinued orders",2069,2069,-,0,0.18,0,1,2,5,32,40,1,2
2025-11-29T04:21:41.68005742,"Get Drug Orders except the discontinued orders Redirect 1",2069,2069,-,0,0.18,1,2,4,9,26,31,3,3
2025-11-29T04:21:41.68005742,"Get Observation Tree Details",6207,6207,-,0,0.55,0,1,2,5,21,48,2,2
2025-11-29T04:21:41.68005742,"Get Observation Tree Details Redirect 1",6207,6206,1,0.02,0.55,1,2,3,9,22,81,3,3
2025-11-29T04:21:41.68005742,"Search for Condition",4138,4138,-,0,0.37,0,1,2,6,49,1492,3,26
2025-11-29T04:21:41.68005742,"Search for Condition Redirect 1",4138,4138,-,0,0.37,1,2,4,11,53,84,3,4
2025-11-29T04:21:41.68005742,"Get Immunizations of Patient",4138,4138,-,0,0.37,0,1,2,6,18,54,2,3
2025-11-29T04:21:41.68005742,"Get Immunizations of Patient Redirect 1",4138,4138,-,0,0.37,1,2,3,10,40,84,3,4
2025-11-29T04:21:41.68005742,"Get all immunizations",2069,2069,-,0,0.18,0,1,1,4,23,35,1,2
2025-11-29T04:21:41.68005742,"Get all immunizations Redirect 1",2069,2069,-,0,0.18,1,2,3,9,41,63,3,3
2025-11-29T04:21:41.68005742,"Submit Patient immunization",2069,2069,-,0,0.18,0,1,2,7,40,702,2,16
2025-11-29T04:21:41.68005742,"Submit Patient immunization Redirect 1",2069,2069,-,0,0.18,1,2,4,13,228,354,4,9
2025-11-29T04:21:41.68005742,"Get Attachments of Patient",4138,4138,-,0,0.37,0,1,2,5,35,553,2,9
2025-11-29T04:21:41.68005742,"Get Attachments of Patient Redirect 1",4138,4138,-,0,0.37,1,2,4,11,53,88,3,4
2025-11-29T04:21:41.68005742,"Get Allowed File Extensions",2069,2069,-,0,0.18,0,1,2,5,21,28,1,2
2025-11-29T04:21:41.68005742,"Get Allowed File Extensions Redirect 1",2069,2069,-,0,0.18,1,2,3,9,39,60,3,3
2025-11-29T04:21:41.68005742,"Get Programs",4138,4138,-,0,0.37,0,1,2,5,19,60,2,3
2025-11-29T04:21:41.68005742,"Get Programs Redirect 1",4138,4138,-,0,0.37,1,2,4,11,114,158,3,4
2025-11-29T04:21:41.68005742,"Add new program to patient",2069,2069,-,0,0.18,0,1,1,5,19,27,1,2
2025-11-29T04:21:41.68005742,"Add new program to patient Redirect 1",2069,-,2069,100,0.18,1,2,3,10,56,82,3,4
2025-11-29T04:21:41.68005742,"Upload Attachment Request",2069,2069,-,0,0.18,3,6,8,15,122,1572,8,35
2025-11-29T04:21:41.68005742,"Upload Attachment Request Redirect 1",2069,2069,-,0,0.18,1,2,4,12,77,104,4,4
2025-11-30T04:31:36.477197326,"Login",44626,44626,-,0,3.95,0,1,2,6,11,1606,2,15
2025-11-30T04:31:36.477197326,"Login Redirect 1",44626,-,44626,100,3.95,1,2,4,9,19,205,4,4
2025-11-30T04:31:36.477197326,"Get locations",50986,50986,-,0,4.52,0,1,2,8,105,1723,3,39
2025-11-30T04:31:36.477197326,"Get locations Redirect 1",50986,50984,2,0,4.52,1,2,4,9,20,344,4,5
2025-11-30T04:31:36.477197326,"Select Location",44626,44626,-,0,3.95,0,1,2,7,70,1583,4,39
2025-11-30T04:31:36.477197326,"Select Location Redirect 1",44626,44626,-,0,3.95,1,2,4,10,20,266,4,5
2025-11-30T04:31:36.477197326,"Get Address Template",53087,53087,-,0,4.7,0,1,2,5,14,1497,2,15
2025-11-30T04:31:36.477197326,"Get Address Template Redirect 1",53087,53087,-,0,4.7,1,2,4,10,20,269,4,5
2025-11-30T04:31:36.477197326,"Get Relationship Types",53087,53087,-,0,4.7,0,1,2,5,9,81,1,2
2025-11-30T04:31:36.477197326,"Get Relationship Types Redirect 1",53087,53087,-,0,4.7,1,2,4,9,21,311,3,4
2025-11-30T04:31:36.477197326,"Get Appointments for Specific Date",44626,44626,-,0,3.95,0,1,2,5,10,56,1,2
2025-11-30T04:31:36.477197326,"Get Appointments for Specific Date Redirect 1",44626,44626,-,0,3.95,1,2,4,9,19,1806,4,10
2025-11-30T04:31:36.477197326,"Get Module Information",58982,58982,-,0,5.23,0,1,2,5,9,70,1,2
2025-11-30T04:31:36.477197326,"Get Module Information Redirect 1",58982,58982,-,0,5.23,1,2,4,9,19,1802,3,8
2025-11-30T04:31:36.477197326,"Get Patient Identifier Types",53087,53087,-,0,4.7,0,1,2,4,10,64,1,2
2025-11-30T04:31:36.477197326,"Get Patient Identifier Types Redirect 1",53087,53087,-,0,4.7,1,2,4,9,19,139,3,4
2025-11-30T04:31:36.477197326,"Get Primary Identifier Term Mapping",96320,96320,-,0,8.54,0,1,2,5,11,1784,2,14
2025-11-30T04:31:36.477197326,"Get Primary Identifier Term Mapping Redirect 1",96320,96320,-,0,8.54,1,2,4,9,20,277,4,4
2025-11-30T04:31:36.477197326,"Get Identifier Source",97713,97713,-,0,8.66,0,1,2,4,9,1789,1,6
2025-11-30T04:31:36.477197326,"Get Identifier Source Redirect 1",97713,97713,-,0,8.66,1,2,4,9,18,144,3,4
2025-11-30T04:31:36.477197326,"Get Locations by Tag and Query",66230,66230,-,0,5.87,0,1,2,5,10,1571,2,13
2025-11-30T04:31:36.477197326,"Get Locations by Tag and Query Redirect 1",66230,66230,-,0,5.87,1,2,4,9,18,1590,3,7
2025-11-30T04:31:36.477197326,"Get Visits",47036,47036,-,0,4.17,0,1,2,5,9,1785,1,12
2025-11-30T04:31:36.477197326,"Get Visits Redirect 1",47036,47036,-,0,4.17,1,2,4,9,18,158,3,4
2025-11-30T04:31:36.477197326,"Get Auto Generation Options",53087,53087,-,0,4.7,0,1,2,4,8,73,1,2
2025-11-30T04:31:36.477197326,"Get Auto Generation Options Redirect 1",53087,53087,-,0,4.7,1,2,4,9,19,71,3,4
2025-11-30T04:31:36.477197326,"Get Queue Entry",59843,59843,-,0,5.3,0,1,2,4,10,74,1,2
2025-11-30T04:31:36.477197326,"Get Queue Entry Redirect 1",59843,59843,-,0,5.3,1,2,4,9,19,207,3,4
2025-11-30T04:31:36.477197326,"Get Visit Types",27499,27499,-,0,2.44,0,1,2,7,95,1541,3,35
2025-11-30T04:31:36.477197326,"Get Visit Types Redirect 1",27499,27499,-,0,2.44,1,2,4,10,40,1581,4,11
2025-11-30T04:31:36.477197326,"Get Current Visit of Patient",46623,46623,-,0,4.13,0,1,2,6,15,1714,2,20
2025-11-30T04:31:36.477197326,"Get Current Visit of Patient Redirect 1",46623,46623,-,0,4.13,1,2,4,10,22,1604,4,11
2025-11-30T04:31:36.477197326,"Get Visits of Patient",48691,48691,-,0,4.32,0,1,2,5,12,1360,2,8
2025-11-30T04:31:36.477197326,"Get Visits of Patient Redirect 1",48691,48691,-,0,4.32,1,2,4,10,30,324,4,5
2025-11-30T04:31:36.477197326,"Get Program Enrollments of Patient",31293,31293,-,0,2.77,0,1,2,5,12,1566,2,20
2025-11-30T04:31:36.477197326,"Get Program Enrollments of Patient Redirect 1",31293,31293,-,0,2.77,1,2,4,9,26,223,3,4
2025-11-30T04:31:36.477197326,"Get Visit Queue Entry",38960,38960,-,0,3.45,0,1,2,5,21,1788,1,9
2025-11-30T04:31:36.477197326,"Get Visit Queue Entry Redirect 1",38960,38960,-,0,3.45,1,2,4,9,29,1609,3,9
2025-11-30T04:31:36.477197326,"Get Appointments of a Patient",27157,27157,-,0,2.41,0,1,2,5,27,1460,2,10
2025-11-30T04:31:36.477197326,"Get Appointments of a Patient Redirect 1",27157,27157,-,0,2.41,1,2,4,10,28,228,3,4
2025-11-30T04:31:36.477197326,"Get Patient Summary Data",44530,44530,-,0,3.95,0,1,2,6,35,1625,2,25
2025-11-30T04:31:36.477197326,"Get Patient Summary Data Redirect 1",44530,-,44530,100,3.95,1,2,4,10,24,283,4,5
2025-11-30T04:31:36.477197326,"Get Active Visits of Patient",70718,70718,-,0,6.27,0,1,2,6,34,1490,2,19
2025-11-30T04:31:36.477197326,"Get Active Visits of Patient Redirect 1",70718,70718,-,0,6.27,1,2,4,10,23,1598,4,8
2025-11-30T04:31:36.477197326,"Get isVisitsEnabled",30946,30946,-,0,2.74,0,1,2,5,14,66,2,2
2025-11-30T04:31:36.477197326,"Get isVisitsEnabled Redirect 1",30946,30946,-,0,2.74,1,2,4,10,40,1575,4,13
2025-11-30T04:31:36.477197326,"Get the status of patient death",42462,42462,-,0,3.76,0,1,2,5,10,54,2,2
2025-11-30T04:31:36.477197326,"Get the status of patient death Redirect 1",42462,42462,-,0,3.76,1,2,4,10,26,152,4,4
2025-11-30T04:31:36.477197326,"Get all the constraints on the vital concepts",30946,30946,-,0,2.74,0,1,2,5,15,77,2,2
2025-11-30T04:31:36.477197326,"Get all the constraints on the vital concepts Redirect 1",30946,30946,-,0,2.74,1,2,4,10,20,210,4,4
2025-11-30T04:31:36.477197326,"Get Patient Observations",76521,76521,-,0,6.78,0,1,2,5,11,1610,2,14
2025-11-30T04:31:36.477197326,"Get Patient Observations Redirect 1",76521,76521,-,0,6.78,1,2,4,9,20,240,3,4
2025-11-30T04:31:36.477197326,"Get Patient Conditions",28978,28978,-,0,2.57,0,1,2,5,12,1794,2,11
2025-11-30T04:31:36.477197326,"Get Patient Conditions Redirect 1",28978,28978,-,0,2.57,1,2,4,9,20,104,3,4
2025-11-30T04:31:36.477197326,"Get Active Orders",24842,24842,-,0,2.2,0,1,2,5,10,58,1,2
2025-11-30T04:31:36.477197326,"Get Active Orders Redirect 1",24842,24842,-,0,2.2,1,2,4,10,43,1802,3,12
2025-11-30T04:31:36.477197326,"Submit Visit Form",25089,25089,-,0,2.22,0,1,2,7,98,1522,3,34
2025-11-30T04:31:36.477197326,"Submit Visit Form Redirect 1",25089,-,25089,100,2.22,1,2,4,10,30,207,4,5
2025-11-30T04:31:36.477197326,"Get Admission Location Info",8584,8584,-,0,0.76,0,1,2,6,117,1452,3,35
2025-11-30T04:31:36.477197326,"Get Admission Location Info Redirect 1",8584,8584,-,0,0.76,1,2,4,10,27,195,3,4
2025-11-30T04:31:36.477197326,"Get Admission Info",8584,8584,-,0,0.76,0,1,2,5,20,73,1,2
2025-11-30T04:31:36.477197326,"Get Admission Info Redirect 1",8584,-,8584,100,0.76,1,2,4,11,28,123,3,4
2025-11-30T04:31:36.477197326,"Get Inpatient Request",8584,8584,-,0,0.76,0,1,2,7,21,47,2,3
2025-11-30T04:31:36.477197326,"Get Inpatient Request Redirect 1",8584,-,8584,100,0.76,1,3,4,12,34,130,4,5
2025-11-30T04:31:36.477197326,"Get Patients",10971,10971,-,0,0.97,0,1,2,7,32,1793,3,31
2025-11-30T04:31:36.477197326,"Get Patients Redirect 1",10971,-,10971,100,0.97,1,2,4,11,41,312,4,6
2025-11-30T04:31:36.477197326,"Get Order Types",6155,6155,-,0,0.55,0,1,2,7,47,1774,3,24
2025-11-30T04:31:36.477197326,"Get Order Types Redirect 1",6155,6155,-,0,0.55,1,2,4,11,34,80,4,4
2025-11-30T04:31:36.477197326,"Get Locations That Support Visits",13381,13381,-,0,1.19,0,1,2,5,15,61,1,2
2025-11-30T04:31:36.477197326,"Get Locations That Support Visits Redirect 1",13381,13381,-,0,1.19,1,2,4,10,52,1572,4,15
2025-11-30T04:31:36.477197326,"Get Beds for Patient",8584,8584,-,0,0.76,0,1,2,5,25,49,2,3
2025-11-30T04:31:36.477197326,"Get Beds for Patient Redirect 1",8584,8584,-,0,0.76,1,2,4,11,43,291,4,6
2025-11-30T04:31:36.477197326,"Save Ward Encounter",21460,21460,-,0,1.9,0,1,2,6,83,1697,2,24
2025-11-30T04:31:36.477197326,"Save Ward Encounter Redirect 1",21460,21460,-,0,1.9,1,2,4,10,32,150,4,4
2025-11-30T04:31:36.477197326,"Save Vitals",5938,5938,-,0,0.53,0,1,2,27,131,1790,4,48
2025-11-30T04:31:36.477197326,"Save Vitals Redirect 1",5938,5938,-,0,0.53,1,2,4,11,27,207,4,5
2025-11-30T04:31:36.477197326,"Search for Drug",12310,12310,-,0,1.09,0,1,2,4,12,52,1,2
2025-11-30T04:31:36.477197326,"Search for Drug Redirect 1",12310,12310,-,0,1.09,1,2,4,8,30,333,4,7
2025-11-30T04:31:36.477197326,"Save Drug Order",6155,6155,-,0,0.55,0,1,2,5,14,44,1,2
2025-11-30T04:31:36.477197326,"Save Drug Order Redirect 1",6155,-,6155,100,0.55,1,2,4,11,32,54,3,3
2025-11-30T04:31:36.477197326,"Get Vitals concept reference ranges",8584,8584,-,0,0.76,0,1,2,5,5,54,1,2
2025-11-30T04:31:36.477197326,"Get Vitals concept reference ranges Redirect 1",8584,8584,-,0,0.76,1,2,4,12,210,305,3,5
2025-11-30T04:31:36.477197326,"Get Transfer Locations configuration data",8584,8584,-,0,0.76,0,1,2,7,61,1014,2,21
2025-11-30T04:31:36.477197326,"Get Transfer Locations configuration data Redirect 1",8584,8584,-,0,0.76,1,2,4,10,28,121,3,4
2025-11-30T04:31:36.477197326,"Get Transferable locations",8584,8584,-,0,0.76,0,1,2,5,13,64,1,2
2025-11-30T04:31:36.477197326,"Get Transferable locations Redirect 1",8584,8584,-,0,0.76,1,2,4,7,34,152,3,4
2025-11-30T04:31:36.477197326,"Get the details of a orderType",5895,5895,-,0,0.52,0,1,2,5,7,45,2,2
2025-11-30T04:31:36.477197326,"Get All Form Encounters",2068,2068,-,0,0.18,0,1,2,4,11,29,2,2
2025-11-30T04:31:36.477197326,"Get All Form Encounters Redirect 1",2068,2068,-,0,0.18,1,2,4,11,23,52,4,4
2025-11-30T04:31:36.477197326,"Get the details of a orderType Redirect 1",5895,5895,-,0,0.52,1,2,4,14,32,239,4,5
2025-11-30T04:31:36.477197326,"Get All Forms",2068,2068,-,0,0.18,0,1,2,6,32,40,1,2
2025-11-30T04:31:36.477197326,"Get all Lab order details",5895,5895,-,0,0.52,0,1,2,5,25,46,1,2
2025-11-30T04:31:36.477197326,"Get All Forms Redirect 1",2068,2068,-,0,0.18,1,2,4,12,53,71,4,4
2025-11-30T04:31:36.477197326,"Get all Lab order details Redirect 1",5895,5895,-,0,0.52,1,2,4,11,34,116,4,4
2025-11-30T04:31:36.477197326,"Add a lab order",5895,5895,-,0,0.52,0,1,2,5,12,56,1,2
2025-11-30T04:31:36.477197326,"Add a lab order Redirect 1",5895,-,5895,100,0.52,1,2,4,11,22,117,4,4
2025-11-30T04:31:36.477197326,"Get Allergies of Patient",5938,5938,-,0,0.53,0,1,2,6,64,1564,3,29
2025-11-30T04:31:36.477197326,"Get Allergies of Patient Redirect 1",5938,5938,-,0,0.53,1,2,4,11,54,1572,4,21
2025-11-30T04:31:36.477197326,"Get Drug Allergens",5938,5938,-,0,0.53,0,1,2,5,19,57,1,2
2025-11-30T04:31:36.477197326,"Get Drug Allergens Redirect 1",5938,5938,-,0,0.53,1,2,4,10,33,167,4,5
2025-11-30T04:31:36.477197326,"Get Environment Allergens",5938,5938,-,0,0.53,0,1,2,5,13,42,1,2
2025-11-30T04:31:36.477197326,"Get Environment Allergens Redirect 1",5938,5938,-,0,0.53,1,2,4,10,28,55,3,4
2025-11-30T04:31:36.477197326,"Get Food Allergens",5938,5938,-,0,0.53,0,1,2,5,22,49,1,2
2025-11-30T04:31:36.477197326,"Get Food Allergens Redirect 1",5938,5938,-,0,0.53,1,2,4,10,25,52,3,4
2025-11-30T04:31:36.477197326,"Get Allergic Reactions Allergens",5938,5938,-,0,0.53,0,1,2,5,12,25,1,2
2025-11-30T04:31:36.477197326,"Get Allergic Reactions Allergens Redirect 1",5938,5938,-,0,0.53,1,2,4,11,26,59,3,4
2025-11-30T04:31:36.477197326,"Get medication request encounters",18465,18465,-,0,1.64,0,1,2,7,107,1552,3,37
2025-11-30T04:31:36.477197326,"Get medication request encounters Redirect 1",18465,-,18465,100,1.64,1,2,4,11,42,1597,4,13
2025-11-30T04:31:36.477197326,"Get all patient lists",20552,20552,-,0,1.82,0,1,2,6,31,1221,2,17
2025-11-30T04:31:36.477197326,"Get all patient lists Redirect 1",20552,20552,-,0,1.82,1,2,4,10,28,1808,4,14
2025-11-30T04:31:36.477197326,"Get Person Attribute Type",8461,8461,-,0,0.75,0,1,2,4,16,45,1,2
2025-11-30T04:31:36.477197326,"Get Person Attribute Type Redirect 1",8461,8461,-,0,0.75,1,2,4,11,26,62,3,4
2025-11-30T04:31:36.477197326,"Get All Appointment Services(full)",7230,7230,-,0,0.64,0,1,2,6,14,47,2,2
2025-11-30T04:31:36.477197326,"Get All Appointment Services(full) Redirect 1",7230,7230,-,0,0.64,1,2,4,9,102,240,4,5
2025-11-30T04:31:36.477197326,"Get all appointments for a specific day",4820,4820,-,0,0.43,0,1,2,6,14,44,2,2
2025-11-30T04:31:36.477197326,"Get all appointments for a specific day Redirect 1",4820,4820,-,0,0.43,1,2,4,10,23,177,4,5
2025-11-30T04:31:36.477197326,"Get all appointment summaries",4820,4820,-,0,0.43,0,1,2,5,15,27,1,2
2025-11-30T04:31:36.477197326,"Get all appointment summaries Redirect 1",4820,4820,-,0,0.43,1,2,4,10,29,159,4,5
2025-11-30T04:31:36.477197326,"Get Ordered Address Hierarchy Levels",8461,8461,-,0,0.75,0,1,2,5,23,38,1,2
2025-11-30T04:31:36.477197326,"Get Appointment By Status",19280,19280,-,0,1.71,0,1,2,5,10,45,1,2
2025-11-30T04:31:36.477197326,"Get Ordered Address Hierarchy Levels Redirect 1",8461,8461,-,0,0.75,1,2,4,10,26,94,3,4
2025-11-30T04:31:36.477197326,"Get Appointment By Status Redirect 1",19280,19280,-,0,1.71,1,2,4,10,26,99,3,4
2025-11-30T04:31:36.477197326,"Get all default appointment services",4820,4820,-,0,0.43,0,1,1,4,5,54,1,2
2025-11-30T04:31:36.477197326,"Get all default appointment services Redirect 1",4820,4820,-,0,0.43,1,2,4,10,24,65,3,4
2025-11-30T04:31:36.477197326,"Get all visits of the given location with date",4820,4820,-,0,0.43,0,1,1,5,28,1574,2,23
2025-11-30T04:31:36.477197326,"Get all visits of the given location with date Redirect 1",4820,4820,-,0,0.43,1,2,3,8,21,56,3,3
2025-11-30T04:31:36.477197326,"Get Patient Allergy Intolerance",6155,6155,-,0,0.55,0,1,2,23,97,1467,3,36
2025-11-30T04:31:36.477197326,"Get Patient Allergy Intolerance Redirect 1",6155,6155,-,0,0.55,1,2,4,14,35,104,4,4
2025-11-30T04:31:36.477197326,"Get All Providers",14720,14720,-,0,1.3,0,1,2,5,13,58,2,2
2025-11-30T04:31:36.477197326,"Get All Providers Redirect 1",14720,14720,-,0,1.3,1,2,4,11,29,149,4,4
2025-11-30T04:31:36.477197326,"Get all active Lab orders",17685,17685,-,0,1.57,0,1,2,8,38,1283,2,12
2025-11-30T04:31:36.477197326,"Get Clinical Form by UUID",2068,2068,-,0,0.18,0,1,2,4,14,68,2,3
2025-11-30T04:31:36.477197326,"Get all active Lab orders Redirect 1",17685,17685,-,0,1.57,1,2,4,11,41,335,4,6
2025-11-30T04:31:36.477197326,"Get Clinical Form by UUID Redirect 1",2068,-,2068,100,0.18,1,2,4,14,108,156,4,5
2025-11-30T04:31:36.477197326,"Get Lab Orders by full filler status",53055,53055,-,0,4.7,0,1,2,5,15,87,2,2
2025-11-30T04:31:36.477197326,"Get Lab Orders by full filler status Redirect 1",53055,53055,-,0,4.7,1,2,4,11,36,1629,3,9
2025-11-30T04:31:36.477197326,"Get Encounter Roles",2068,2068,-,0,0.18,0,1,2,6,23,38,2,2
2025-11-30T04:31:36.477197326,"Get Encounter Roles Redirect 1",2068,2068,-,0,0.18,1,3,5,13,27,71,4,5
2025-11-30T04:31:36.477197326,"Get Latest FHIR Encounter",2068,2068,-,0,0.18,0,1,2,6,19,54,2,3
2025-11-30T04:31:36.477197326,"Get Latest FHIR Encounter Redirect 1",2068,-,2068,100,0.18,1,3,5,13,42,51,4,4
2025-11-30T04:31:36.477197326,"Get patient identification photo",23775,23775,-,0,2.11,0,1,2,6,18,51,2,2
2025-11-30T04:31:36.477197326,"Get patient identification photo Redirect 1",23775,23775,-,0,2.11,1,2,4,11,27,198,4,4
2025-11-30T04:31:36.477197326,"Get Person Attributes",4786,4786,-,0,0.42,0,1,2,6,13,50,2,2
2025-11-30T04:31:36.477197326,"Get Person Attributes Redirect 1",4786,4786,-,0,0.42,1,2,4,10,25,54,4,4
2025-11-30T04:31:36.477197326,"Get Patient Identifiers",4786,4786,-,0,0.42,0,1,2,6,25,37,2,2
2025-11-30T04:31:36.477197326,"Get Patient Identifiers Redirect 1",4786,4786,-,0,0.42,1,2,4,10,22,52,4,4
2025-11-30T04:31:36.477197326,"Get Relationships of Person",4786,4786,-,0,0.42,0,1,2,6,32,40,2,2
2025-11-30T04:31:36.477197326,"Get Relationships of Person Redirect 1",4786,4786,-,0,0.42,1,2,4,10,32,46,4,3
2025-11-30T04:31:36.477197326,"Save an Allergy",5938,5938,-,0,0.53,0,1,2,8,95,1387,3,25
2025-11-30T04:31:36.477197326,"Save an Allergy Redirect 1",5938,5938,-,0,0.53,1,2,4,10,28,165,4,5
2025-11-30T04:31:36.477197326,"Submit visit queue entry",4269,4269,-,0,0.38,0,1,2,5,14,25,2,2
2025-11-30T04:31:36.477197326,"Submit visit queue entry Redirect 1",4269,-,4269,100,0.38,1,3,5,9,20,58,4,3
2025-11-30T04:31:36.477197326,"Create a patient list",5138,5138,-,0,0.46,0,1,2,7,164,1416,5,52
2025-11-30T04:31:36.477197326,"Create a patient list Redirect 1",5138,-,5138,100,0.46,1,2,4,14,112,156,4,5
2025-11-30T04:31:36.477197326,"Get Order Entry Config",6155,6155,-,0,0.55,0,1,3,7,17,55,2,3
2025-11-30T04:31:36.477197326,"Get Order Entry Config Redirect 1",6155,6155,-,0,0.55,1,3,5,14,86,245,4,7
2025-11-30T04:31:36.477197326,"Get ValueSet by UUID",18465,18465,-,0,1.64,0,1,2,5,12,58,2,2
2025-11-30T04:31:36.477197326,"Get ValueSet by UUID Redirect 1",18465,18465,-,0,1.64,1,3,5,11,27,202,4,5
2025-11-30T04:31:36.477197326,"Get Medication by UUID",6155,6155,-,0,0.55,0,1,2,6,21,40,2,2
2025-11-30T04:31:36.477197326,"Get Medication by UUID Redirect 1",6155,6155,-,0,0.55,1,2,4,13,106,213,4,5
2025-11-30T04:31:36.477197326,"Search Medication by Code Redirect 1",6155,6155,-,0,0.55,1,2,4,10,23,76,4,4
2025-11-30T04:31:36.477197326,"Search Medication by Code",6155,6155,-,0,0.55,0,1,2,6,32,40,2,2
2025-11-30T04:31:36.477197326,"Get Locations Search Set",4292,4292,-,0,0.38,0,1,2,4,20,29,1,2
2025-11-30T04:31:36.477197326,"Get Locations Search Set Redirect 1",4292,4292,-,0,0.38,1,2,4,10,105,221,4,5
2025-11-30T04:31:36.477197326,"Change the session location",4292,4292,-,0,0.38,0,1,2,5,16,42,1,2
2025-11-30T04:31:36.477197326,"Change the session location Redirect 1",4292,4292,-,0,0.38,1,2,4,11,163,249,3,5
2025-11-30T04:31:36.477197326,"Get service concept set",4269,4269,-,0,0.38,0,1,2,8,139,1714,4,42
2025-11-30T04:31:36.477197326,"Get service concept set Redirect 1",4269,-,4269,100,0.38,1,2,4,13,90,145,4,5
2025-11-30T04:31:36.477197326,"Submit new Service queue",4269,4269,-,0,0.38,0,1,3,6,18,69,2,3
2025-11-30T04:31:36.477197326,"Submit new Service queue Redirect 1",4269,-,4269,100,0.38,1,3,5,14,65,217,4,6
2025-11-30T04:31:36.477197326,"Save a clinical form",2068,2068,-,0,0.18,0,1,2,8,81,1373,3,36
2025-11-30T04:31:36.477197326,"Save a clinical form Redirect 1",2068,2068,-,0,0.18,1,2,4,13,73,117,4,5
2025-11-30T04:31:36.477197326,"Edit patient details",4786,4786,-,0,0.42,0,1,2,8,120,1532,4,43
2025-11-30T04:31:36.477197326,"Edit patient details Redirect 1",4786,4786,-,0,0.42,1,2,4,9,25,103,4,4
2025-11-30T04:31:36.477197326,"Check Appointment Conflicts",2410,2410,-,0,0.21,0,1,2,7,100,915,3,30
2025-11-30T04:31:36.477197326,"Check Appointment Conflicts Redirect 1",2410,2410,-,0,0.21,1,2,4,13,74,143,4,6
2025-11-30T04:31:36.477197326,"Create Appointment",2410,2410,-,0,0.21,0,1,2,6,26,33,2,2
2025-11-30T04:31:36.477197326,"Create Appointment Redirect 1",2410,-,2410,100,0.21,1,2,4,10,28,73,3,4
2025-11-30T04:31:36.477197326,"Submit transition request",4269,4269,-,0,0.38,0,1,2,8,107,1330,4,39
2025-11-30T04:31:36.477197326,"Submit transition request Redirect 1",4269,4269,-,0,0.38,1,2,4,11,31,127,4,5
2025-11-30T04:31:36.477197326,"Get Patient Encounters",2068,2068,-,0,0.18,0,1,2,6,25,35,2,2
2025-11-30T04:31:36.477197326,"Get Patient Encounters Redirect 1",2068,2068,-,0,0.18,1,2,4,10,21,51,3,4
2025-11-30T04:31:36.477197326,"Get Lab Results of Patient",4136,4136,-,0,0.37,0,1,2,5,13,35,1,2
2025-11-30T04:31:36.477197326,"Get Lab Results of Patient Redirect 1",4136,-,4136,100,0.37,1,2,4,10,31,49,3,3
2025-11-30T04:31:36.477197326,"Generate OMRS Identifier",3675,3675,-,0,0.33,0,1,2,8,54,1382,3,24
2025-11-30T04:31:36.477197326,"Generate OMRS Identifier Redirect 1",3675,-,3675,100,0.33,1,2,4,14,833,1576,4,26
2025-11-30T04:31:36.477197326,"Get Alkaline concept details",5895,5895,-,0,0.52,0,1,2,15,151,1500,4,46
2025-11-30T04:31:36.477197326,"Get Alkaline concept details Redirect 1",5895,5895,-,0,0.52,1,2,4,11,33,204,4,6
2025-11-30T04:31:36.477197326,"Get Visits With Diagnoses and Notes (new endpoint)",2068,2068,-,0,0.18,0,1,2,8,70,1401,3,31
2025-11-30T04:31:36.477197326,"Update the Lab Order Completion",5895,5895,-,0,0.52,0,1,2,7,63,87,2,3
2025-11-30T04:31:36.477197326,"Get Visits With Diagnoses and Notes (new endpoint) Redirect 1",2068,2068,-,0,0.18,1,2,4,13,116,149,4,5
2025-11-30T04:31:36.477197326,"Update the Lab Order Completion Redirect 1",5895,5895,-,0,0.52,1,2,4,13,199,256,4,6
2025-11-30T04:31:36.477197326,"Discontinue the drug order",6155,6155,-,0,0.55,0,1,3,8,53,68,2,3
2025-11-30T04:31:36.477197326,"Discontinue the drug order Redirect 1",6155,6155,-,0,0.55,1,3,5,10,25,150,4,4
2025-11-30T04:31:36.477197326,"Get Drug Orders except the cancelled and expired",2068,2068,-,0,0.18,0,1,2,7,133,1135,3,39
2025-11-30T04:31:36.477197326,"Get Drug Orders except the cancelled and expired Redirect 1",2068,2068,-,0,0.18,1,2,4,10,95,182,4,6
2025-11-30T04:31:36.477197326,"Get Drug Orders except the discontinued orders",2068,2068,-,0,0.18,0,1,2,4,37,65,2,3
2025-11-30T04:31:36.477197326,"Get Drug Orders except the discontinued orders Redirect 1",2068,2068,-,0,0.18,1,2,4,10,33,41,3,3
2025-11-30T04:31:36.477197326,"Get Observation Tree Details",6204,6204,-,0,0.55,0,1,2,6,20,52,2,3
2025-11-30T04:31:36.477197326,"Get Observation Tree Details Redirect 1",6204,6204,-,0,0.55,1,2,4,10,21,70,3,4
2025-11-30T04:31:36.477197326,"Search for Condition",4136,4136,-,0,0.37,0,1,2,6,107,1207,4,37
2025-11-30T04:31:36.477197326,"Search for Condition Redirect 1",4136,4136,-,0,0.37,1,2,4,10,24,163,4,5
2025-11-30T04:31:36.477197326,"Get Immunizations of Patient",4136,4136,-,0,0.37,0,1,2,5,27,365,2,6
2025-11-30T04:31:36.477197326,"Get Immunizations of Patient Redirect 1",4136,4136,-,0,0.37,1,2,4,10,30,191,4,5
2025-11-30T04:31:36.477197326,"Get all immunizations",2068,2068,-,0,0.18,0,1,2,4,12,31,1,2
2025-11-30T04:31:36.477197326,"Get all immunizations Redirect 1",2068,2068,-,0,0.18,1,2,4,9,25,46,3,3
2025-11-30T04:31:36.477197326,"Submit Patient immunization",2068,2068,-,0,0.18,0,1,2,8,61,711,3,18
2025-11-30T04:31:36.477197326,"Submit Patient immunization Redirect 1",2068,2068,-,0,0.18,1,2,4,12,41,73,4,4
2025-11-30T04:31:36.477197326,"Get Attachments of Patient",4136,4136,-,0,0.37,0,1,2,5,100,1397,3,33
2025-11-30T04:31:36.477197326,"Get Attachments of Patient Redirect 1",4136,4136,-,0,0.37,1,2,4,13,115,149,4,5
2025-11-30T04:31:36.477197326,"Get Allowed File Extensions",2068,2068,-,0,0.18,0,1,2,5,29,63,1,3
2025-11-30T04:31:36.477197326,"Get Allowed File Extensions Redirect 1",2068,2068,-,0,0.18,1,2,4,13,118,155,4,6
2025-11-30T04:31:36.477197326,"Get Programs",4136,4136,-,0,0.37,0,1,2,6,87,1252,3,37
2025-11-30T04:31:36.477197326,"Get Programs Redirect 1",4136,4136,-,0,0.37,1,2,4,13,122,254,4,7
2025-11-30T04:31:36.477197326,"Add new program to patient",2068,2068,-,0,0.18,0,1,1,5,21,44,1,2
2025-11-30T04:31:36.477197326,"Add new program to patient Redirect 1",2068,-,2068,100,0.18,1,2,4,11,46,56,3,4
2025-11-30T04:31:36.477197326,"Upload Attachment Request",2068,2068,-,0,0.18,3,6,9,17,104,1254,9,31
2025-11-30T04:31:36.477197326,"Upload Attachment Request Redirect 1",2068,2068,-,0,0.18,1,2,4,10,31,115,4,5
2025-12-01T04:35:29.514715189,"Login",44738,44738,-,0,3.97,0,1,2,4,7,58,2,2
2025-12-01T04:35:29.514715189,"Login Redirect 1",44738,-,44738,100,3.97,1,2,3,7,12,59,3,2
2025-12-01T04:35:29.514715189,"Get locations",51114,51114,-,0,4.53,0,1,1,4,14,50,1,3
2025-12-01T04:35:29.514715189,"Get locations Redirect 1",51114,51114,-,0,4.53,1,2,3,7,12,49,3,2
2025-12-01T04:35:29.514715189,"Select Location",44738,44738,-,0,3.97,0,1,1,4,12,48,1,2
2025-12-01T04:35:29.514715189,"Select Location Redirect 1",44738,44738,-,0,3.97,1,2,3,7,12,57,3,2
2025-12-01T04:35:29.514715189,"Get Address Template",53226,53226,-,0,4.72,0,1,1,4,6,51,1,2
2025-12-01T04:35:29.514715189,"Get Address Template Redirect 1",53226,53226,-,0,4.72,1,2,3,7,12,44,3,2
2025-12-01T04:35:29.514715189,"Get Relationship Types",53226,53226,-,0,4.72,0,1,1,3,6,44,1,1
2025-12-01T04:35:29.514715189,"Get Relationship Types Redirect 1",53226,53226,-,0,4.72,1,2,3,6,11,54,3,2
2025-12-01T04:35:29.514715189,"Get Appointments for Specific Date",44738,44738,-,0,3.97,0,1,1,3,6,36,1,1
2025-12-01T04:35:29.514715189,"Get Appointments for Specific Date Redirect 1",44738,44738,-,0,3.97,1,2,3,7,11,59,3,2
2025-12-01T04:35:29.514715189,"Get Module Information",59132,59132,-,0,5.24,0,1,1,3,5,47,1,1
2025-12-01T04:35:29.514715189,"Get Module Information Redirect 1",59132,59132,-,0,5.24,1,2,3,6,11,58,3,2
2025-12-01T04:35:29.514715189,"Get Patient Identifier Types",53226,53226,-,0,4.72,0,1,1,3,5,40,1,1
2025-12-01T04:35:29.514715189,"Get Patient Identifier Types Redirect 1",53226,53226,-,0,4.72,1,2,3,6,11,53,3,2
2025-12-01T04:35:29.514715189,"Get Primary Identifier Term Mapping",96567,96567,-,0,8.56,0,1,1,3,6,55,1,2
2025-12-01T04:35:29.514715189,"Get Primary Identifier Term Mapping Redirect 1",96567,96567,-,0,8.56,1,2,3,7,11,58,3,2
2025-12-01T04:35:29.514715189,"Get Identifier Source",97964,97964,-,0,8.68,0,1,1,3,5,45,1,1
2025-12-01T04:35:29.514715189,"Get Identifier Source Redirect 1",97964,97963,1,0,8.68,1,2,3,6,11,56,2,2
2025-12-01T04:35:29.514715189,"Get Locations by Tag and Query",66394,66394,-,0,5.88,0,1,1,3,6,46,1,1
2025-12-01T04:35:29.514715189,"Get Locations by Tag and Query Redirect 1",66394,66394,-,0,5.88,1,2,3,6,11,57,3,2
2025-12-01T04:35:29.514715189,"Get Visits",47153,47153,-,0,4.18,0,1,1,3,5,54,1,1
2025-12-01T04:35:29.514715189,"Get Visits Redirect 1",47153,47153,-,0,4.18,1,2,3,6,11,58,2,2
2025-12-01T04:35:29.514715189,"Get Auto Generation Options",53226,53226,-,0,4.72,0,1,1,3,5,38,1,1
2025-12-01T04:35:29.514715189,"Get Auto Generation Options Redirect 1",53226,53226,-,0,4.72,1,2,3,6,10,48,2,2
2025-12-01T04:35:29.514715189,"Get Queue Entry",59999,59999,-,0,5.32,0,1,1,3,6,45,1,1
2025-12-01T04:35:29.514715189,"Get Queue Entry Redirect 1",59999,59999,-,0,5.32,1,2,3,6,11,54,3,2
2025-12-01T04:35:29.514715189,"Get Visit Types",27562,27562,-,0,2.44,0,1,1,4,16,46,1,3
2025-12-01T04:35:29.514715189,"Get Visit Types Redirect 1",27562,27562,-,0,2.44,1,2,3,7,12,53,3,2
2025-12-01T04:35:29.514715189,"Get Current Visit of Patient",46723,46723,-,0,4.14,0,1,2,4,11,44,1,2
2025-12-01T04:35:29.514715189,"Get Current Visit of Patient Redirect 1",46723,46723,-,0,4.14,1,2,3,7,13,59,3,2
2025-12-01T04:35:29.514715189,"Get Visits of Patient",48796,48796,-,0,4.33,0,1,1,3,7,47,1,1
2025-12-01T04:35:29.514715189,"Get Visits of Patient Redirect 1",48796,48796,-,0,4.33,1,2,3,7,16,55,3,2
2025-12-01T04:35:29.514715189,"Get Program Enrollments of Patient",31366,31366,-,0,2.78,0,1,1,3,7,42,1,1
2025-12-01T04:35:29.514715189,"Get Program Enrollments of Patient Redirect 1",31366,31366,-,0,2.78,1,2,3,6,12,47,3,2
2025-12-01T04:35:29.514715189,"Get Visit Queue Entry",39053,39053,-,0,3.46,0,1,1,3,6,49,1,1
2025-12-01T04:35:29.514715189,"Get Visit Queue Entry Redirect 1",39053,39053,-,0,3.46,1,2,3,6,12,57,3,2
2025-12-01T04:35:29.514715189,"Get Appointments of a Patient",27220,27220,-,0,2.41,0,1,1,3,12,39,1,1
2025-12-01T04:35:29.514715189,"Get Appointments of a Patient Redirect 1",27220,27220,-,0,2.41,1,2,3,6,12,50,2,2
2025-12-01T04:35:29.514715189,"Get Patient Summary Data",44650,44650,-,0,3.96,0,1,1,4,9,42,1,2
2025-12-01T04:35:29.514715189,"Get Patient Summary Data Redirect 1",44650,-,44650,100,3.96,1,2,3,6,13,55,3,2
2025-12-01T04:35:29.514715189,"Get Active Visits of Patient",70889,70889,-,0,6.28,0,1,2,4,9,53,1,2
2025-12-01T04:35:29.514715189,"Get Active Visits of Patient Redirect 1",70889,70889,-,0,6.28,1,2,3,6,13,49,3,2
2025-12-01T04:35:29.514715189,"Get isVisitsEnabled",31026,31026,-,0,2.75,0,1,1,4,6,40,1,1
2025-12-01T04:35:29.514715189,"Get isVisitsEnabled Redirect 1",31026,31026,-,0,2.75,1,2,3,7,12,53,3,2
2025-12-01T04:35:29.514715189,"Get the status of patient death",42577,42577,-,0,3.77,0,1,1,3,6,38,1,1
2025-12-01T04:35:29.514715189,"Get the status of patient death Redirect 1",42577,42577,-,0,3.77,1,2,3,6,12,55,3,2
2025-12-01T04:35:29.514715189,"Get all the constraints on the vital concepts",31026,31026,-,0,2.75,0,1,1,3,6,41,1,1
2025-12-01T04:35:29.514715189,"Get all the constraints on the vital concepts Redirect 1",31026,31026,-,0,2.75,1,2,3,6,13,56,3,2
2025-12-01T04:35:29.514715189,"Get Patient Observations",76726,76726,-,0,6.8,0,1,1,3,6,45,1,1
2025-12-01T04:35:29.514715189,"Get Patient Observations Redirect 1",76726,76726,-,0,6.8,1,2,3,6,11,54,3,2
2025-12-01T04:35:29.514715189,"Get Patient Conditions",29052,29052,-,0,2.58,0,1,1,3,7,38,1,1
2025-12-01T04:35:29.514715189,"Get Patient Conditions Redirect 1",29052,29052,-,0,2.58,1,2,3,6,12,67,3,2
2025-12-01T04:35:29.514715189,"Get Active Orders",24906,24906,-,0,2.21,0,1,1,3,6,48,1,1
2025-12-01T04:35:29.514715189,"Get Active Orders Redirect 1",24906,24906,-,0,2.21,1,2,3,6,11,49,2,2
2025-12-01T04:35:29.514715189,"Submit Visit Form",25147,25147,-,0,2.23,0,1,1,4,13,45,1,2
2025-12-01T04:35:29.514715189,"Submit Visit Form Redirect 1",25147,-,25147,100,2.23,1,2,3,7,19,46,3,2
2025-12-01T04:35:29.514715189,"Get Admission Location Info",8606,8606,-,0,0.76,0,1,1,4,15,43,1,2
2025-12-01T04:35:29.514715189,"Get Admission Location Info Redirect 1",8606,8606,-,0,0.76,1,2,3,6,14,54,3,2
2025-12-01T04:35:29.514715189,"Get Admission Info",8606,8606,-,0,0.76,0,1,1,3,7,38,1,2
2025-12-01T04:35:29.514715189,"Get Admission Info Redirect 1",8606,-,8606,100,0.76,1,2,3,7,18,50,3,2
2025-12-01T04:35:29.514715189,"Get Inpatient Request",8606,8606,-,0,0.76,0,1,2,5,13,37,2,2
2025-12-01T04:35:29.514715189,"Get Inpatient Request Redirect 1",8606,-,8606,100,0.76,1,2,3,8,21,45,3,3
2025-12-01T04:35:29.514715189,"Get Patients",11000,11000,-,0,0.98,0,1,2,4,13,40,1,2
2025-12-01T04:35:29.514715189,"Get Patients Redirect 1",11000,-,11000,100,0.98,1,2,3,7,14,56,3,2
2025-12-01T04:35:29.514715189,"Get Order Types",6168,6168,-,0,0.55,0,1,1,5,20,40,1,3
2025-12-01T04:35:29.514715189,"Get Order Types Redirect 1",6168,6168,-,0,0.55,1,2,3,8,34,49,3,2
2025-12-01T04:35:29.514715189,"Get Locations That Support Visits",13415,13415,-,0,1.19,0,1,1,3,9,34,1,1
2025-12-01T04:35:29.514715189,"Get Locations That Support Visits Redirect 1",13415,13415,-,0,1.19,1,2,3,7,14,45,3,2
2025-12-01T04:35:29.514715189,"Get Beds for Patient",8606,8606,-,0,0.76,0,1,1,5,8,30,1,2
2025-12-01T04:35:29.514715189,"Get Beds for Patient Redirect 1",8606,8606,-,0,0.76,1,2,3,7,31,54,3,2
2025-12-01T04:35:29.514715189,"Save Ward Encounter",21515,21515,-,0,1.91,0,1,1,4,7,40,1,2
2025-12-01T04:35:29.514715189,"Save Ward Encounter Redirect 1",21515,21515,-,0,1.91,1,2,3,6,18,53,3,2
2025-12-01T04:35:29.514715189,"Save Vitals",5953,5953,-,0,0.53,0,1,1,5,14,43,1,3
2025-12-01T04:35:29.514715189,"Save Vitals Redirect 1",5953,5953,-,0,0.53,1,2,3,7,14,51,3,2
2025-12-01T04:35:29.514715189,"Search for Drug",12336,12336,-,0,1.09,0,1,1,3,7,41,1,1
2025-12-01T04:35:29.514715189,"Search for Drug Redirect 1",12336,12336,-,0,1.09,1,2,3,5,15,45,3,2
2025-12-01T04:35:29.514715189,"Save Drug Order",6168,6168,-,0,0.55,0,1,1,3,8,41,1,1
2025-12-01T04:35:29.514715189,"Save Drug Order Redirect 1",6168,-,6168,100,0.55,1,2,3,7,15,52,3,2
2025-12-01T04:35:29.514715189,"Get Vitals concept reference ranges",8606,8606,-,0,0.76,0,1,1,3,6,40,1,1
2025-12-01T04:35:29.514715189,"Get Vitals concept reference ranges Redirect 1",8606,8606,-,0,0.76,1,2,3,6,14,42,3,2
2025-12-01T04:35:29.514715189,"Get Transfer Locations configuration data",8606,8606,-,0,0.76,0,1,1,4,11,41,1,2
2025-12-01T04:35:29.514715189,"Get Transfer Locations configuration data Redirect 1",8606,8606,-,0,0.76,1,2,3,6,15,48,3,2
2025-12-01T04:35:29.514715189,"Get Transferable locations",8606,8606,-,0,0.76,0,1,1,3,9,38,1,1
2025-12-01T04:35:29.514715189,"Get Transferable locations Redirect 1",8606,8606,-,0,0.76,1,2,3,7,10,40,2,2
2025-12-01T04:35:29.514715189,"Get the details of a orderType",5906,5906,-,0,0.52,0,1,1,4,13,31,1,1
2025-12-01T04:35:29.514715189,"Get All Form Encounters",2073,2073,-,0,0.18,0,1,1,4,26,34,1,1
2025-12-01T04:35:29.514715189,"Get All Form Encounters Redirect 1",2073,2073,-,0,0.18,1,2,3,7,16,39,3,2
2025-12-01T04:35:29.514715189,"Get the details of a orderType Redirect 1",5906,5906,-,0,0.52,1,2,3,7,19,46,3,2
2025-12-01T04:35:29.514715189,"Get All Forms",2073,2073,-,0,0.18,0,1,1,3,7,22,1,1
2025-12-01T04:35:29.514715189,"Get All Forms Redirect 1",2073,2073,-,0,0.18,1,2,3,7,13,34,3,2
2025-12-01T04:35:29.514715189,"Get all Lab order details",5906,5906,-,0,0.52,0,1,1,4,20,29,1,1
2025-12-01T04:35:29.514715189,"Get all Lab order details Redirect 1",5906,5906,-,0,0.52,1,2,3,8,23,41,3,2
2025-12-01T04:35:29.514715189,"Add a lab order",5906,5906,-,0,0.52,0,1,1,3,7,46,1,1
2025-12-01T04:35:29.514715189,"Add a lab order Redirect 1",5906,-,5906,100,0.52,1,2,3,7,19,43,2,2
2025-12-01T04:35:29.514715189,"Get Allergies of Patient",5953,5953,-,0,0.53,0,1,1,6,17,50,1,3
2025-12-01T04:35:29.514715189,"Get Allergies of Patient Redirect 1",5953,5953,-,0,0.53,1,2,3,7,13,45,3,2
2025-12-01T04:35:29.514715189,"Get Drug Allergens",5953,5953,-,0,0.53,0,1,1,3,7,50,1,2
2025-12-01T04:35:29.514715189,"Get Drug Allergens Redirect 1",5953,5953,-,0,0.53,1,2,3,6,22,43,3,2
2025-12-01T04:35:29.514715189,"Get Environment Allergens",5953,5953,-,0,0.53,0,1,1,4,12,37,1,1
2025-12-01T04:35:29.514715189,"Get Environment Allergens Redirect 1",5953,5953,-,0,0.53,1,2,3,5,19,40,3,2
2025-12-01T04:35:29.514715189,"Get Food Allergens",5953,5953,-,0,0.53,0,1,1,3,7,19,1,1
2025-12-01T04:35:29.514715189,"Get Food Allergens Redirect 1",5953,5953,-,0,0.53,1,2,3,8,15,56,3,2
2025-12-01T04:35:29.514715189,"Get Allergic Reactions Allergens",5953,5953,-,0,0.53,0,1,1,3,10,43,1,2
2025-12-01T04:35:29.514715189,"Get Allergic Reactions Allergens Redirect 1",5953,5953,-,0,0.53,1,2,3,6,26,43,3,2
2025-12-01T04:35:29.514715189,"Get medication request encounters",18504,18504,-,0,1.64,0,1,1,5,17,46,1,2
2025-12-01T04:35:29.514715189,"Get medication request encounters Redirect 1",18504,-,18504,100,1.64,1,2,3,6,25,53,3,2
2025-12-01T04:35:29.514715189,"Get Person Attribute Type Redirect 1",8488,8487,1,0.01,0.75,1,2,3,5,15,47,3,2
2025-12-01T04:35:29.514715189,"Get Person Attribute Type",8488,8488,-,0,0.75,0,1,1,4,25,35,1,1
2025-12-01T04:35:29.514715189,"Get Ordered Address Hierarchy Levels",8488,8488,-,0,0.75,0,1,1,3,9,41,1,1
2025-12-01T04:35:29.514715189,"Get Ordered Address Hierarchy Levels Redirect 1",8488,8488,-,0,0.75,1,2,3,5,14,59,2,2
2025-12-01T04:35:29.514715189,"Get all patient lists",20600,20600,-,0,1.83,0,1,1,4,9,48,1,2
2025-12-01T04:35:29.514715189,"Get all patient lists Redirect 1",20600,20599,1,0,1.83,1,2,3,7,15,47,3,2
2025-12-01T04:35:29.514715189,"Get All Appointment Services(full)",7245,7245,-,0,0.64,0,1,2,5,28,35,1,1
2025-12-01T04:35:29.514715189,"Get All Appointment Services(full) Redirect 1",7245,7245,-,0,0.64,1,2,3,7,14,47,3,2
2025-12-01T04:35:29.514715189,"Get all appointments for a specific day",4830,4830,-,0,0.43,0,1,1,4,7,41,1,2
2025-12-01T04:35:29.514715189,"Get all appointments for a specific day Redirect 1",4830,4830,-,0,0.43,1,2,3,6,17,40,3,2
2025-12-01T04:35:29.514715189,"Get all appointment summaries",4830,4830,-,0,0.43,0,1,1,4,8,22,1,1
2025-12-01T04:35:29.514715189,"Get all appointment summaries Redirect 1",4830,4830,-,0,0.43,1,2,3,7,17,42,3,2
2025-12-01T04:35:29.514715189,"Get Appointment By Status",19320,19320,-,0,1.71,0,1,1,3,10,50,1,1
2025-12-01T04:35:29.514715189,"Get Appointment By Status Redirect 1",19320,19320,-,0,1.71,1,2,3,6,16,67,3,2
2025-12-01T04:35:29.514715189,"Get all default appointment services",4830,4830,-,0,0.43,0,1,1,4,23,34,1,1
2025-12-01T04:35:29.514715189,"Get all default appointment services Redirect 1",4830,4830,-,0,0.43,1,2,3,7,17,47,3,2
2025-12-01T04:35:29.514715189,"Get all visits of the given location with date",4830,4830,-,0,0.43,0,1,1,4,28,36,1,1
2025-12-01T04:35:29.514715189,"Get all visits of the given location with date Redirect 1",4830,4830,-,0,0.43,1,2,3,5,24,62,3,2
2025-12-01T04:35:29.514715189,"Get Patient Allergy Intolerance",6168,6168,-,0,0.55,0,1,1,5,16,40,1,2
2025-12-01T04:35:29.514715189,"Get Patient Allergy Intolerance Redirect 1",6168,6168,-,0,0.55,1,2,3,8,19,58,3,2
2025-12-01T04:35:29.514715189,"Get All Providers",14751,14751,-,0,1.31,0,1,1,3,9,34,1,1
2025-12-01T04:35:29.514715189,"Get All Providers Redirect 1",14751,14751,-,0,1.31,1,2,3,8,27,69,3,2
2025-12-01T04:35:29.514715189,"Get Clinical Form by UUID",2073,2073,-,0,0.18,0,1,1,4,33,49,1,2
2025-12-01T04:35:29.514715189,"Get Clinical Form by UUID Redirect 1",2073,-,2073,100,0.18,1,2,3,7,15,30,3,2
2025-12-01T04:35:29.514715189,"Get all active Lab orders",17718,17718,-,0,1.57,0,1,1,5,16,43,1,2
2025-12-01T04:35:29.514715189,"Get all active Lab orders Redirect 1",17718,17718,-,0,1.57,1,2,3,7,14,55,3,2
2025-12-01T04:35:29.514715189,"Get Encounter Roles",2073,2073,-,0,0.18,0,1,2,4,29,48,1,2
2025-12-01T04:35:29.514715189,"Get Lab Orders by full filler status",53154,53154,-,0,4.71,0,1,1,3,9,48,1,1
2025-12-01T04:35:29.514715189,"Get Encounter Roles Redirect 1",2073,2073,-,0,0.18,1,2,3,8,16,39,3,3
2025-12-01T04:35:29.514715189,"Get Lab Orders by full filler status Redirect 1",53154,53154,-,0,4.71,1,2,3,7,18,57,3,2
2025-12-01T04:35:29.514715189,"Get Latest FHIR Encounter",2073,2073,-,0,0.18,0,1,2,5,8,28,1,2
2025-12-01T04:35:29.514715189,"Get Latest FHIR Encounter Redirect 1",2073,-,2073,100,0.18,1,2,4,8,28,42,3,3
2025-12-01T04:35:29.514715189,"Get patient identification photo",23839,23839,-,0,2.11,0,1,1,4,13,46,1,2
2025-12-01T04:35:29.514715189,"Get patient identification photo Redirect 1",23839,23839,-,0,2.11,1,2,3,7,19,48,3,3
2025-12-01T04:35:29.514715189,"Get Person Attributes Redirect 1",4806,4806,-,0,0.43,1,2,3,7,20,55,3,3
2025-12-01T04:35:29.514715189,"Get Person Attributes",4806,4806,-,0,0.43,0,1,2,4,18,35,1,2
2025-12-01T04:35:29.514715189,"Save an Allergy",5953,5953,-,0,0.53,0,1,1,4,15,39,1,3
2025-12-01T04:35:29.514715189,"Get Patient Identifiers",4806,4806,-,0,0.43,0,1,1,3,10,34,1,1
2025-12-01T04:35:29.514715189,"Get Patient Identifiers Redirect 1",4806,4806,-,0,0.43,1,2,3,7,20,43,3,2
2025-12-01T04:35:29.514715189,"Save an Allergy Redirect 1",5953,5953,-,0,0.53,1,2,3,6,14,43,3,2
2025-12-01T04:35:29.514715189,"Get Relationships of Person",4806,4806,-,0,0.43,0,1,1,4,7,16,1,1
2025-12-01T04:35:29.514715189,"Get Relationships of Person Redirect 1",4806,4806,-,0,0.43,1,2,3,8,30,38,3,2
2025-12-01T04:35:29.514715189,"Create a patient list",5150,5150,-,0,0.46,0,1,1,5,16,36,1,2
2025-12-01T04:35:29.514715189,"Create a patient list Redirect 1",5150,-,5150,100,0.46,1,2,3,7,19,44,3,3
2025-12-01T04:35:29.514715189,"Submit visit queue entry",4282,4282,-,0,0.38,0,1,2,4,12,48,1,2
2025-12-01T04:35:29.514715189,"Submit visit queue entry Redirect 1",4282,-,4282,100,0.38,1,2,3,7,18,55,3,3
2025-12-01T04:35:29.514715189,"Get Order Entry Config",6168,6168,-,0,0.55,0,1,2,5,20,47,2,2
2025-12-01T04:35:29.514715189,"Get Order Entry Config Redirect 1",6168,6168,-,0,0.55,1,2,3,9,32,57,3,3
2025-12-01T04:35:29.514715189,"Get ValueSet by UUID",18504,18504,-,0,1.64,0,1,2,4,7,60,1,2
2025-12-01T04:35:29.514715189,"Get ValueSet by UUID Redirect 1",18504,18504,-,0,1.64,1,2,3,7,14,43,3,2
2025-12-01T04:35:29.514715189,"Get Medication by UUID",6168,6168,-,0,0.55,0,1,1,4,9,35,1,2
2025-12-01T04:35:29.514715189,"Get Medication by UUID Redirect 1",6168,6168,-,0,0.55,1,2,3,7,10,40,3,2
2025-12-01T04:35:29.514715189,"Search Medication by Code Redirect 1",6168,6168,-,0,0.55,1,2,3,7,16,40,3,2
2025-12-01T04:35:29.514715189,"Search Medication by Code",6168,6168,-,0,0.55,0,1,1,4,15,38,1,1
2025-12-01T04:35:29.514715189,"Get Locations Search Set",4303,4303,-,0,0.38,0,1,1,4,11,18,1,1
2025-12-01T04:35:29.514715189,"Get Locations Search Set Redirect 1",4303,4303,-,0,0.38,1,2,3,7,14,32,3,2
2025-12-01T04:35:29.514715189,"Change the session location",4303,4303,-,0,0.38,0,1,1,3,6,30,1,1
2025-12-01T04:35:29.514715189,"Change the session location Redirect 1",4303,4303,-,0,0.38,1,2,3,6,13,35,3,2
2025-12-01T04:35:29.514715189,"Get service concept set Redirect 1",4282,-,4282,100,0.38,1,2,3,6,22,55,3,2
2025-12-01T04:35:29.514715189,"Get service concept set",4282,4282,-,0,0.38,0,1,1,4,18,42,1,2
2025-12-01T04:35:29.514715189,"Submit new Service queue",4282,4282,-,0,0.38,0,1,2,5,27,41,2,2
2025-12-01T04:35:29.514715189,"Submit new Service queue Redirect 1",4282,-,4282,100,0.38,1,2,3,7,17,54,3,3
2025-12-01T04:35:29.514715189,"Save a clinical form",2073,2073,-,0,0.18,0,1,1,4,15,39,1,2
2025-12-01T04:35:29.514715189,"Save a clinical form Redirect 1",2073,2073,-,0,0.18,1,2,3,7,18,41,3,3
2025-12-01T04:35:29.514715189,"Edit patient details",4806,4806,-,0,0.43,0,1,1,5,17,37,1,3
2025-12-01T04:35:29.514715189,"Edit patient details Redirect 1",4806,4806,-,0,0.43,1,2,3,8,33,47,3,3
2025-12-01T04:35:29.514715189,"Check Appointment Conflicts",2415,2415,-,0,0.21,0,1,1,4,16,33,1,3
2025-12-01T04:35:29.514715189,"Check Appointment Conflicts Redirect 1",2415,2415,-,0,0.21,1,2,3,7,26,54,3,3
2025-12-01T04:35:29.514715189,"Create Appointment",2415,2415,-,0,0.21,0,1,1,3,17,25,1,1
2025-12-01T04:35:29.514715189,"Create Appointment Redirect 1",2415,-,2415,100,0.21,1,2,3,7,16,56,3,2
2025-12-01T04:35:29.514715189,"Submit transition request",4282,4282,-,0,0.38,0,1,1,5,14,35,1,2
2025-12-01T04:35:29.514715189,"Submit transition request Redirect 1",4282,4282,-,0,0.38,1,2,3,7,29,40,3,2
2025-12-01T04:35:29.514715189,"Get Patient Encounters",2073,2073,-,0,0.18,0,1,1,4,8,35,1,2
2025-12-01T04:35:29.514715189,"Get Patient Encounters Redirect 1",2073,2073,-,0,0.18,1,2,3,7,39,50,3,3
2025-12-01T04:35:29.514715189,"Get Lab Results of Patient",4146,4146,-,0,0.37,0,1,1,3,9,26,1,1
2025-12-01T04:35:29.514715189,"Get Lab Results of Patient Redirect 1",4146,-,4146,100,0.37,1,2,3,6,25,54,3,2
2025-12-01T04:35:29.514715189,"Generate OMRS Identifier",3682,3682,-,0,0.33,0,1,1,5,14,35,1,2
2025-12-01T04:35:29.514715189,"Generate OMRS Identifier Redirect 1",3682,-,3682,100,0.33,1,2,3,7,17,35,3,2
2025-12-01T04:35:29.514715189,"Get Alkaline concept details",5906,5906,-,0,0.52,0,1,1,5,14,43,1,2
2025-12-01T04:35:29.514715189,"Get Alkaline concept details Redirect 1",5906,5905,1,0.02,0.52,1,2,3,7,22,49,3,2
2025-12-01T04:35:29.514715189,"Update the Lab Order Completion",5906,5906,-,0,0.52,0,1,1,4,13,39,1,1
2025-12-01T04:35:29.514715189,"Update the Lab Order Completion Redirect 1",5906,5906,-,0,0.52,1,2,3,7,14,54,3,2
2025-12-01T04:35:29.514715189,"Get Visits With Diagnoses and Notes (new endpoint)",2073,2073,-,0,0.18,0,1,1,5,17,32,1,3
2025-12-01T04:35:29.514715189,"Get Visits With Diagnoses and Notes (new endpoint) Redirect 1",2073,2073,-,0,0.18,1,2,3,8,23,41,3,3
2025-12-01T04:35:29.514715189,"Discontinue the drug order",6168,6168,-,0,0.55,0,1,2,5,11,38,2,2
2025-12-01T04:35:29.514715189,"Discontinue the drug order Redirect 1",6168,6168,-,0,0.55,1,2,4,8,22,46,3,3
2025-12-01T04:35:29.514715189,"Get Drug Orders except the cancelled and expired",2073,2073,-,0,0.18,0,1,1,4,12,33,1,2
2025-12-01T04:35:29.514715189,"Get Drug Orders except the cancelled and expired Redirect 1",2073,2073,-,0,0.18,1,2,3,7,17,48,3,3
2025-12-01T04:35:29.514715189,"Get Drug Orders except the discontinued orders",2073,2073,-,0,0.18,0,1,1,3,8,26,1,1
2025-12-01T04:35:29.514715189,"Get Drug Orders except the discontinued orders Redirect 1",2073,2073,-,0,0.18,1,2,3,7,24,31,2,2
2025-12-01T04:35:29.514715189,"Get Observation Tree Details",6219,6219,-,0,0.55,0,1,1,4,12,36,1,2
2025-12-01T04:35:29.514715189,"Get Observation Tree Details Redirect 1",6219,6219,-,0,0.55,1,2,3,5,13,47,3,2
2025-12-01T04:35:29.514715189,"Search for Condition",4146,4146,-,0,0.37,0,1,1,5,17,45,1,3
2025-12-01T04:35:29.514715189,"Search for Condition Redirect 1",4146,4146,-,0,0.37,1,2,3,8,39,52,3,3
2025-12-01T04:35:29.514715189,"Get Immunizations of Patient",4146,4146,-,0,0.37,0,1,1,3,13,33,1,2
2025-12-01T04:35:29.514715189,"Get Immunizations of Patient Redirect 1",4146,4146,-,0,0.37,1,2,3,8,14,51,3,2
2025-12-01T04:35:29.514715189,"Get all immunizations",2073,2073,-,0,0.18,0,1,1,3,12,27,1,1
2025-12-01T04:35:29.514715189,"Get all immunizations Redirect 1",2073,2073,-,0,0.18,1,2,3,6,13,27,3,2
2025-12-01T04:35:29.514715189,"Submit Patient immunization",2073,2073,-,0,0.18,0,1,1,6,28,42,1,3
2025-12-01T04:35:29.514715189,"Submit Patient immunization Redirect 1",2073,2073,-,0,0.18,1,2,3,7,13,29,3,2
2025-12-01T04:35:29.514715189,"Get Attachments of Patient",4146,4146,-,0,0.37,0,1,1,4,13,40,1,2
2025-12-01T04:35:29.514715189,"Get Attachments of Patient Redirect 1",4146,4146,-,0,0.37,1,2,3,7,14,34,3,2
2025-12-01T04:35:29.514715189,"Get Allowed File Extensions",2073,2073,-,0,0.18,0,1,1,3,14,29,1,1
2025-12-01T04:35:29.514715189,"Get Allowed File Extensions Redirect 1",2073,2073,-,0,0.18,1,2,3,7,20,37,3,2
2025-12-01T04:35:29.514715189,"Get Programs",4146,4146,-,0,0.37,0,1,1,3,13,41,1,2
2025-12-01T04:35:29.514715189,"Get Programs Redirect 1",4146,4146,-,0,0.37,1,2,3,7,15,38,3,2
2025-12-01T04:35:29.514715189,"Add new program to patient Redirect 1",2073,-,2073,100,0.18,1,2,3,6,13,23,2,2
2025-12-01T04:35:29.514715189,"Add new program to patient",2073,2073,-,0,0.18,0,1,1,3,12,32,1,2
2025-12-01T04:35:29.514715189,"Upload Attachment Request",2073,2073,-,0,0.18,3,6,7,11,25,52,6,3
2025-12-01T04:35:29.514715189,"Upload Attachment Request Redirect 1",2073,2073,-,0,0.18,1,2,3,7,16,43,3,3
2025-12-02T04:24:37.071493691,"Login",44678,44678,-,0,3.96,0,1,2,5,9,1558,2,9
2025-12-02T04:24:37.071493691,"Login Redirect 1",44678,-,44678,100,3.96,1,2,4,8,15,263,3,3
2025-12-02T04:24:37.071493691,"Get locations",51042,51042,-,0,4.52,0,1,2,6,23,1785,2,17
2025-12-02T04:24:37.071493691,"Get locations Redirect 1",51042,51042,-,0,4.52,1,2,4,8,15,205,3,4
2025-12-02T04:24:37.071493691,"Select Location",44678,44678,-,0,3.96,0,1,2,6,21,1565,2,21
2025-12-02T04:24:37.071493691,"Select Location Redirect 1",44678,44678,-,0,3.96,1,2,4,8,16,325,3,5
2025-12-02T04:24:37.071493691,"Get Address Template",53152,53152,-,0,4.71,0,1,2,4,8,1541,1,7
2025-12-02T04:24:37.071493691,"Get Address Template Redirect 1",53152,53152,-,0,4.71,1,2,4,8,15,243,3,4
2025-12-02T04:24:37.071493691,"Get Relationship Types",53152,53152,-,0,4.71,0,1,2,4,7,46,1,2
2025-12-02T04:24:37.071493691,"Get Relationship Types Redirect 1",53152,53152,-,0,4.71,1,2,4,8,15,55,3,3
2025-12-02T04:24:37.071493691,"Get Appointments for Specific Date",44678,44678,-,0,3.96,0,1,2,4,7,41,1,2
2025-12-02T04:24:37.071493691,"Get Appointments for Specific Date Redirect 1",44678,44678,-,0,3.96,1,2,3,8,14,83,3,3
2025-12-02T04:24:37.071493691,"Get Module Information",59053,59053,-,0,5.23,0,1,2,4,7,50,1,2
2025-12-02T04:24:37.071493691,"Get Module Information Redirect 1",59053,59053,-,0,5.23,1,2,3,8,15,1980,3,9
2025-12-02T04:24:37.071493691,"Get Patient Identifier Types",53152,53152,-,0,4.71,0,1,2,4,7,47,1,2
2025-12-02T04:24:37.071493691,"Get Patient Identifier Types Redirect 1",53152,53152,-,0,4.71,1,2,3,8,14,277,3,3
2025-12-02T04:24:37.071493691,"Get Primary Identifier Term Mapping",96436,96436,-,0,8.55,0,1,2,4,8,1282,1,5
2025-12-02T04:24:37.071493691,"Get Primary Identifier Term Mapping Redirect 1",96436,96436,-,0,8.55,1,2,4,8,15,168,3,3
2025-12-02T04:24:37.071493691,"Get Identifier Source",97830,97830,-,0,8.67,0,1,1,4,6,48,1,2
2025-12-02T04:24:37.071493691,"Get Identifier Source Redirect 1",97830,97830,-,0,8.67,1,2,3,7,14,106,3,3
2025-12-02T04:24:37.071493691,"Get Locations by Tag and Query",66299,66299,-,0,5.88,0,1,2,4,8,459,1,3
2025-12-02T04:24:37.071493691,"Get Locations by Tag and Query Redirect 1",66299,66299,-,0,5.88,1,2,3,7,15,131,3,3
2025-12-02T04:24:37.071493691,"Get Visits",47089,47089,-,0,4.17,0,1,1,4,7,45,1,2
2025-12-02T04:24:37.071493691,"Get Visits Redirect 1",47089,47089,-,0,4.17,1,2,3,7,14,51,3,3
2025-12-02T04:24:37.071493691,"Get Auto Generation Options",53152,53152,-,0,4.71,0,1,1,4,7,48,1,2
2025-12-02T04:24:37.071493691,"Get Auto Generation Options Redirect 1",53152,53152,-,0,4.71,1,2,3,7,14,59,3,3
2025-12-02T04:24:37.071493691,"Get Queue Entry",59911,59911,-,0,5.31,0,1,2,4,7,54,1,2
2025-12-02T04:24:37.071493691,"Get Queue Entry Redirect 1",59911,59911,-,0,5.31,1,2,3,8,14,159,3,3
2025-12-02T04:24:37.071493691,"Get Visit Types",27522,27522,-,0,2.44,0,1,2,6,48,1689,2,24
2025-12-02T04:24:37.071493691,"Get Visit Types Redirect 1",27522,27522,-,0,2.44,1,2,4,9,25,432,3,4
2025-12-02T04:24:37.071493691,"Get Current Visit of Patient",46667,46667,-,0,4.14,0,1,2,5,10,1794,2,15
2025-12-02T04:24:37.071493691,"Get Current Visit of Patient Redirect 1",46667,46667,-,0,4.14,1,2,4,9,17,364,3,5
2025-12-02T04:24:37.071493691,"Get Visits of Patient",48736,48736,-,0,4.32,0,1,2,4,10,62,1,2
2025-12-02T04:24:37.071493691,"Get Visits of Patient Redirect 1",48736,48736,-,0,4.32,1,2,4,9,22,304,3,3
2025-12-02T04:24:37.071493691,"Get Program Enrollments of Patient",31318,31318,-,0,2.78,0,1,2,4,36,1046,1,10
2025-12-02T04:24:37.071493691,"Get Program Enrollments of Patient Redirect 1",31318,31318,-,0,2.78,1,2,3,8,15,290,3,4
2025-12-02T04:24:37.071493691,"Get Visit Queue Entry",39009,39009,-,0,3.46,0,1,1,4,8,53,1,2
2025-12-02T04:24:37.071493691,"Get Visit Queue Entry Redirect 1",39009,39009,-,0,3.46,1,2,3,7,15,55,3,3
2025-12-02T04:24:37.071493691,"Get Appointments of a Patient",27180,27180,-,0,2.41,0,1,1,4,38,1053,1,9
2025-12-02T04:24:37.071493691,"Get Appointments of a Patient Redirect 1",27180,27180,-,0,2.41,1,2,3,8,22,107,3,3
2025-12-02T04:24:37.071493691,"Get Patient Summary Data",44591,44591,-,0,3.95,0,1,2,5,17,1540,2,12
2025-12-02T04:24:37.071493691,"Get Patient Summary Data Redirect 1",44591,-,44591,100,3.95,1,2,4,8,17,132,3,3
2025-12-02T04:24:37.071493691,"Get Active Visits of Patient",70790,70790,-,0,6.27,0,1,2,5,11,1681,2,10
2025-12-02T04:24:37.071493691,"Get Active Visits of Patient Redirect 1",70790,70790,-,0,6.27,1,2,4,8,17,301,3,4
2025-12-02T04:24:37.071493691,"Get isVisitsEnabled",30983,30983,-,0,2.75,0,1,2,4,8,47,1,2
2025-12-02T04:24:37.071493691,"Get isVisitsEnabled Redirect 1",30983,30983,-,0,2.75,1,2,4,8,18,108,3,3
2025-12-02T04:24:37.071493691,"Get the status of patient death",42522,42522,-,0,3.77,0,1,2,4,8,51,1,2
2025-12-02T04:24:37.071493691,"Get the status of patient death Redirect 1",42522,42522,-,0,3.77,1,2,4,8,16,368,3,3
2025-12-02T04:24:37.071493691,"Get all the constraints on the vital concepts",30983,30983,-,0,2.75,0,1,2,4,8,51,1,2
2025-12-02T04:24:37.071493691,"Get all the constraints on the vital concepts Redirect 1",30983,30983,-,0,2.75,1,2,4,8,17,60,3,3
2025-12-02T04:24:37.071493691,"Get Patient Observations",76639,76639,-,0,6.79,0,1,2,4,8,1147,1,5
2025-12-02T04:24:37.071493691,"Get Patient Observations Redirect 1",76639,76639,-,0,6.79,1,2,3,8,15,285,3,3
2025-12-02T04:24:37.071493691,"Get Patient Conditions",29016,29016,-,0,2.57,0,1,1,4,8,1149,1,7
2025-12-02T04:24:37.071493691,"Get Patient Conditions Redirect 1",29016,29016,-,0,2.57,1,2,3,7,18,326,3,4
2025-12-02T04:24:37.071493691,"Get Active Orders",24878,24878,-,0,2.2,0,1,1,4,7,43,1,2
2025-12-02T04:24:37.071493691,"Get Active Orders Redirect 1",24878,24878,-,0,2.2,1,2,3,8,18,53,3,3
2025-12-02T04:24:37.071493691,"Submit Visit Form",25111,25111,-,0,2.23,0,1,2,6,37,1696,2,18
2025-12-02T04:24:37.071493691,"Submit Visit Form Redirect 1",25111,-,25111,100,2.23,1,2,4,8,23,189,3,3
2025-12-02T04:24:37.071493691,"Get Admission Location Info",8590,8590,-,0,0.76,0,1,2,5,16,46,2,2
2025-12-02T04:24:37.071493691,"Get Admission Location Info Redirect 1",8590,8590,-,0,0.76,1,2,3,9,22,62,3,3
2025-12-02T04:24:37.071493691,"Get Admission Info",8590,8590,-,0,0.76,0,1,1,5,15,39,1,2
2025-12-02T04:24:37.071493691,"Get Admission Info Redirect 1",8590,-,8590,100,0.76,1,2,3,9,19,47,3,3
2025-12-02T04:24:37.071493691,"Get Inpatient Request",8590,8590,-,0,0.76,0,1,2,5,17,40,2,2
2025-12-02T04:24:37.071493691,"Get Inpatient Request Redirect 1",8590,-,8590,100,0.76,1,2,4,10,27,53,4,3
2025-12-02T04:24:37.071493691,"Get Patients",10980,10980,-,0,0.97,0,1,2,7,23,913,2,9
2025-12-02T04:24:37.071493691,"Get Patients Redirect 1",10980,-,10980,100,0.97,1,2,4,9,20,128,3,3
2025-12-02T04:24:37.071493691,"Get Order Types",6161,6161,-,0,0.55,0,1,2,5,65,1733,2,26
2025-12-02T04:24:37.071493691,"Get Order Types Redirect 1",6161,6161,-,0,0.55,1,2,4,9,21,125,3,3
2025-12-02T04:24:37.071493691,"Get Locations That Support Visits",13391,13391,-,0,1.19,0,1,2,4,7,50,1,2
2025-12-02T04:24:37.071493691,"Get Locations That Support Visits Redirect 1",13391,13391,-,0,1.19,1,2,3,10,26,58,3,3
2025-12-02T04:24:37.071493691,"Get Beds for Patient",8590,8590,-,0,0.76,0,1,2,5,13,53,2,2
2025-12-02T04:24:37.071493691,"Get Beds for Patient Redirect 1",8590,8590,-,0,0.76,1,2,4,9,25,98,3,3
2025-12-02T04:24:37.071493691,"Save Ward Encounter",21475,21475,-,0,1.9,0,1,2,5,21,605,2,6
2025-12-02T04:24:37.071493691,"Save Ward Encounter Redirect 1",21475,21475,-,0,1.9,1,2,4,8,24,148,3,3
2025-12-02T04:24:37.071493691,"Save Vitals",5949,5949,-,0,0.53,0,1,2,6,79,1352,3,35
2025-12-02T04:24:37.071493691,"Save Vitals Redirect 1",5949,5948,1,0.02,0.53,1,2,3,12,119,258,3,6
2025-12-02T04:24:37.071493691,"Search for Drug",12322,12322,-,0,1.09,0,1,1,4,18,41,1,2
2025-12-02T04:24:37.071493691,"Search for Drug Redirect 1",12322,12322,-,0,1.09,1,2,3,8,18,306,3,4
2025-12-02T04:24:37.071493691,"Save Drug Order",6161,6161,-,0,0.55,0,1,1,5,15,39,1,2
2025-12-02T04:24:37.071493691,"Save Drug Order Redirect 1",6161,-,6161,100,0.55,1,2,3,8,19,51,3,3
2025-12-02T04:24:37.071493691,"Get Vitals concept reference ranges",8590,8590,-,0,0.76,0,1,1,4,9,36,1,2
2025-12-02T04:24:37.071493691,"Get Vitals concept reference ranges Redirect 1",8590,8590,-,0,0.76,1,2,3,9,36,58,3,3
2025-12-02T04:24:37.071493691,"Get Transfer Locations configuration data",8590,8590,-,0,0.76,0,1,2,5,27,1700,2,18
2025-12-02T04:24:37.071493691,"Get Transfer Locations configuration data Redirect 1",8590,8590,-,0,0.76,1,2,4,8,16,199,3,4
2025-12-02T04:24:37.071493691,"Get Transferable locations",8590,8590,-,0,0.76,0,1,1,5,26,38,1,2
2025-12-02T04:24:37.071493691,"Get Transferable locations Redirect 1",8590,8590,-,0,0.76,1,2,3,8,20,56,3,3
2025-12-02T04:24:37.071493691,"Get All Form Encounters",2069,2069,-,0,0.18,0,1,2,5,18,27,1,2
2025-12-02T04:24:37.071493691,"Get All Form Encounters Redirect 1",2069,2069,-,0,0.18,1,2,3,9,21,34,3,3
2025-12-02T04:24:37.071493691,"Get All Forms",2069,2069,-,0,0.18,0,1,2,4,8,15,1,1
2025-12-02T04:24:37.071493691,"Get All Forms Redirect 1",2069,2069,-,0,0.18,1,2,3,9,24,29,3,3
2025-12-02T04:24:37.071493691,"Get the details of a orderType",5901,5901,-,0,0.52,0,1,2,5,24,36,1,2
2025-12-02T04:24:37.071493691,"Get the details of a orderType Redirect 1",5901,5901,-,0,0.52,1,2,3,8,18,60,3,3
2025-12-02T04:24:37.071493691,"Get all Lab order details",5901,5901,-,0,0.52,0,1,1,5,26,47,1,2
2025-12-02T04:24:37.071493691,"Get all Lab order details Redirect 1",5901,5901,-,0,0.52,1,2,4,9,35,51,3,3
2025-12-02T04:24:37.071493691,"Add a lab order",5901,5901,-,0,0.52,0,1,1,5,32,41,1,2
2025-12-02T04:24:37.071493691,"Add a lab order Redirect 1",5901,-,5901,100,0.52,1,2,3,7,17,54,3,3
2025-12-02T04:24:37.071493691,"Get Allergies of Patient",5949,5949,-,0,0.53,0,1,2,7,20,52,2,3
2025-12-02T04:24:37.071493691,"Get Allergies of Patient Redirect 1",5949,5949,-,0,0.53,1,2,4,9,17,51,3,3
2025-12-02T04:24:37.071493691,"Get Drug Allergens",5949,5949,-,0,0.53,0,1,2,4,8,40,1,2
2025-12-02T04:24:37.071493691,"Get Drug Allergens Redirect 1",5949,5949,-,0,0.53,1,2,3,8,25,53,3,3
2025-12-02T04:24:37.071493691,"Get Environment Allergens",5949,5949,-,0,0.53,0,1,2,4,9,36,1,2
2025-12-02T04:24:37.071493691,"Get Environment Allergens Redirect 1",5949,5949,-,0,0.53,1,2,4,8,18,44,3,3
2025-12-02T04:24:37.071493691,"Get Food Allergens",5949,5949,-,0,0.53,0,1,1,4,9,35,1,1
2025-12-02T04:24:37.071493691,"Get Food Allergens Redirect 1",5949,5949,-,0,0.53,1,2,3,8,21,46,3,3
2025-12-02T04:24:37.071493691,"Get Allergic Reactions Allergens",5949,5949,-,0,0.53,0,1,1,4,12,41,1,2
2025-12-02T04:24:37.071493691,"Get Allergic Reactions Allergens Redirect 1",5949,5949,-,0,0.53,1,2,3,9,18,45,3,3
2025-12-02T04:24:37.071493691,"Get medication request encounters",18483,18483,-,0,1.64,0,1,2,5,22,1322,2,10
2025-12-02T04:24:37.071493691,"Get medication request encounters Redirect 1",18483,-,18483,100,1.64,1,2,4,9,23,165,3,3
2025-12-02T04:24:37.071493691,"Get all patient lists",20576,20576,-,0,1.82,0,1,2,5,16,60,2,2
2025-12-02T04:24:37.071493691,"Get all patient lists Redirect 1",20576,20575,1,0,1.82,1,2,4,9,19,60,3,3
2025-12-02T04:24:37.071493691,"Get Person Attribute Type",8474,8474,-,0,0.75,0,1,1,4,10,48,1,2
2025-12-02T04:24:37.071493691,"Get All Appointment Services(full)",7233,7233,-,0,0.64,0,1,2,5,15,41,2,2
2025-12-02T04:24:37.071493691,"Get All Appointment Services(full) Redirect 1",7233,7233,-,0,0.64,1,2,4,9,20,46,3,3
2025-12-02T04:24:37.071493691,"Get Person Attribute Type Redirect 1",8474,8474,-,0,0.75,1,2,3,8,26,49,3,3
2025-12-02T04:24:37.071493691,"Get all appointments for a specific day",4822,4822,-,0,0.43,0,1,2,5,11,45,1,2
2025-12-02T04:24:37.071493691,"Get all appointments for a specific day Redirect 1",4822,4822,-,0,0.43,1,2,4,10,20,46,3,3
2025-12-02T04:24:37.071493691,"Get Ordered Address Hierarchy Levels",8474,8474,-,0,0.75,0,1,1,4,12,32,1,1
2025-12-02T04:24:37.071493691,"Get all appointment summaries",4822,4822,-,0,0.43,0,1,2,5,23,29,1,2
2025-12-02T04:24:37.071493691,"Get Ordered Address Hierarchy Levels Redirect 1",8474,8474,-,0,0.75,1,2,3,8,21,57,3,3
2025-12-02T04:24:37.071493691,"Get all appointment summaries Redirect 1",4822,4822,-,0,0.43,1,2,4,9,24,59,3,3
2025-12-02T04:24:37.071493691,"Get Appointment By Status",19288,19288,-,0,1.71,0,1,1,4,9,48,1,2
2025-12-02T04:24:37.071493691,"Get Appointment By Status Redirect 1",19288,19288,-,0,1.71,1,2,3,8,23,52,3,3
2025-12-02T04:24:37.071493691,"Get all default appointment services",4822,4822,-,0,0.43,0,1,1,4,32,40,1,2
2025-12-02T04:24:37.071493691,"Get all default appointment services Redirect 1",4822,4822,-,0,0.43,1,2,3,8,20,62,3,3
2025-12-02T04:24:37.071493691,"Get all visits of the given location with date",4822,4822,-,0,0.43,0,1,1,3,14,27,1,1
2025-12-02T04:24:37.071493691,"Get all visits of the given location with date Redirect 1",4822,4822,-,0,0.43,1,2,3,6,19,57,3,3
2025-12-02T04:24:37.071493691,"Get Patient Allergy Intolerance",6161,6161,-,0,0.55,0,1,2,6,88,1734,3,46
2025-12-02T04:24:37.071493691,"Get Patient Allergy Intolerance Redirect 1",6161,6161,-,0,0.55,1,2,4,9,34,310,3,7
2025-12-02T04:24:37.071493691,"Get All Providers",14733,14733,-,0,1.31,0,1,2,4,8,47,1,2
2025-12-02T04:24:37.071493691,"Get All Providers Redirect 1",14733,14733,-,0,1.31,1,2,4,9,134,311,3,4
2025-12-02T04:24:37.071493691,"Get Clinical Form by UUID",2069,2069,-,0,0.18,0,1,2,4,9,41,1,2
2025-12-02T04:24:37.071493691,"Get Clinical Form by UUID Redirect 1",2069,-,2069,100,0.18,1,2,4,9,34,49,3,3
2025-12-02T04:24:37.071493691,"Get Encounter Roles",2069,2069,-,0,0.18,0,1,2,5,14,48,2,2
2025-12-02T04:24:37.071493691,"Get Encounter Roles Redirect 1",2069,2069,-,0,0.18,1,3,4,10,28,37,4,3
2025-12-02T04:24:37.071493691,"Get Latest FHIR Encounter",2069,2069,-,0,0.18,0,1,2,4,10,26,2,2
2025-12-02T04:24:37.071493691,"Get all active Lab orders",17703,17703,-,0,1.57,0,1,2,6,21,1598,2,13
2025-12-02T04:24:37.071493691,"Get Latest FHIR Encounter Redirect 1",2069,-,2069,100,0.18,1,3,4,10,37,57,4,3
2025-12-02T04:24:37.071493691,"Get all active Lab orders Redirect 1",17703,17703,-,0,1.57,1,2,4,9,26,329,3,5
2025-12-02T04:24:37.071493691,"Get Lab Orders by full filler status",53109,53109,-,0,4.71,0,1,2,4,11,47,1,2
2025-12-02T04:24:37.071493691,"Get Lab Orders by full filler status Redirect 1",53109,53109,-,0,4.71,1,2,3,8,19,65,3,3
2025-12-02T04:24:37.071493691,"Save an Allergy",5949,5949,-,0,0.53,0,1,2,7,21,42,2,3
2025-12-02T04:24:37.071493691,"Save an Allergy Redirect 1",5949,5949,-,0,0.53,1,2,4,8,18,57,3,3
2025-12-02T04:24:37.071493691,"Get patient identification photo",23805,23805,-,0,2.11,0,1,2,4,17,44,2,2
2025-12-02T04:24:37.071493691,"Get patient identification photo Redirect 1",23805,23805,-,0,2.11,1,2,4,8,24,69,3,3
2025-12-02T04:24:37.071493691,"Get Person Attributes",4798,4798,-,0,0.43,0,1,2,5,25,43,2,2
2025-12-02T04:24:37.071493691,"Get Person Attributes Redirect 1",4798,4798,-,0,0.43,1,2,4,8,17,46,3,3
2025-12-02T04:24:37.071493691,"Get Patient Identifiers",4798,4798,-,0,0.43,0,1,2,5,10,56,1,2
2025-12-02T04:24:37.071493691,"Get Patient Identifiers Redirect 1",4798,4798,-,0,0.43,1,2,4,9,21,49,3,3
2025-12-02T04:24:37.071493691,"Get Relationships of Person",4798,4798,-,0,0.43,0,1,2,4,23,48,1,2
2025-12-02T04:24:37.071493691,"Get Relationships of Person Redirect 1",4798,4798,-,0,0.43,1,2,4,8,19,32,3,3
2025-12-02T04:24:37.071493691,"Create a patient list",5144,5144,-,0,0.46,0,1,2,6,61,1686,2,31
2025-12-02T04:24:37.071493691,"Create a patient list Redirect 1",5144,-,5144,100,0.46,1,2,4,8,22,129,3,4
2025-12-02T04:24:37.071493691,"Submit visit queue entry",4274,4274,-,0,0.38,0,1,2,4,9,45,2,2
2025-12-02T04:24:37.071493691,"Submit visit queue entry Redirect 1",4274,-,4274,100,0.38,1,2,4,9,24,69,3,4
2025-12-02T04:24:37.071493691,"Get Order Entry Config",6161,6161,-,0,0.55,0,1,2,6,28,67,2,2
2025-12-02T04:24:37.071493691,"Get Order Entry Config Redirect 1",6161,6161,-,0,0.55,1,3,4,10,28,52,4,3
2025-12-02T04:24:37.071493691,"Get ValueSet by UUID",18483,18483,-,0,1.64,0,1,2,5,15,44,2,2
2025-12-02T04:24:37.071493691,"Get ValueSet by UUID Redirect 1",18483,18483,-,0,1.64,1,3,4,11,19,191,4,3
2025-12-02T04:24:37.071493691,"Get Medication by UUID",6161,6161,-,0,0.55,0,1,2,5,11,49,2,2
2025-12-02T04:24:37.071493691,"Get Medication by UUID Redirect 1",6161,6161,-,0,0.55,1,2,4,8,19,43,3,3
2025-12-02T04:24:37.071493691,"Search Medication by Code",6161,6161,-,0,0.55,0,1,2,4,18,53,1,2
2025-12-02T04:24:37.071493691,"Search Medication by Code Redirect 1",6161,6161,-,0,0.55,1,2,4,9,19,60,3,3
2025-12-02T04:24:37.071493691,"Get Locations Search Set",4295,4295,-,0,0.38,0,1,1,6,33,59,1,2
2025-12-02T04:24:37.071493691,"Get Locations Search Set Redirect 1",4295,4295,-,0,0.38,1,2,3,9,27,50,3,3
2025-12-02T04:24:37.071493691,"Change the session location",4295,4295,-,0,0.38,0,1,1,4,11,48,1,2
2025-12-02T04:24:37.071493691,"Change the session location Redirect 1",4295,4295,-,0,0.38,1,2,4,8,22,45,3,3
2025-12-02T04:24:37.071493691,"Get service concept set",4274,4274,-,0,0.38,0,1,2,7,30,581,2,11
2025-12-02T04:24:37.071493691,"Get service concept set Redirect 1",4274,-,4274,100,0.38,1,2,3,8,22,238,3,5
2025-12-02T04:24:37.071493691,"Submit new Service queue",4274,4274,-,0,0.38,0,1,2,6,23,45,2,2
2025-12-02T04:24:37.071493691,"Submit new Service queue Redirect 1",4274,-,4274,100,0.38,1,3,4,9,20,62,4,3
2025-12-02T04:24:37.071493691,"Save a clinical form",2069,2069,-,0,0.18,0,1,2,6,17,41,2,3
2025-12-02T04:24:37.071493691,"Save a clinical form Redirect 1",2069,2069,-,0,0.18,1,2,4,10,28,40,3,3
2025-12-02T04:24:37.071493691,"Edit patient details",4798,4798,-,0,0.43,0,1,2,6,21,52,2,3
2025-12-02T04:24:37.071493691,"Edit patient details Redirect 1",4798,4798,-,0,0.43,1,2,3,8,16,49,3,3
2025-12-02T04:24:37.071493691,"Check Appointment Conflicts",2411,2411,-,0,0.21,0,1,2,7,19,49,2,3
2025-12-02T04:24:37.071493691,"Check Appointment Conflicts Redirect 1",2411,2411,-,0,0.21,1,2,4,8,23,38,3,3
2025-12-02T04:24:37.071493691,"Create Appointment",2411,2411,-,0,0.21,0,1,2,4,11,43,1,2
2025-12-02T04:24:37.071493691,"Create Appointment Redirect 1",2411,-,2411,100,0.21,1,2,3,8,26,51,3,3
2025-12-02T04:24:37.071493691,"Submit transition request",4274,4274,-,0,0.38,0,1,2,5,82,1623,3,36
2025-12-02T04:24:37.071493691,"Submit transition request Redirect 1",4274,4274,-,0,0.38,1,2,3,8,44,195,3,5
2025-12-02T04:24:37.071493691,"Get Patient Encounters",2069,2069,-,0,0.18,0,1,2,4,7,36,1,2
2025-12-02T04:24:37.071493691,"Get Patient Encounters Redirect 1",2069,2069,-,0,0.18,1,2,4,9,32,40,3,3
2025-12-02T04:24:37.071493691,"Get Lab Results of Patient",4138,4138,-,0,0.37,0,1,1,4,14,41,1,2
2025-12-02T04:24:37.071493691,"Get Lab Results of Patient Redirect 1",4138,-,4138,100,0.37,1,2,3,8,22,51,3,3
2025-12-02T04:24:37.071493691,"Generate OMRS Identifier",3676,3676,-,0,0.33,0,1,2,7,49,1723,2,29
2025-12-02T04:24:37.071493691,"Generate OMRS Identifier Redirect 1",3676,-,3676,100,0.33,1,2,4,10,118,150,3,4
2025-12-02T04:24:37.071493691,"Get Visits With Diagnoses and Notes (new endpoint)",2069,2069,-,0,0.18,0,1,2,7,21,49,2,3
2025-12-02T04:24:37.071493691,"Get Visits With Diagnoses and Notes (new endpoint) Redirect 1",2069,2069,-,0,0.18,1,2,4,8,23,47,3,3
2025-12-02T04:24:37.071493691,"Get Alkaline concept details",5901,5901,-,0,0.52,0,1,2,8,38,1523,2,20
2025-12-02T04:24:37.071493691,"Get Alkaline concept details Redirect 1",5901,5901,-,0,0.52,1,2,4,9,20,203,3,4
2025-12-02T04:24:37.071493691,"Update the Lab Order Completion",5901,5901,-,0,0.52,0,1,2,5,27,44,1,2
2025-12-02T04:24:37.071493691,"Update the Lab Order Completion Redirect 1",5901,5901,-,0,0.52,1,2,4,8,20,65,3,3
2025-12-02T04:24:37.071493691,"Discontinue the drug order",6161,6161,-,0,0.55,0,1,2,6,11,40,2,2
2025-12-02T04:24:37.071493691,"Discontinue the drug order Redirect 1",6161,6161,-,0,0.55,1,3,4,9,38,60,4,3
2025-12-02T04:24:37.071493691,"Get Drug Orders except the cancelled and expired",2069,2069,-,0,0.18,0,1,2,7,22,39,2,3
2025-12-02T04:24:37.071493691,"Get Drug Orders except the cancelled and expired Redirect 1",2069,2069,-,0,0.18,1,2,4,10,37,50,3,3
2025-12-02T04:24:37.071493691,"Get Drug Orders except the discontinued orders",2069,2069,-,0,0.18,0,1,1,4,17,30,1,2
2025-12-02T04:24:37.071493691,"Get Drug Orders except the discontinued orders Redirect 1",2069,2069,-,0,0.18,1,2,3,9,22,50,3,3
2025-12-02T04:24:37.071493691,"Get Observation Tree Details",6207,6207,-,0,0.55,0,1,2,5,17,53,1,2
2025-12-02T04:24:37.071493691,"Get Observation Tree Details Redirect 1",6207,6207,-,0,0.55,1,2,3,9,20,54,3,3
2025-12-02T04:24:37.071493691,"Search for Condition",4138,4138,-,0,0.37,0,1,2,7,32,1243,2,20
2025-12-02T04:24:37.071493691,"Search for Condition Redirect 1",4138,4138,-,0,0.37,1,2,4,10,85,129,3,3
2025-12-02T04:24:37.071493691,"Get Immunizations of Patient",4138,4138,-,0,0.37,0,1,2,5,48,1388,2,29
2025-12-02T04:24:37.071493691,"Get Immunizations of Patient Redirect 1",4138,4138,-,0,0.37,1,2,3,10,32,99,3,4
2025-12-02T04:24:37.071493691,"Get all immunizations",2069,2069,-,0,0.18,0,1,1,4,21,30,1,2
2025-12-02T04:24:37.071493691,"Get all immunizations Redirect 1",2069,2069,-,0,0.18,1,2,3,9,20,55,3,3
2025-12-02T04:24:37.071493691,"Submit Patient immunization",2069,2069,-,0,0.18,0,1,2,8,222,1335,3,34
2025-12-02T04:24:37.071493691,"Submit Patient immunization Redirect 1",2069,2069,-,0,0.18,1,2,4,11,125,173,3,5
2025-12-02T04:24:37.071493691,"Get Attachments of Patient",4138,4138,-,0,0.37,0,1,2,6,492,901,2,14
2025-12-02T04:24:37.071493691,"Get Attachments of Patient Redirect 1",4138,4138,-,0,0.37,1,2,4,11,96,141,3,4
2025-12-02T04:24:37.071493691,"Get Allowed File Extensions",2069,2069,-,0,0.18,0,1,2,6,27,42,1,2
2025-12-02T04:24:37.071493691,"Get Allowed File Extensions Redirect 1",2069,2069,-,0,0.18,1,2,4,8,17,60,3,3
2025-12-02T04:24:37.071493691,"Get Programs",4138,4138,-,0,0.37,0,1,2,5,32,1407,2,22
2025-12-02T04:24:37.071493691,"Get Programs Redirect 1",4138,4138,-,0,0.37,1,2,4,8,79,173,3,4
2025-12-02T04:24:37.071493691,"Add new program to patient Redirect 1",2069,-,2069,100,0.18,1,2,3,10,48,60,3,3
2025-12-02T04:24:37.071493691,"Add new program to patient",2069,2069,-,0,0.18,0,1,1,4,11,27,1,2
2025-12-02T04:24:37.071493691,"Upload Attachment Request",2069,2069,-,0,0.18,3,6,8,14,50,773,8,17
2025-12-02T04:24:37.071493691,"Upload Attachment Request Redirect 1",2069,2069,-,0,0.18,1,2,4,10,30,238,4,6
2025-12-03T04:24:46.140175025,"Login",44732,44732,-,0,3.96,0,1,2,4,7,55,2,2
2025-12-03T04:24:46.140175025,"Login Redirect 1",44732,-,44732,100,3.96,1,2,3,7,12,82,3,2
2025-12-03T04:24:46.140175025,"Get locations",51107,51107,-,0,4.53,0,1,2,4,13,52,1,2
2025-12-03T04:24:46.140175025,"Get locations Redirect 1",51107,51107,-,0,4.53,1,2,3,6,13,76,3,2
2025-12-03T04:24:46.140175025,"Select Location",44732,44732,-,0,3.96,0,1,2,4,13,48,1,2
2025-12-03T04:24:46.140175025,"Select Location Redirect 1",44732,44732,-,0,3.96,1,2,3,7,12,45,3,2
2025-12-03T04:24:46.140175025,"Get Address Template",53219,53219,-,0,4.72,0,1,1,3,7,44,1,2
2025-12-03T04:24:46.140175025,"Get Address Template Redirect 1",53219,53219,-,0,4.72,1,2,3,6,12,55,3,2
2025-12-03T04:24:46.140175025,"Get Relationship Types",53219,53219,-,0,4.72,0,1,1,3,6,43,1,1
2025-12-03T04:24:46.140175025,"Get Relationship Types Redirect 1",53219,53219,-,0,4.72,1,2,3,6,11,61,3,2
2025-12-03T04:24:46.140175025,"Get Appointments for Specific Date",44732,44732,-,0,3.96,0,1,1,3,6,39,1,1
2025-12-03T04:24:46.140175025,"Get Appointments for Specific Date Redirect 1",44732,44732,-,0,3.96,1,2,3,6,11,50,3,2
2025-12-03T04:24:46.140175025,"Get Module Information",59124,59124,-,0,5.24,0,1,1,3,5,36,1,1
2025-12-03T04:24:46.140175025,"Get Module Information Redirect 1",59124,59124,-,0,5.24,1,2,3,6,11,55,3,2
2025-12-03T04:24:46.140175025,"Get Patient Identifier Types",53219,53219,-,0,4.72,0,1,1,3,6,37,1,1
2025-12-03T04:24:46.140175025,"Get Patient Identifier Types Redirect 1",53219,53219,-,0,4.72,1,2,3,6,11,47,3,2
2025-12-03T04:24:46.140175025,"Get Primary Identifier Term Mapping",96555,96555,-,0,8.56,0,1,1,3,6,46,1,1
2025-12-03T04:24:46.140175025,"Get Primary Identifier Term Mapping Redirect 1",96555,96555,-,0,8.56,1,2,3,6,11,59,3,2
2025-12-03T04:24:46.140175025,"Get Identifier Source",97951,97951,-,0,8.68,0,1,1,3,5,44,1,1
2025-12-03T04:24:46.140175025,"Get Identifier Source Redirect 1",97951,97951,-,0,8.68,1,2,3,6,11,56,2,2
2025-12-03T04:24:46.140175025,"Get Locations by Tag and Query",66383,66383,-,0,5.88,0,1,1,3,6,41,1,2
2025-12-03T04:24:46.140175025,"Get Locations by Tag and Query Redirect 1",66383,66383,-,0,5.88,1,2,3,6,11,56,3,2
2025-12-03T04:24:46.140175025,"Get Visits",47146,47146,-,0,4.18,0,1,1,3,6,41,1,1
2025-12-03T04:24:46.140175025,"Get Visits Redirect 1",47146,47146,-,0,4.18,1,2,3,6,11,49,2,2
2025-12-03T04:24:46.140175025,"Get Auto Generation Options",53219,53219,-,0,4.72,0,1,1,3,6,35,1,1
2025-12-03T04:24:46.140175025,"Get Auto Generation Options Redirect 1",53219,53219,-,0,4.72,1,2,3,6,11,47,2,2
2025-12-03T04:24:46.140175025,"Get Queue Entry",59986,59986,-,0,5.32,0,1,1,3,6,38,1,1
2025-12-03T04:24:46.140175025,"Get Queue Entry Redirect 1",59986,59986,-,0,5.32,1,2,3,6,11,51,3,2
2025-12-03T04:24:46.140175025,"Get Visit Types",27556,27556,-,0,2.44,0,1,1,4,15,39,1,2
2025-12-03T04:24:46.140175025,"Get Visit Types Redirect 1",27556,27556,-,0,2.44,1,2,3,7,15,42,3,2
2025-12-03T04:24:46.140175025,"Get Current Visit of Patient",46718,46718,-,0,4.14,0,1,2,4,11,48,1,2
2025-12-03T04:24:46.140175025,"Get Current Visit of Patient Redirect 1",46718,46718,-,0,4.14,1,2,3,7,14,51,3,2
2025-12-03T04:24:46.140175025,"Get Visits of Patient",48791,48791,-,0,4.32,0,1,1,4,14,38,1,2
2025-12-03T04:24:46.140175025,"Get Visits of Patient Redirect 1",48791,48791,-,0,4.32,1,2,3,6,16,49,3,2
2025-12-03T04:24:46.140175025,"Get Program Enrollments of Patient",31361,31361,-,0,2.78,0,1,1,3,11,38,1,2
2025-12-03T04:24:46.140175025,"Get Program Enrollments of Patient Redirect 1",31361,31361,-,0,2.78,1,2,3,7,17,47,3,2
2025-12-03T04:24:46.140175025,"Get Visit Queue Entry",39050,39050,-,0,3.46,0,1,1,3,6,40,1,1
2025-12-03T04:24:46.140175025,"Get Visit Queue Entry Redirect 1",39050,39050,-,0,3.46,1,2,3,6,12,44,3,2
2025-12-03T04:24:46.140175025,"Get Appointments of a Patient",27215,27215,-,0,2.41,0,1,1,4,11,34,1,1
2025-12-03T04:24:46.140175025,"Get Appointments of a Patient Redirect 1",27215,27215,-,0,2.41,1,2,3,6,14,44,3,2
2025-12-03T04:24:46.140175025,"Get Patient Summary Data",44644,44644,-,0,3.96,0,1,1,4,11,41,1,2
2025-12-03T04:24:46.140175025,"Get Patient Summary Data Redirect 1",44644,-,44644,100,3.96,1,2,3,7,12,47,3,2
2025-12-03T04:24:46.140175025,"Get Active Visits of Patient",70881,70881,-,0,6.28,0,1,2,4,9,43,1,2
2025-12-03T04:24:46.140175025,"Get Active Visits of Patient Redirect 1",70881,70881,-,0,6.28,1,2,3,7,13,63,3,2
2025-12-03T04:24:46.140175025,"Get isVisitsEnabled",31022,31022,-,0,2.75,0,1,1,3,7,41,1,1
2025-12-03T04:24:46.140175025,"Get isVisitsEnabled Redirect 1",31022,31022,-,0,2.75,1,2,3,7,13,47,3,2
2025-12-03T04:24:46.140175025,"Get the status of patient death",42571,42571,-,0,3.77,0,1,1,3,8,49,1,1
2025-12-03T04:24:46.140175025,"Get the status of patient death Redirect 1",42571,42571,-,0,3.77,1,2,3,7,12,45,3,2
2025-12-03T04:24:46.140175025,"Get all the constraints on the vital concepts",31022,31022,-,0,2.75,0,1,1,3,7,44,1,1
2025-12-03T04:24:46.140175025,"Get all the constraints on the vital concepts Redirect 1",31022,31022,-,0,2.75,1,2,3,6,12,44,3,2
2025-12-03T04:24:46.140175025,"Get Patient Observations",76718,76718,-,0,6.8,0,1,1,3,6,47,1,1
2025-12-03T04:24:46.140175025,"Get Patient Observations Redirect 1",76718,76718,-,0,6.8,1,2,3,6,11,50,3,2
2025-12-03T04:24:46.140175025,"Get Patient Conditions",29050,29050,-,0,2.57,0,1,1,3,7,38,1,1
2025-12-03T04:24:46.140175025,"Get Patient Conditions Redirect 1",29050,29050,-,0,2.57,1,2,3,6,13,54,3,2
2025-12-03T04:24:46.140175025,"Get Active Orders",24904,24904,-,0,2.21,0,1,1,3,7,44,1,1
2025-12-03T04:24:46.140175025,"Get Active Orders Redirect 1",24904,24904,-,0,2.21,1,2,3,6,14,41,3,2
2025-12-03T04:24:46.140175025,"Submit Visit Form",25142,25142,-,0,2.23,0,1,1,4,12,39,1,2
2025-12-03T04:24:46.140175025,"Submit Visit Form Redirect 1",25142,-,25142,100,2.23,1,2,3,6,15,52,3,2
2025-12-03T04:24:46.140175025,"Get Admission Location Info",8604,8604,-,0,0.76,0,1,1,4,10,38,1,2
2025-12-03T04:24:46.140175025,"Get Admission Location Info Redirect 1",8604,8604,-,0,0.76,1,2,3,7,15,31,3,2
2025-12-03T04:24:46.140175025,"Get Admission Info",8604,8604,-,0,0.76,0,1,1,4,13,36,1,1
2025-12-03T04:24:46.140175025,"Get Admission Info Redirect 1",8604,-,8604,100,0.76,1,2,3,7,15,47,3,2
2025-12-03T04:24:46.140175025,"Get Inpatient Request",8604,8604,-,0,0.76,0,1,2,5,9,35,2,2
2025-12-03T04:24:46.140175025,"Get Inpatient Request Redirect 1",8604,-,8604,100,0.76,1,2,3,8,19,44,3,3
2025-12-03T04:24:46.140175025,"Get Patients",10996,10996,-,0,0.97,0,1,2,5,14,45,1,2
2025-12-03T04:24:46.140175025,"Get Patients Redirect 1",10996,-,10996,100,0.97,1,2,3,7,16,47,3,2
2025-12-03T04:24:46.140175025,"Get Order Types",6168,6168,-,0,0.55,0,1,1,5,15,39,1,3
2025-12-03T04:24:46.140175025,"Get Order Types Redirect 1",6168,6168,-,0,0.55,1,2,3,7,16,50,3,3
2025-12-03T04:24:46.140175025,"Get Locations That Support Visits",13410,13410,-,0,1.19,0,1,1,4,24,35,1,1
2025-12-03T04:24:46.140175025,"Get Locations That Support Visits Redirect 1",13410,13410,-,0,1.19,1,2,3,6,14,45,3,2
2025-12-03T04:24:46.140175025,"Get Beds for Patient",8604,8604,-,0,0.76,0,1,1,4,9,41,1,2
2025-12-03T04:24:46.140175025,"Get Beds for Patient Redirect 1",8604,8604,-,0,0.76,1,2,3,7,15,40,3,2
2025-12-03T04:24:46.140175025,"Save Ward Encounter",21510,21510,-,0,1.91,0,1,1,4,12,41,1,2
2025-12-03T04:24:46.140175025,"Save Ward Encounter Redirect 1",21510,21510,-,0,1.91,1,2,3,7,17,55,3,2
2025-12-03T04:24:46.140175025,"Save Vitals",5953,5953,-,0,0.53,0,1,1,6,16,36,1,2
2025-12-03T04:24:46.140175025,"Save Vitals Redirect 1",5953,5953,-,0,0.53,1,2,3,7,19,38,3,2
2025-12-03T04:24:46.140175025,"Search for Drug",12336,12336,-,0,1.09,0,1,1,3,8,37,1,1
2025-12-03T04:24:46.140175025,"Search for Drug Redirect 1",12336,12336,-,0,1.09,1,2,3,6,14,43,3,2
2025-12-03T04:24:46.140175025,"Save Drug Order",6168,6168,-,0,0.55,0,1,1,3,6,17,1,1
2025-12-03T04:24:46.140175025,"Save Drug Order Redirect 1",6168,-,6168,100,0.55,1,2,3,6,16,42,2,2
2025-12-03T04:24:46.140175025,"Get Vitals concept reference ranges",8604,8604,-,0,0.76,0,1,1,4,9,40,1,1
2025-12-03T04:24:46.140175025,"Get Vitals concept reference ranges Redirect 1",8604,8604,-,0,0.76,1,2,3,6,17,45,3,2
2025-12-03T04:24:46.140175025,"Get Transfer Locations configuration data",8604,8604,-,0,0.76,0,1,1,4,12,34,1,2
2025-12-03T04:24:46.140175025,"Get Transfer Locations configuration data Redirect 1",8604,8604,-,0,0.76,1,2,3,7,17,39,3,2
2025-12-03T04:24:46.140175025,"Get Transferable locations",8604,8604,-,0,0.76,0,1,1,4,22,29,1,1
2025-12-03T04:24:46.140175025,"Get Transferable locations Redirect 1",8604,8604,-,0,0.76,1,2,3,8,15,39,3,2
2025-12-03T04:24:46.140175025,"Get the details of a orderType",5905,5905,-,0,0.52,0,1,1,4,4,18,1,1
2025-12-03T04:24:46.140175025,"Get the details of a orderType Redirect 1",5905,5905,-,0,0.52,1,2,3,7,29,40,3,2
2025-12-03T04:24:46.140175025,"Get all Lab order details",5905,5905,-,0,0.52,0,1,1,3,7,40,1,1
2025-12-03T04:24:46.140175025,"Get all Lab order details Redirect 1",5905,5905,-,0,0.52,1,2,3,7,28,41,3,2
2025-12-03T04:24:46.140175025,"Add a lab order",5905,5905,-,0,0.52,0,1,1,3,6,17,1,1
2025-12-03T04:24:46.140175025,"Add a lab order Redirect 1",5905,-,5905,100,0.52,1,2,3,7,13,47,2,2
2025-12-03T04:24:46.140175025,"Get All Form Encounters",2073,2073,-,0,0.18,0,1,1,3,13,31,1,1
2025-12-03T04:24:46.140175025,"Get All Form Encounters Redirect 1",2073,2073,-,0,0.18,1,2,3,8,28,41,3,3
2025-12-03T04:24:46.140175025,"Get All Forms",2073,2073,-,0,0.18,0,1,1,3,11,20,1,1
2025-12-03T04:24:46.140175025,"Get All Forms Redirect 1",2073,2073,-,0,0.18,1,2,3,7,23,28,2,2
2025-12-03T04:24:46.140175025,"Get Allergies of Patient",5953,5953,-,0,0.53,0,1,1,5,14,42,1,2
2025-12-03T04:24:46.140175025,"Get Allergies of Patient Redirect 1",5953,5953,-,0,0.53,1,2,3,7,16,37,3,2
2025-12-03T04:24:46.140175025,"Get Drug Allergens",5953,5953,-,0,0.53,0,1,1,4,9,45,1,1
2025-12-03T04:24:46.140175025,"Get Drug Allergens Redirect 1",5953,5953,-,0,0.53,1,2,3,7,15,32,3,2
2025-12-03T04:24:46.140175025,"Get Environment Allergens",5953,5953,-,0,0.53,0,1,1,4,8,28,1,1
2025-12-03T04:24:46.140175025,"Get Environment Allergens Redirect 1",5953,5953,-,0,0.53,1,2,3,7,15,37,3,2
2025-12-03T04:24:46.140175025,"Get Food Allergens",5953,5953,-,0,0.53,0,1,1,4,7,35,1,1
2025-12-03T04:24:46.140175025,"Get Food Allergens Redirect 1",5953,5953,-,0,0.53,1,2,3,7,16,53,3,2
2025-12-03T04:24:46.140175025,"Get Allergic Reactions Allergens",5953,5953,-,0,0.53,0,1,1,3,9,39,1,1
2025-12-03T04:24:46.140175025,"Get Allergic Reactions Allergens Redirect 1",5953,5953,-,0,0.53,1,2,3,7,15,43,3,2
2025-12-03T04:24:46.140175025,"Get medication request encounters",18504,18504,-,0,1.64,0,1,1,5,12,38,1,2
2025-12-03T04:24:46.140175025,"Get medication request encounters Redirect 1",18504,-,18504,100,1.64,1,2,3,7,26,43,3,2
2025-12-03T04:24:46.140175025,"Get all patient lists",20600,20600,-,0,1.83,0,1,1,4,12,46,1,2
2025-12-03T04:24:46.140175025,"Get all patient lists Redirect 1",20600,20600,-,0,1.83,1,2,3,6,13,51,3,2
2025-12-03T04:24:46.140175025,"Get Person Attribute Type",8487,8487,-,0,0.75,0,1,1,4,18,34,1,1
2025-12-03T04:24:46.140175025,"Get Person Attribute Type Redirect 1",8487,8487,-,0,0.75,1,2,3,7,16,44,3,2
2025-12-03T04:24:46.140175025,"Get All Appointment Services(full)",7242,7242,-,0,0.64,0,1,2,4,9,31,1,2
2025-12-03T04:24:46.140175025,"Get All Appointment Services(full) Redirect 1",7242,7242,-,0,0.64,1,2,3,8,17,61,3,3
2025-12-03T04:24:46.140175025,"Get Ordered Address Hierarchy Levels",8487,8487,-,0,0.75,0,1,1,3,21,38,1,1
2025-12-03T04:24:46.140175025,"Get all appointments for a specific day",4828,4828,-,0,0.43,0,1,1,4,23,29,1,1
2025-12-03T04:24:46.140175025,"Get all appointments for a specific day Redirect 1",4828,4828,-,0,0.43,1,2,3,6,13,33,3,2
2025-12-03T04:24:46.140175025,"Get all appointment summaries",4828,4828,-,0,0.43,0,1,1,4,6,25,1,1
2025-12-03T04:24:46.140175025,"Get Ordered Address Hierarchy Levels Redirect 1",8487,8487,-,0,0.75,1,2,3,7,12,37,2,2
2025-12-03T04:24:46.140175025,"Get all appointment summaries Redirect 1",4828,4828,-,0,0.43,1,2,3,6,15,42,3,2
2025-12-03T04:24:46.140175025,"Get Appointment By Status",19312,19312,-,0,1.71,0,1,1,3,9,32,1,1
2025-12-03T04:24:46.140175025,"Get Appointment By Status Redirect 1",19312,19312,-,0,1.71,1,2,3,6,16,47,3,2
2025-12-03T04:24:46.140175025,"Get all default appointment services",4828,4828,-,0,0.43,0,1,1,3,12,43,1,1
2025-12-03T04:24:46.140175025,"Get all default appointment services Redirect 1",4828,4828,-,0,0.43,1,2,3,5,12,44,2,2
2025-12-03T04:24:46.140175025,"Get all visits of the given location with date",4828,4828,-,0,0.43,0,1,1,3,6,20,1,1
2025-12-03T04:24:46.140175025,"Get all visits of the given location with date Redirect 1",4828,4828,-,0,0.43,1,2,3,5,13,35,2,2
2025-12-03T04:24:46.140175025,"Get Patient Allergy Intolerance",6168,6168,-,0,0.55,0,1,1,6,18,34,1,2
2025-12-03T04:24:46.140175025,"Get Patient Allergy Intolerance Redirect 1",6168,6168,-,0,0.55,1,2,3,7,17,46,3,2
2025-12-03T04:24:46.140175025,"Get All Providers",14750,14750,-,0,1.31,0,1,1,4,8,34,1,1
2025-12-03T04:24:46.140175025,"Get All Providers Redirect 1",14750,14750,-,0,1.31,1,2,3,7,17,51,3,2
2025-12-03T04:24:46.140175025,"Get all active Lab orders",17715,17715,-,0,1.57,0,1,1,4,14,53,1,2
2025-12-03T04:24:46.140175025,"Get all active Lab orders Redirect 1",17715,17715,-,0,1.57,1,2,3,7,16,42,3,2
2025-12-03T04:24:46.140175025,"Get Lab Orders by full filler status",53145,53145,-,0,4.71,0,1,1,3,11,39,1,1
2025-12-03T04:24:46.140175025,"Get Lab Orders by full filler status Redirect 1",53145,53145,-,0,4.71,1,2,3,7,16,47,3,2
2025-12-03T04:24:46.140175025,"Get Clinical Form by UUID",2073,2073,-,0,0.18,0,1,1,4,5,18,1,1
2025-12-03T04:24:46.140175025,"Get Clinical Form by UUID Redirect 1",2073,-,2073,100,0.18,1,2,3,7,22,33,3,2
2025-12-03T04:24:46.140175025,"Get Encounter Roles",2073,2073,-,0,0.18,0,1,2,5,7,44,2,2
2025-12-03T04:24:46.140175025,"Get Encounter Roles Redirect 1",2073,2073,-,0,0.18,1,2,4,8,16,32,3,2
2025-12-03T04:24:46.140175025,"Get Latest FHIR Encounter",2073,2073,-,0,0.18,0,1,2,5,7,11,1,1
2025-12-03T04:24:46.140175025,"Get Latest FHIR Encounter Redirect 1",2073,-,2073,100,0.18,1,2,4,8,20,48,3,3
2025-12-03T04:24:46.140175025,"Save an Allergy",5953,5953,-,0,0.53,0,1,1,5,15,35,2,2
2025-12-03T04:24:46.140175025,"Save an Allergy Redirect 1",5953,5953,-,0,0.53,1,2,3,7,20,46,3,2
2025-12-03T04:24:46.140175025,"Get patient identification photo",23835,23835,-,0,2.11,0,1,1,4,15,42,1,2
2025-12-03T04:24:46.140175025,"Get patient identification photo Redirect 1",23835,23835,-,0,2.11,1,2,3,8,20,40,3,2
2025-12-03T04:24:46.140175025,"Get Person Attributes",4805,4805,-,0,0.43,0,1,2,4,11,41,1,2
2025-12-03T04:24:46.140175025,"Get Person Attributes Redirect 1",4805,4805,-,0,0.43,1,2,3,7,16,37,3,2
2025-12-03T04:24:46.140175025,"Get Patient Identifiers",4805,4805,-,0,0.43,0,1,1,4,10,50,1,2
2025-12-03T04:24:46.140175025,"Get Patient Identifiers Redirect 1",4805,4805,-,0,0.43,1,2,3,7,16,40,3,2
2025-12-03T04:24:46.140175025,"Get Relationships of Person",4805,4805,-,0,0.43,0,1,1,4,7,30,1,1
2025-12-03T04:24:46.140175025,"Get Relationships of Person Redirect 1",4805,4805,-,0,0.43,1,2,3,7,13,49,3,2
2025-12-03T04:24:46.140175025,"Create a patient list",5150,5150,-,0,0.46,0,1,1,4,14,44,1,2
2025-12-03T04:24:46.140175025,"Create a patient list Redirect 1",5150,-,5150,100,0.46,1,2,3,7,22,38,3,2
2025-12-03T04:24:46.140175025,"Submit visit queue entry",4280,4280,-,0,0.38,0,1,2,4,7,25,1,1
2025-12-03T04:24:46.140175025,"Submit visit queue entry Redirect 1",4280,-,4280,100,0.38,1,2,3,8,16,47,3,3
2025-12-03T04:24:46.140175025,"Get Order Entry Config",6168,6168,-,0,0.55,0,1,2,5,13,41,2,2
2025-12-03T04:24:46.140175025,"Get Order Entry Config Redirect 1",6168,6168,-,0,0.55,1,2,3,9,33,54,3,3
2025-12-03T04:24:46.140175025,"Get ValueSet by UUID",18504,18504,-,0,1.64,0,1,2,4,11,37,1,2
2025-12-03T04:24:46.140175025,"Get ValueSet by UUID Redirect 1",18504,18504,-,0,1.64,1,2,3,8,18,48,3,2
2025-12-03T04:24:46.140175025,"Get Medication by UUID",6168,6168,-,0,0.55,0,1,1,4,33,45,1,2
2025-12-03T04:24:46.140175025,"Get Medication by UUID Redirect 1",6168,6168,-,0,0.55,1,2,3,7,16,50,3,2
2025-12-03T04:24:46.140175025,"Search Medication by Code",6168,6168,-,0,0.55,0,1,1,4,13,29,1,1
2025-12-03T04:24:46.140175025,"Search Medication by Code Redirect 1",6168,6168,-,0,0.55,1,2,3,6,14,47,3,2
2025-12-03T04:24:46.140175025,"Get Locations Search Set",4302,4302,-,0,0.38,0,1,1,4,9,14,1,1
2025-12-03T04:24:46.140175025,"Get Locations Search Set Redirect 1",4302,4302,-,0,0.38,1,2,3,8,27,35,3,2
2025-12-03T04:24:46.140175025,"Change the session location",4302,4302,-,0,0.38,0,1,1,4,17,23,1,1
2025-12-03T04:24:46.140175025,"Change the session location Redirect 1",4302,4302,-,0,0.38,1,2,3,7,24,32,3,2
2025-12-03T04:24:46.140175025,"Get service concept set",4280,4280,-,0,0.38,0,1,1,5,15,39,1,2
2025-12-03T04:24:46.140175025,"Get service concept set Redirect 1",4280,-,4280,100,0.38,1,2,3,7,29,42,3,2
2025-12-03T04:24:46.140175025,"Submit new Service queue",4280,4280,-,0,0.38,0,1,2,4,10,30,2,2
2025-12-03T04:24:46.140175025,"Submit new Service queue Redirect 1",4280,-,4280,100,0.38,1,2,3,8,16,34,3,3
2025-12-03T04:24:46.140175025,"Save a clinical form",2073,2073,-,0,0.18,0,1,1,4,16,31,1,2
2025-12-03T04:24:46.140175025,"Save a clinical form Redirect 1",2073,2073,-,0,0.18,1,2,3,7,12,44,3,3
2025-12-03T04:24:46.140175025,"Edit patient details",4805,4805,-,0,0.43,0,1,1,4,13,26,1,2
2025-12-03T04:24:46.140175025,"Edit patient details Redirect 1",4805,4805,-,0,0.43,1,2,3,7,18,30,3,2
2025-12-03T04:24:46.140175025,"Check Appointment Conflicts",2414,2414,-,0,0.21,0,1,1,5,12,27,1,2
2025-12-03T04:24:46.140175025,"Check Appointment Conflicts Redirect 1",2414,2414,-,0,0.21,1,2,3,7,13,38,3,2
2025-12-03T04:24:46.140175025,"Create Appointment",2414,2414,-,0,0.21,0,1,1,4,24,37,1,1
2025-12-03T04:24:46.140175025,"Create Appointment Redirect 1",2414,-,2414,100,0.21,1,2,3,7,18,37,3,2
2025-12-03T04:24:46.140175025,"Submit transition request",4280,4280,-,0,0.38,0,1,1,5,15,41,1,3
2025-12-03T04:24:46.140175025,"Submit transition request Redirect 1",4280,4280,-,0,0.38,1,2,3,7,28,36,3,2
2025-12-03T04:24:46.140175025,"Get Patient Encounters",2073,2073,-,0,0.18,0,1,1,4,14,25,1,1
2025-12-03T04:24:46.140175025,"Get Patient Encounters Redirect 1",2073,2073,-,0,0.18,1,2,3,7,12,29,3,2
2025-12-03T04:24:46.140175025,"Get Lab Results of Patient",4146,4146,-,0,0.37,0,1,1,3,11,23,1,1
2025-12-03T04:24:46.140175025,"Get Lab Results of Patient Redirect 1",4146,-,4146,100,0.37,1,2,3,6,14,36,3,2
2025-12-03T04:24:46.140175025,"Generate OMRS Identifier",3682,3682,-,0,0.33,0,1,1,5,15,34,1,3
2025-12-03T04:24:46.140175025,"Generate OMRS Identifier Redirect 1",3682,-,3682,100,0.33,1,2,3,8,28,34,3,2
2025-12-03T04:24:46.140175025,"Get Alkaline concept details",5905,5905,-,0,0.52,0,1,2,5,16,40,2,2
2025-12-03T04:24:46.140175025,"Get Alkaline concept details Redirect 1",5905,5905,-,0,0.52,1,2,3,6,16,42,3,2
2025-12-03T04:24:46.140175025,"Update the Lab Order Completion",5905,5905,-,0,0.52,0,1,1,3,7,31,1,1
2025-12-03T04:24:46.140175025,"Update the Lab Order Completion Redirect 1",5905,5905,-,0,0.52,1,2,3,6,17,45,3,2
2025-12-03T04:24:46.140175025,"Get Visits With Diagnoses and Notes (new endpoint)",2073,2073,-,0,0.18,0,1,1,5,15,28,1,2
2025-12-03T04:24:46.140175025,"Get Visits With Diagnoses and Notes (new endpoint) Redirect 1",2073,2073,-,0,0.18,1,2,3,8,23,38,3,3
2025-12-03T04:24:46.140175025,"Discontinue the drug order",6168,6168,-,0,0.55,0,1,2,4,11,54,2,2
2025-12-03T04:24:46.140175025,"Discontinue the drug order Redirect 1",6168,6168,-,0,0.55,1,2,3,9,28,53,3,3
2025-12-03T04:24:46.140175025,"Get Drug Orders except the cancelled and expired",2073,2073,-,0,0.18,0,1,1,4,16,38,2,3
2025-12-03T04:24:46.140175025,"Get Drug Orders except the cancelled and expired Redirect 1",2073,2073,-,0,0.18,1,2,3,7,16,25,3,2
2025-12-03T04:24:46.140175025,"Get Drug Orders except the discontinued orders",2073,2073,-,0,0.18,0,1,1,4,6,17,1,1
2025-12-03T04:24:46.140175025,"Get Drug Orders except the discontinued orders Redirect 1",2073,2073,-,0,0.18,1,2,3,7,14,35,3,2
2025-12-03T04:24:46.140175025,"Get Observation Tree Details",6219,6219,-,0,0.55,0,1,1,5,15,30,1,2
2025-12-03T04:24:46.140175025,"Get Observation Tree Details Redirect 1",6219,6219,-,0,0.55,1,2,3,7,19,39,3,2
2025-12-03T04:24:46.140175025,"Search for Condition",4146,4146,-,0,0.37,0,1,1,5,15,36,1,2
2025-12-03T04:24:46.140175025,"Search for Condition Redirect 1",4146,4146,-,0,0.37,1,2,3,7,17,31,3,2
2025-12-03T04:24:46.140175025,"Get Immunizations of Patient",4146,4146,-,0,0.37,0,1,1,4,15,42,1,2
2025-12-03T04:24:46.140175025,"Get Immunizations of Patient Redirect 1",4146,4146,-,0,0.37,1,2,3,6,14,41,3,2
2025-12-03T04:24:46.140175025,"Get all immunizations",2073,2073,-,0,0.18,0,1,1,4,18,30,1,2
2025-12-03T04:24:46.140175025,"Get all immunizations Redirect 1",2073,2073,-,0,0.18,1,2,3,7,24,31,3,2
2025-12-03T04:24:46.140175025,"Submit Patient immunization",2073,2073,-,0,0.18,0,1,1,5,13,30,1,2
2025-12-03T04:24:46.140175025,"Submit Patient immunization Redirect 1",2073,2073,-,0,0.18,1,2,3,8,25,31,3,2
2025-12-03T04:24:46.140175025,"Get Attachments of Patient Redirect 1",4146,4146,-,0,0.37,1,2,3,7,16,33,3,2
2025-12-03T04:24:46.140175025,"Get Attachments of Patient",4146,4146,-,0,0.37,0,1,1,4,11,30,1,2
2025-12-03T04:24:46.140175025,"Get Allowed File Extensions",2073,2073,-,0,0.18,0,1,1,4,5,33,1,1
2025-12-03T04:24:46.140175025,"Get Allowed File Extensions Redirect 1",2073,2073,-,0,0.18,1,2,3,7,24,31,3,2
2025-12-03T04:24:46.140175025,"Get Programs",4146,4146,-,0,0.37,0,1,1,4,14,30,1,2
2025-12-03T04:24:46.140175025,"Get Programs Redirect 1",4146,4146,-,0,0.37,1,2,3,8,29,39,3,2
2025-12-03T04:24:46.140175025,"Add new program to patient Redirect 1",2073,-,2073,100,0.18,1,2,3,7,20,33,3,2
2025-12-03T04:24:46.140175025,"Add new program to patient",2073,2073,-,0,0.18,0,1,1,4,12,18,1,1
2025-12-03T04:24:46.140175025,"Upload Attachment Request",2073,2073,-,0,0.18,3,6,7,13,24,47,7,3
2025-12-03T04:24:46.140175025,"Upload Attachment Request Redirect 1",2073,2073,-,0,0.18,1,2,3,9,28,35,3,2
2025-12-04T04:24:40.332505299,"Login",44703,44703,-,0,3.96,0,1,2,5,8,58,2,2
2025-12-04T04:24:40.332505299,"Login Redirect 1",44703,-,44703,100,3.96,1,2,3,7,15,202,3,3
2025-12-04T04:24:40.332505299,"Get locations",51073,51073,-,0,4.53,0,1,2,5,25,1834,2,17
2025-12-04T04:24:40.332505299,"Get locations Redirect 1",51073,51073,-,0,4.53,1,2,3,7,14,166,3,3
2025-12-04T04:24:40.332505299,"Select Location",44703,44703,-,0,3.96,0,1,2,5,17,1786,2,18
2025-12-04T04:24:40.332505299,"Select Location Redirect 1",44703,44703,-,0,3.96,1,2,3,8,14,178,3,3
2025-12-04T04:24:40.332505299,"Get Address Template",53182,53182,-,0,4.71,0,1,1,4,8,1619,1,10
2025-12-04T04:24:40.332505299,"Get Address Template Redirect 1",53182,53182,-,0,4.71,1,2,3,7,14,172,3,3
2025-12-04T04:24:40.332505299,"Get Relationship Types",53182,53182,-,0,4.71,0,1,1,4,7,48,1,2
2025-12-04T04:24:40.332505299,"Get Relationship Types Redirect 1",53182,53182,-,0,4.71,1,2,3,7,14,319,3,3
2025-12-04T04:24:40.332505299,"Get Appointments for Specific Date",44703,44703,-,0,3.96,0,1,1,4,7,45,1,2
2025-12-04T04:24:40.332505299,"Get Appointments for Specific Date Redirect 1",44703,44703,-,0,3.96,1,2,3,7,14,139,3,3
2025-12-04T04:24:40.332505299,"Get Module Information",59082,59082,-,0,5.24,0,1,1,4,7,43,1,2
2025-12-04T04:24:40.332505299,"Get Module Information Redirect 1",59082,59082,-,0,5.24,1,2,3,7,14,317,3,3
2025-12-04T04:24:40.332505299,"Get Patient Identifier Types",53182,53182,-,0,4.71,0,1,1,4,7,109,1,2
2025-12-04T04:24:40.332505299,"Get Patient Identifier Types Redirect 1",53182,53182,-,0,4.71,1,2,3,7,14,158,3,3
2025-12-04T04:24:40.332505299,"Get Primary Identifier Term Mapping",96488,96488,-,0,8.55,0,1,2,4,7,61,1,2
2025-12-04T04:24:40.332505299,"Get Primary Identifier Term Mapping Redirect 1",96488,96488,-,0,8.55,1,2,3,7,14,206,3,3
2025-12-04T04:24:40.332505299,"Get Identifier Source",97885,97885,-,0,8.68,0,1,1,3,6,53,1,1
2025-12-04T04:24:40.332505299,"Get Identifier Source Redirect 1",97885,97885,-,0,8.68,1,2,3,7,13,78,3,3
2025-12-04T04:24:40.332505299,"Get Locations by Tag and Query",66338,66338,-,0,5.88,0,1,1,4,7,1767,1,9
2025-12-04T04:24:40.332505299,"Get Locations by Tag and Query Redirect 1",66338,66338,-,0,5.88,1,2,3,7,13,115,3,3
2025-12-04T04:24:40.332505299,"Get Visits",47115,47115,-,0,4.18,0,1,1,3,6,63,1,1
2025-12-04T04:24:40.332505299,"Get Visits Redirect 1",47115,47115,-,0,4.18,1,2,3,7,13,76,3,3
2025-12-04T04:24:40.332505299,"Get Auto Generation Options",53182,53182,-,0,4.71,0,1,1,3,6,44,1,2
2025-12-04T04:24:40.332505299,"Get Auto Generation Options Redirect 1",53182,53182,-,0,4.71,1,2,3,7,13,89,3,3
2025-12-04T04:24:40.332505299,"Get Queue Entry",59946,59946,-,0,5.31,0,1,1,4,7,51,1,2
2025-12-04T04:24:40.332505299,"Get Queue Entry Redirect 1",59946,59946,-,0,5.31,1,2,3,7,13,202,3,3
2025-12-04T04:24:40.332505299,"Get Visit Types",27535,27535,-,0,2.44,0,1,2,6,46,1759,2,25
2025-12-04T04:24:40.332505299,"Get Visit Types Redirect 1",27535,27535,-,0,2.44,1,2,3,8,21,170,3,3
2025-12-04T04:24:40.332505299,"Get Current Visit of Patient",46679,46679,-,0,4.14,0,1,2,4,10,1578,2,9
2025-12-04T04:24:40.332505299,"Get Current Visit of Patient Redirect 1",46679,46679,-,0,4.14,1,2,4,8,22,339,3,5
2025-12-04T04:24:40.332505299,"Get Visits of Patient",48749,48749,-,0,4.32,0,1,2,4,8,1394,1,7
2025-12-04T04:24:40.332505299,"Get Visits of Patient Redirect 1",48749,48749,-,0,4.32,1,2,3,8,19,260,3,3
2025-12-04T04:24:40.332505299,"Get Program Enrollments of Patient",31333,31333,-,0,2.78,0,1,1,4,19,913,1,6
2025-12-04T04:24:40.332505299,"Get Program Enrollments of Patient Redirect 1",31333,31333,-,0,2.78,1,2,3,8,23,253,3,3
2025-12-04T04:24:40.332505299,"Get Visit Queue Entry",39020,39020,-,0,3.46,0,1,1,4,7,41,1,1
2025-12-04T04:24:40.332505299,"Get Visit Queue Entry Redirect 1",39020,39020,-,0,3.46,1,2,3,7,13,117,3,3
2025-12-04T04:24:40.332505299,"Get Appointments of a Patient",27193,27193,-,0,2.41,0,1,1,3,10,37,1,2
2025-12-04T04:24:40.332505299,"Get Appointments of a Patient Redirect 1",27193,27193,-,0,2.41,1,2,3,7,16,81,3,3
2025-12-04T04:24:40.332505299,"Get Patient Summary Data",44609,44609,-,0,3.95,0,1,2,5,11,1417,1,8
2025-12-04T04:24:40.332505299,"Get Patient Summary Data Redirect 1",44609,-,44609,100,3.95,1,2,3,7,15,168,3,3
2025-12-04T04:24:40.332505299,"Get Active Visits of Patient",70823,70823,-,0,6.28,0,1,2,5,11,1788,2,11
2025-12-04T04:24:40.332505299,"Get Active Visits of Patient Redirect 1",70823,70823,-,0,6.28,1,2,3,8,14,120,3,3
2025-12-04T04:24:40.332505299,"Get isVisitsEnabled",31001,31001,-,0,2.75,0,1,2,4,7,110,1,2
2025-12-04T04:24:40.332505299,"Get isVisitsEnabled Redirect 1",31001,31001,-,0,2.75,1,2,3,8,15,325,3,3
2025-12-04T04:24:40.332505299,"Get the status of patient death",42539,42539,-,0,3.77,0,1,2,4,8,136,1,2
2025-12-04T04:24:40.332505299,"Get the status of patient death Redirect 1",42539,42539,-,0,3.77,1,2,3,7,15,350,3,3
2025-12-04T04:24:40.332505299,"Get all the constraints on the vital concepts",31001,31001,-,0,2.75,0,1,1,4,9,48,1,2
2025-12-04T04:24:40.332505299,"Get all the constraints on the vital concepts Redirect 1",31001,31001,-,0,2.75,1,2,3,7,14,71,3,3
2025-12-04T04:24:40.332505299,"Get Patient Observations",76670,76670,-,0,6.8,0,1,1,4,7,1794,1,9
2025-12-04T04:24:40.332505299,"Get Patient Observations Redirect 1",76670,76669,1,0,6.8,1,2,3,7,15,103,3,3
2025-12-04T04:24:40.332505299,"Get Patient Conditions",29026,29026,-,0,2.57,0,1,1,4,9,45,1,2
2025-12-04T04:24:40.332505299,"Get Patient Conditions Redirect 1",29026,29026,-,0,2.57,1,2,3,7,20,62,3,3
2025-12-04T04:24:40.332505299,"Get Active Orders",24886,24886,-,0,2.21,0,1,1,4,7,40,1,1
2025-12-04T04:24:40.332505299,"Get Active Orders Redirect 1",24886,24886,-,0,2.21,1,2,3,7,15,46,3,2
2025-12-04T04:24:40.332505299,"Submit Visit Form",25123,25123,-,0,2.23,0,1,2,5,43,1619,2,20
2025-12-04T04:24:40.332505299,"Submit Visit Form Redirect 1",25123,-,25123,100,2.23,1,2,3,7,22,134,3,3
2025-12-04T04:24:40.332505299,"Get Admission Location Info",8600,8600,-,0,0.76,0,1,1,5,13,33,1,2
2025-12-04T04:24:40.332505299,"Get Admission Location Info Redirect 1",8600,8600,-,0,0.76,1,2,3,9,17,81,3,3
2025-12-04T04:24:40.332505299,"Get Admission Info",8600,8600,-,0,0.76,0,1,1,4,8,35,1,1
2025-12-04T04:24:40.332505299,"Get Admission Info Redirect 1",8600,-,8600,100,0.76,1,2,3,7,16,83,3,3
2025-12-04T04:24:40.332505299,"Get Inpatient Request",8600,8600,-,0,0.76,0,1,2,5,14,60,2,2
2025-12-04T04:24:40.332505299,"Get Inpatient Request Redirect 1",8600,-,8600,100,0.76,1,2,4,8,18,54,3,3
2025-12-04T04:24:40.332505299,"Get Patients",10989,10989,-,0,0.97,0,1,2,5,16,727,2,7
2025-12-04T04:24:40.332505299,"Get Patients Redirect 1",10989,-,10989,100,0.97,1,2,4,9,20,122,3,3
2025-12-04T04:24:40.332505299,"Get Order Types",6164,6164,-,0,0.55,0,1,2,6,19,39,2,3
2025-12-04T04:24:40.332505299,"Get Order Types Redirect 1",6164,6164,-,0,0.55,1,2,3,8,17,45,3,3
2025-12-04T04:24:40.332505299,"Get Locations That Support Visits",13401,13401,-,0,1.19,0,1,1,4,9,50,1,2
2025-12-04T04:24:40.332505299,"Get Locations That Support Visits Redirect 1",13401,13401,-,0,1.19,1,2,3,7,18,210,3,4
2025-12-04T04:24:40.332505299,"Get Beds for Patient",8600,8600,-,0,0.76,0,1,2,5,5,43,1,2
2025-12-04T04:24:40.332505299,"Get Beds for Patient Redirect 1",8600,8600,-,0,0.76,1,2,3,8,20,52,3,3
2025-12-04T04:24:40.332505299,"Save Ward Encounter",21500,21500,-,0,1.91,0,1,2,4,15,46,1,2
2025-12-04T04:24:40.332505299,"Save Ward Encounter Redirect 1",21500,21500,-,0,1.91,1,2,3,8,22,199,3,3
2025-12-04T04:24:40.332505299,"Save Vitals",5952,5952,-,0,0.53,0,1,2,6,20,238,2,4
2025-12-04T04:24:40.332505299,"Save Vitals Redirect 1",5952,5952,-,0,0.53,1,2,3,8,19,114,3,3
2025-12-04T04:24:40.332505299,"Search for Drug",12328,12328,-,0,1.09,0,1,1,4,9,36,1,1
2025-12-04T04:24:40.332505299,"Search for Drug Redirect 1",12328,12328,-,0,1.09,1,2,3,7,17,62,3,3
2025-12-04T04:24:40.332505299,"Save Drug Order",6164,6164,-,0,0.55,0,1,1,3,12,36,1,2
2025-12-04T04:24:40.332505299,"Save Drug Order Redirect 1",6164,-,6164,100,0.55,1,2,3,7,17,48,3,3
2025-12-04T04:24:40.332505299,"Get Vitals concept reference ranges",8600,8600,-,0,0.76,0,1,1,4,19,24,1,1
2025-12-04T04:24:40.332505299,"Get Vitals concept reference ranges Redirect 1",8600,8600,-,0,0.76,1,2,3,8,18,55,3,3
2025-12-04T04:24:40.332505299,"Get Transfer Locations configuration data",8600,8600,-,0,0.76,0,1,2,5,14,1487,2,21
2025-12-04T04:24:40.332505299,"Get Transfer Locations configuration data Redirect 1",8600,8600,-,0,0.76,1,2,3,8,18,80,3,3
2025-12-04T04:24:40.332505299,"Get Transferable locations",8600,8600,-,0,0.76,0,1,1,3,8,41,1,2
2025-12-04T04:24:40.332505299,"Get Transferable locations Redirect 1",8600,8600,-,0,0.76,1,2,3,8,22,102,3,3
2025-12-04T04:24:40.332505299,"Get All Form Encounters",2070,2070,-,0,0.18,0,1,1,5,19,27,1,2
2025-12-04T04:24:40.332505299,"Get All Form Encounters Redirect 1",2070,2070,-,0,0.18,1,2,3,8,33,59,3,3
2025-12-04T04:24:40.332505299,"Get the details of a orderType",5900,5900,-,0,0.52,0,1,1,5,32,53,1,2
2025-12-04T04:24:40.332505299,"Get the details of a orderType Redirect 1",5900,5900,-,0,0.52,1,2,3,6,19,80,3,3
2025-12-04T04:24:40.332505299,"Get All Forms",2070,2070,-,0,0.18,0,1,1,3,8,32,1,2
2025-12-04T04:24:40.332505299,"Get all Lab order details",5900,5900,-,0,0.52,0,1,1,5,20,46,1,2
2025-12-04T04:24:40.332505299,"Get All Forms Redirect 1",2070,2070,-,0,0.18,1,2,3,8,16,45,3,3
2025-12-04T04:24:40.332505299,"Get all Lab order details Redirect 1",5900,5900,-,0,0.52,1,2,3,8,137,250,3,5
2025-12-04T04:24:40.332505299,"Add a lab order",5900,5900,-,0,0.52,0,1,1,4,7,40,1,2
2025-12-04T04:24:40.332505299,"Add a lab order Redirect 1",5900,-,5900,100,0.52,1,2,3,8,20,57,3,3
2025-12-04T04:24:40.332505299,"Get Allergies of Patient",5952,5952,-,0,0.53,0,1,2,6,33,688,2,13
2025-12-04T04:24:40.332505299,"Get Allergies of Patient Redirect 1",5952,5952,-,0,0.53,1,2,3,9,21,66,3,3
2025-12-04T04:24:40.332505299,"Get Drug Allergens",5952,5952,-,0,0.53,0,1,1,5,8,54,1,2
2025-12-04T04:24:40.332505299,"Get Drug Allergens Redirect 1",5952,5952,-,0,0.53,1,2,3,6,20,58,3,3
2025-12-04T04:24:40.332505299,"Get Environment Allergens",5952,5952,-,0,0.53,0,1,1,4,7,200,1,3
2025-12-04T04:24:40.332505299,"Get Environment Allergens Redirect 1",5952,5952,-,0,0.53,1,2,3,8,22,92,3,3
2025-12-04T04:24:40.332505299,"Get Food Allergens",5952,5952,-,0,0.53,0,1,1,3,8,58,1,2
2025-12-04T04:24:40.332505299,"Get Food Allergens Redirect 1",5952,5952,-,0,0.53,1,2,3,8,24,51,3,3
2025-12-04T04:24:40.332505299,"Get Allergic Reactions Allergens",5952,5952,-,0,0.53,0,1,1,4,10,37,1,1
2025-12-04T04:24:40.332505299,"Get Allergic Reactions Allergens Redirect 1",5952,5952,-,0,0.53,1,2,3,8,23,129,3,3
2025-12-04T04:24:40.332505299,"Get medication request encounters",18492,18492,-,0,1.64,0,1,2,9,32,1665,2,18
2025-12-04T04:24:40.332505299,"Get medication request encounters Redirect 1",18492,-,18492,100,1.64,1,2,3,8,19,92,3,3
2025-12-04T04:24:40.332505299,"Get all patient lists",20596,20596,-,0,1.83,0,1,2,5,15,43,1,2
2025-12-04T04:24:40.332505299,"Get all patient lists Redirect 1",20596,20596,-,0,1.83,1,2,3,8,15,101,3,3
2025-12-04T04:24:40.332505299,"Get Person Attribute Type",8479,8479,-,0,0.75,0,1,1,4,11,29,1,1
2025-12-04T04:24:40.332505299,"Get Person Attribute Type Redirect 1",8479,8479,-,0,0.75,1,2,3,8,22,48,3,3
2025-12-04T04:24:40.332505299,"Get All Appointment Services(full)",7236,7236,-,0,0.64,0,1,2,5,16,42,2,2
2025-12-04T04:24:40.332505299,"Get All Appointment Services(full) Redirect 1",7236,7236,-,0,0.64,1,2,3,8,17,58,3,3
2025-12-04T04:24:40.332505299,"Get Ordered Address Hierarchy Levels",8479,8479,-,0,0.75,0,1,1,4,5,38,1,2
2025-12-04T04:24:40.332505299,"Get all appointments for a specific day",4824,4824,-,0,0.43,0,1,1,4,18,33,1,2
2025-12-04T04:24:40.332505299,"Get all appointments for a specific day Redirect 1",4824,4824,-,0,0.43,1,2,3,7,15,49,3,3
2025-12-04T04:24:40.332505299,"Get Ordered Address Hierarchy Levels Redirect 1",8479,8479,-,0,0.75,1,2,3,7,20,82,3,3
2025-12-04T04:24:40.332505299,"Get all appointment summaries",4824,4824,-,0,0.43,0,1,1,4,10,43,1,2
2025-12-04T04:24:40.332505299,"Get all appointment summaries Redirect 1",4824,4824,-,0,0.43,1,2,3,8,23,178,3,4
2025-12-04T04:24:40.332505299,"Get Appointment By Status",19296,19296,-,0,1.71,0,1,1,3,9,36,1,1
2025-12-04T04:24:40.332505299,"Get Appointment By Status Redirect 1",19296,19296,-,0,1.71,1,2,3,8,22,145,3,3
2025-12-04T04:24:40.332505299,"Get all default appointment services",4824,4824,-,0,0.43,0,1,1,4,8,25,1,1
2025-12-04T04:24:40.332505299,"Get all default appointment services Redirect 1",4824,4824,-,0,0.43,1,2,3,8,17,48,3,3
2025-12-04T04:24:40.332505299,"Get all visits of the given location with date",4824,4824,-,0,0.43,0,1,1,4,6,48,1,2
2025-12-04T04:24:40.332505299,"Get all visits of the given location with date Redirect 1",4824,4824,-,0,0.43,1,2,3,7,16,51,3,3
2025-12-04T04:24:40.332505299,"Get Patient Allergy Intolerance",6164,6164,-,0,0.55,0,1,2,7,24,625,2,8
2025-12-04T04:24:40.332505299,"Get Patient Allergy Intolerance Redirect 1",6164,6164,-,0,0.55,1,2,3,8,30,47,3,3
2025-12-04T04:24:40.332505299,"Get All Providers",14740,14740,-,0,1.31,0,1,1,4,8,107,1,2
2025-12-04T04:24:40.332505299,"Get All Providers Redirect 1",14740,14740,-,0,1.31,1,2,3,7,20,287,3,4
2025-12-04T04:24:40.332505299,"Get Clinical Form by UUID",2070,2070,-,0,0.18,0,1,2,4,11,51,1,2
2025-12-04T04:24:40.332505299,"Get Clinical Form by UUID Redirect 1",2070,-,2070,100,0.18,1,2,4,8,15,46,3,3
2025-12-04T04:24:40.332505299,"Get all active Lab orders",17700,17700,-,0,1.57,0,1,2,6,19,1465,2,13
2025-12-04T04:24:40.332505299,"Get all active Lab orders Redirect 1",17700,17700,-,0,1.57,1,2,3,7,24,176,3,3
2025-12-04T04:24:40.332505299,"Get Encounter Roles",2070,2070,-,0,0.18,0,1,2,4,11,28,2,2
2025-12-04T04:24:40.332505299,"Get Encounter Roles Redirect 1",2070,2070,-,0,0.18,1,2,4,9,18,43,3,3
2025-12-04T04:24:40.332505299,"Get Lab Orders by full filler status",53100,53100,-,0,4.71,0,1,1,4,14,53,1,2
2025-12-04T04:24:40.332505299,"Get Latest FHIR Encounter",2070,2070,-,0,0.18,0,1,2,4,16,39,1,2
2025-12-04T04:24:40.332505299,"Get Latest FHIR Encounter Redirect 1",2070,-,2070,100,0.18,1,2,4,10,28,91,3,4
2025-12-04T04:24:40.332505299,"Get Lab Orders by full filler status Redirect 1",53100,53100,-,0,4.71,1,2,3,8,19,139,3,3
2025-12-04T04:24:40.332505299,"Save an Allergy",5952,5952,-,0,0.53,0,1,2,6,27,766,2,10
2025-12-04T04:24:40.332505299,"Save an Allergy Redirect 1",5952,5952,-,0,0.53,1,2,3,8,19,104,3,3
2025-12-04T04:24:40.332505299,"Get patient identification photo Redirect 1",23817,23817,-,0,2.11,1,2,3,9,21,54,3,3
2025-12-04T04:24:40.332505299,"Get patient identification photo",23817,23817,-,0,2.11,0,1,2,5,18,45,1,2
2025-12-04T04:24:40.332505299,"Get Person Attributes",4800,4800,-,0,0.43,0,1,2,5,12,42,2,2
2025-12-04T04:24:40.332505299,"Get Person Attributes Redirect 1",4800,4800,-,0,0.43,1,2,4,9,21,45,3,3
2025-12-04T04:24:40.332505299,"Get Patient Identifiers",4800,4800,-,0,0.43,0,1,2,5,24,42,1,2
2025-12-04T04:24:40.332505299,"Get Patient Identifiers Redirect 1",4800,4800,-,0,0.43,1,2,3,8,20,47,3,3
2025-12-04T04:24:40.332505299,"Get Relationships of Person",4800,4800,-,0,0.43,0,1,1,5,16,26,1,1
2025-12-04T04:24:40.332505299,"Get Relationships of Person Redirect 1",4800,4800,-,0,0.43,1,2,3,8,31,39,3,2
2025-12-04T04:24:40.332505299,"Create a patient list",5149,5149,-,0,0.46,0,1,2,6,60,581,2,9
2025-12-04T04:24:40.332505299,"Create a patient list Redirect 1",5149,-,5149,100,0.46,1,2,3,8,24,81,3,3
2025-12-04T04:24:40.332505299,"Submit visit queue entry",4277,4277,-,0,0.38,0,1,2,4,10,28,1,2
2025-12-04T04:24:40.332505299,"Submit visit queue entry Redirect 1",4277,-,4277,100,0.38,1,2,4,9,41,53,3,3
2025-12-04T04:24:40.332505299,"Get Order Entry Config",6164,6164,-,0,0.55,0,1,2,6,15,42,2,2
2025-12-04T04:24:40.332505299,"Get Order Entry Config Redirect 1",6164,6164,-,0,0.55,1,2,4,10,22,53,3,3
2025-12-04T04:24:40.332505299,"Get ValueSet by UUID",18492,18492,-,0,1.64,0,1,2,5,10,48,2,2
2025-12-04T04:24:40.332505299,"Get ValueSet by UUID Redirect 1",18492,18492,-,0,1.64,1,2,4,9,21,181,3,3
2025-12-04T04:24:40.332505299,"Get Medication by UUID",6164,6164,-,0,0.55,0,1,2,5,14,30,1,2
2025-12-04T04:24:40.332505299,"Get Medication by UUID Redirect 1",6164,6164,-,0,0.55,1,2,4,8,16,42,3,3
2025-12-04T04:24:40.332505299,"Search Medication by Code",6164,6164,-,0,0.55,0,1,1,4,5,34,1,2
2025-12-04T04:24:40.332505299,"Search Medication by Code Redirect 1",6164,6164,-,0,0.55,1,2,3,8,18,82,3,3
2025-12-04T04:24:40.332505299,"Get Locations Search Set",4300,4300,-,0,0.38,0,1,1,5,13,32,1,1
2025-12-04T04:24:40.332505299,"Get Locations Search Set Redirect 1",4300,4300,-,0,0.38,1,2,3,8,24,306,3,6
2025-12-04T04:24:40.332505299,"Change the session location",4300,4300,-,0,0.38,0,1,1,3,9,25,1,1
2025-12-04T04:24:40.332505299,"Change the session location Redirect 1",4300,4300,-,0,0.38,1,2,3,9,78,96,3,3
2025-12-04T04:24:40.332505299,"Get service concept set",4277,4277,-,0,0.38,0,1,2,6,22,580,2,9
2025-12-04T04:24:40.332505299,"Get service concept set Redirect 1",4277,-,4277,100,0.38,1,2,3,8,17,54,3,3
2025-12-04T04:24:40.332505299,"Submit new Service queue",4277,4277,-,0,0.38,0,1,2,5,12,63,2,2
2025-12-04T04:24:40.332505299,"Submit new Service queue Redirect 1",4277,-,4277,100,0.38,1,2,4,8,19,46,3,3
2025-12-04T04:24:40.332505299,"Save a clinical form",2070,2070,-,0,0.18,0,1,2,5,18,36,2,3
2025-12-04T04:24:40.332505299,"Save a clinical form Redirect 1",2070,2070,-,0,0.18,1,2,3,8,18,46,3,3
2025-12-04T04:24:40.332505299,"Edit patient details",4800,4800,-,0,0.43,0,1,2,4,18,39,2,3
2025-12-04T04:24:40.332505299,"Edit patient details Redirect 1",4800,4800,-,0,0.43,1,2,3,8,15,40,3,3
2025-12-04T04:24:40.332505299,"Check Appointment Conflicts",2412,2412,-,0,0.21,0,1,2,5,41,1122,2,23
2025-12-04T04:24:40.332505299,"Check Appointment Conflicts Redirect 1",2412,2412,-,0,0.21,1,2,3,8,19,60,3,3
2025-12-04T04:24:40.332505299,"Create Appointment",2412,2412,-,0,0.21,0,1,1,5,13,26,1,2
2025-12-04T04:24:40.332505299,"Create Appointment Redirect 1",2412,-,2412,100,0.21,1,2,3,7,17,45,3,3
2025-12-04T04:24:40.332505299,"Submit transition request",4277,4277,-,0,0.38,0,1,2,8,152,1518,2,23
2025-12-04T04:24:40.332505299,"Submit transition request Redirect 1",4277,4277,-,0,0.38,1,2,3,8,34,43,3,3
2025-12-04T04:24:40.332505299,"Get Patient Encounters",2070,2070,-,0,0.18,0,1,1,4,19,43,1,2
2025-12-04T04:24:40.332505299,"Get Patient Encounters Redirect 1",2070,2070,-,0,0.18,1,2,3,9,83,197,3,6
2025-12-04T04:24:40.332505299,"Get Lab Results of Patient",4140,4140,-,0,0.37,0,1,1,4,7,31,1,1
2025-12-04T04:24:40.332505299,"Get Lab Results of Patient Redirect 1",4140,-,4140,100,0.37,1,2,3,8,27,49,3,3
2025-12-04T04:24:40.332505299,"Generate OMRS Identifier",3679,3679,-,0,0.33,0,1,2,6,52,505,2,9
2025-12-04T04:24:40.332505299,"Generate OMRS Identifier Redirect 1",3679,-,3679,100,0.33,1,2,3,8,17,53,3,3
2025-12-04T04:24:40.332505299,"Get Alkaline concept details",5900,5900,-,0,0.52,0,1,2,5,43,1434,2,26
2025-12-04T04:24:40.332505299,"Get Alkaline concept details Redirect 1",5900,5900,-,0,0.52,1,2,3,8,18,50,3,3
2025-12-04T04:24:40.332505299,"Update the Lab Order Completion",5900,5900,-,0,0.52,0,1,1,4,20,44,1,2
2025-12-04T04:24:40.332505299,"Get Visits With Diagnoses and Notes (new endpoint)",2070,2070,-,0,0.18,0,1,2,5,14,39,2,2
2025-12-04T04:24:40.332505299,"Update the Lab Order Completion Redirect 1",5900,5900,-,0,0.52,1,2,3,8,16,47,3,3
2025-12-04T04:24:40.332505299,"Get Visits With Diagnoses and Notes (new endpoint) Redirect 1",2070,2070,-,0,0.18,1,2,3,9,31,44,3,3
2025-12-04T04:24:40.332505299,"Discontinue the drug order",6164,6164,-,0,0.55,0,1,2,6,14,116,2,2
2025-12-04T04:24:40.332505299,"Discontinue the drug order Redirect 1",6164,6164,-,0,0.55,1,2,4,10,73,1846,4,24
2025-12-04T04:24:40.332505299,"Get Drug Orders except the cancelled and expired",2070,2070,-,0,0.18,0,1,2,6,18,35,2,3
2025-12-04T04:24:40.332505299,"Get Drug Orders except the cancelled and expired Redirect 1",2070,2070,-,0,0.18,1,2,3,8,22,37,3,2
2025-12-04T04:24:40.332505299,"Get Drug Orders except the discontinued orders",2070,2070,-,0,0.18,0,1,1,5,16,22,1,1
2025-12-04T04:24:40.332505299,"Get Drug Orders except the discontinued orders Redirect 1",2070,2070,-,0,0.18,1,2,3,7,18,38,3,3
2025-12-04T04:24:40.332505299,"Get Observation Tree Details",6210,6210,-,0,0.55,0,1,1,5,14,33,1,2
2025-12-04T04:24:40.332505299,"Get Observation Tree Details Redirect 1",6210,6210,-,0,0.55,1,2,3,9,24,43,3,3
2025-12-04T04:24:40.332505299,"Search for Condition",4140,4140,-,0,0.37,0,1,2,6,18,51,2,3
2025-12-04T04:24:40.332505299,"Search for Condition Redirect 1",4140,4140,-,0,0.37,1,2,3,8,22,43,3,3
2025-12-04T04:24:40.332505299,"Get Immunizations of Patient",4140,4140,-,0,0.37,0,1,2,5,15,36,1,2
2025-12-04T04:24:40.332505299,"Get Immunizations of Patient Redirect 1",4140,4140,-,0,0.37,1,2,3,9,29,39,3,3
2025-12-04T04:24:40.332505299,"Get all immunizations",2070,2070,-,0,0.18,0,1,1,4,6,35,1,2
2025-12-04T04:24:40.332505299,"Get all immunizations Redirect 1",2070,2070,-,0,0.18,1,2,3,9,19,24,3,2
2025-12-04T04:24:40.332505299,"Submit Patient immunization",2070,2070,-,0,0.18,0,1,2,4,17,42,2,3
2025-12-04T04:24:40.332505299,"Submit Patient immunization Redirect 1",2070,2069,1,0.05,0.18,1,2,3,7,14,41,3,3
2025-12-04T04:24:40.332505299,"Get Attachments of Patient",4140,4140,-,0,0.37,0,1,2,5,13,61,1,2
2025-12-04T04:24:40.332505299,"Get Attachments of Patient Redirect 1",4140,4140,-,0,0.37,1,2,3,8,23,42,3,3
2025-12-04T04:24:40.332505299,"Get Allowed File Extensions",2070,2070,-,0,0.18,0,1,1,4,8,22,1,2
2025-12-04T04:24:40.332505299,"Get Allowed File Extensions Redirect 1",2070,2070,-,0,0.18,1,2,3,8,22,31,3,2
2025-12-04T04:24:40.332505299,"Get Programs",4140,4140,-,0,0.37,0,1,1,5,12,43,1,2
2025-12-04T04:24:40.332505299,"Get Programs Redirect 1",4140,4140,-,0,0.37,1,2,3,7,19,189,3,4
2025-12-04T04:24:40.332505299,"Add new program to patient",2070,2070,-,0,0.18,0,1,1,5,32,40,1,2
2025-12-04T04:24:40.332505299,"Add new program to patient Redirect 1",2070,-,2070,100,0.18,1,2,3,7,35,83,3,3
2025-12-04T04:24:40.332505299,"Upload Attachment Request",2070,2070,-,0,0.18,3,6,7,13,129,1623,8,46
2025-12-04T04:24:40.332505299,"Upload Attachment Request Redirect 1",2070,2070,-,0,0.18,1,2,3,9,66,127,3,4
2025-12-05T04:35:20.859880671,"Login",44655,44655,-,0,3.96,0,1,2,5,10,1729,2,10
2025-12-05T04:35:20.859880671,"Login Redirect 1",44655,-,44655,100,3.96,1,2,4,9,17,139,3,4
2025-12-05T04:35:20.859880671,"Get locations",51018,51018,-,0,4.52,0,1,2,6,21,1639,2,13
2025-12-05T04:35:20.859880671,"Get locations Redirect 1",51018,51018,-,0,4.52,1,2,4,9,18,135,3,3
2025-12-05T04:35:20.859880671,"Select Location",44655,44655,-,0,3.96,0,1,2,6,22,1488,2,11
2025-12-05T04:35:20.859880671,"Select Location Redirect 1",44655,44655,-,0,3.96,1,2,4,9,17,86,3,3
2025-12-05T04:35:20.859880671,"Get Address Template",53121,53121,-,0,4.71,0,1,2,5,9,1336,2,8
2025-12-05T04:35:20.859880671,"Get Address Template Redirect 1",53121,53120,1,0,4.71,1,2,4,9,16,110,3,3
2025-12-05T04:35:20.859880671,"Get Relationship Types",53121,53121,-,0,4.71,0,1,2,4,8,51,1,2
2025-12-05T04:35:20.859880671,"Get Relationship Types Redirect 1",53121,53121,-,0,4.71,1,2,4,9,17,90,3,3
2025-12-05T04:35:20.859880671,"Get Appointments for Specific Date",44655,44655,-,0,3.96,0,1,2,4,8,43,1,2
2025-12-05T04:35:20.859880671,"Get Appointments for Specific Date Redirect 1",44655,44655,-,0,3.96,1,2,4,9,17,131,3,3
2025-12-05T04:35:20.859880671,"Get Module Information",59016,59016,-,0,5.23,0,1,2,4,8,48,1,2
2025-12-05T04:35:20.859880671,"Get Module Information Redirect 1",59016,59016,-,0,5.23,1,2,4,9,17,90,3,3
2025-12-05T04:35:20.859880671,"Get Patient Identifier Types",53121,53121,-,0,4.71,0,1,2,4,8,45,1,2
2025-12-05T04:35:20.859880671,"Get Patient Identifier Types Redirect 1",53121,53121,-,0,4.71,1,2,4,8,16,68,3,3
2025-12-05T04:35:20.859880671,"Get Primary Identifier Term Mapping",96383,96383,-,0,8.54,0,1,2,5,9,787,2,4
2025-12-05T04:35:20.859880671,"Get Primary Identifier Term Mapping Redirect 1",96383,96383,-,0,8.54,1,2,4,9,17,64,3,3
2025-12-05T04:35:20.859880671,"Get Identifier Source",97776,97776,-,0,8.67,0,1,2,4,8,57,1,2
2025-12-05T04:35:20.859880671,"Get Identifier Source Redirect 1",97776,97776,-,0,8.67,1,2,4,8,16,64,3,3
2025-12-05T04:35:20.859880671,"Get Locations by Tag and Query",66270,66270,-,0,5.87,0,1,2,4,9,889,1,4
2025-12-05T04:35:20.859880671,"Get Locations by Tag and Query Redirect 1",66270,66270,-,0,5.87,1,2,4,8,16,96,3,3
2025-12-05T04:35:20.859880671,"Get Visits",47065,47065,-,0,4.17,0,1,2,4,8,54,1,2
2025-12-05T04:35:20.859880671,"Get Visits Redirect 1",47065,47065,-,0,4.17,1,2,4,8,16,70,3,3
2025-12-05T04:35:20.859880671,"Get Auto Generation Options",53121,53121,-,0,4.71,0,1,2,4,8,48,1,2
2025-12-05T04:35:20.859880671,"Get Auto Generation Options Redirect 1",53121,53121,-,0,4.71,1,2,4,8,16,74,3,3
2025-12-05T04:35:20.859880671,"Get Queue Entry",59884,59884,-,0,5.31,0,1,2,4,8,55,1,2
2025-12-05T04:35:20.859880671,"Get Queue Entry Redirect 1",59884,59884,-,0,5.31,1,2,4,8,17,66,3,3
2025-12-05T04:35:20.859880671,"Get Visit Types",27510,27510,-,0,2.44,0,1,2,7,35,1563,2,15
2025-12-05T04:35:20.859880671,"Get Visit Types Redirect 1",27510,27510,-,0,2.44,1,2,4,9,22,76,3,3
2025-12-05T04:35:20.859880671,"Get Current Visit of Patient",46642,46642,-,0,4.13,0,1,2,5,21,1321,2,9
2025-12-05T04:35:20.859880671,"Get Current Visit of Patient Redirect 1",46642,46642,-,0,4.13,1,2,4,11,25,135,4,3
2025-12-05T04:35:20.859880671,"Get Visits of Patient",48711,48711,-,0,4.32,0,1,2,5,10,51,2,2
2025-12-05T04:35:20.859880671,"Get Visits of Patient Redirect 1",48711,48711,-,0,4.32,1,2,4,9,23,67,3,3
2025-12-05T04:35:20.859880671,"Get Program Enrollments of Patient",31307,31307,-,0,2.77,0,1,2,5,13,1528,2,9
2025-12-05T04:35:20.859880671,"Get Program Enrollments of Patient Redirect 1",31307,31307,-,0,2.77,1,2,4,9,22,126,3,3
2025-12-05T04:35:20.859880671,"Get Visit Queue Entry",38982,38982,-,0,3.45,0,1,2,4,9,50,1,2
2025-12-05T04:35:20.859880671,"Get Visit Queue Entry Redirect 1",38982,38982,-,0,3.45,1,2,4,9,21,62,3,3
2025-12-05T04:35:20.859880671,"Get Appointments of a Patient",27169,27169,-,0,2.41,0,1,2,5,34,1687,2,13
2025-12-05T04:35:20.859880671,"Get Appointments of a Patient Redirect 1",27169,27169,-,0,2.41,1,2,4,10,23,72,3,3
2025-12-05T04:35:20.859880671,"Get Patient Summary Data",44559,44559,-,0,3.95,0,1,2,5,17,627,2,4
2025-12-05T04:35:20.859880671,"Get Patient Summary Data Redirect 1",44559,-,44559,100,3.95,1,2,4,9,22,66,3,3
2025-12-05T04:35:20.859880671,"Get Active Visits of Patient",70757,70757,-,0,6.27,0,1,2,5,15,1446,2,8
2025-12-05T04:35:20.859880671,"Get Active Visits of Patient Redirect 1",70757,70757,-,0,6.27,1,2,4,9,18,103,4,3
2025-12-05T04:35:20.859880671,"Get isVisitsEnabled",30965,30965,-,0,2.74,0,1,2,4,9,54,2,2
2025-12-05T04:35:20.859880671,"Get isVisitsEnabled Redirect 1",30965,30965,-,0,2.74,1,2,4,9,24,124,3,3
2025-12-05T04:35:20.859880671,"Get the status of patient death",42490,42490,-,0,3.77,0,1,2,5,10,57,1,2
2025-12-05T04:35:20.859880671,"Get the status of patient death Redirect 1",42490,42490,-,0,3.77,1,2,4,10,25,56,3,3
2025-12-05T04:35:20.859880671,"Get all the constraints on the vital concepts",30965,30965,-,0,2.74,0,1,2,4,8,47,1,2
2025-12-05T04:35:20.859880671,"Get all the constraints on the vital concepts Redirect 1",30965,30965,-,0,2.74,1,2,4,9,18,132,3,3
2025-12-05T04:35:20.859880671,"Get Patient Observations",76582,76582,-,0,6.79,0,1,2,4,8,1632,1,6
2025-12-05T04:35:20.859880671,"Get Patient Observations Redirect 1",76582,76582,-,0,6.79,1,2,4,8,17,62,3,3
2025-12-05T04:35:20.859880671,"Get Patient Conditions",28997,28997,-,0,2.57,0,1,2,5,17,66,1,2
2025-12-05T04:35:20.859880671,"Get Patient Conditions Redirect 1",28997,28997,-,0,2.57,1,2,4,9,25,52,3,3
2025-12-05T04:35:20.859880671,"Get Active Orders",24859,24859,-,0,2.2,0,1,2,5,10,39,1,2
2025-12-05T04:35:20.859880671,"Get Active Orders Redirect 1",24859,24859,-,0,2.2,1,2,4,9,22,56,3,3
2025-12-05T04:35:20.859880671,"Submit Visit Form",25100,25100,-,0,2.22,0,1,2,5,21,1712,2,11
2025-12-05T04:35:20.859880671,"Submit Visit Form Redirect 1",25100,-,25100,100,2.22,1,2,4,8,24,135,3,3
2025-12-05T04:35:20.859880671,"Get Admission Location Info",8588,8588,-,0,0.76,0,1,2,5,15,60,2,3
2025-12-05T04:35:20.859880671,"Get Admission Location Info Redirect 1",8588,8588,-,0,0.76,1,2,4,10,26,58,3,3
2025-12-05T04:35:20.859880671,"Get Admission Info",8588,8588,-,0,0.76,0,1,2,4,8,49,1,2
2025-12-05T04:35:20.859880671,"Get Admission Info Redirect 1",8588,-,8588,100,0.76,1,2,4,9,19,62,3,3
2025-12-05T04:35:20.859880671,"Get Inpatient Request",8588,8588,-,0,0.76,0,1,3,6,23,42,2,2
2025-12-05T04:35:20.859880671,"Get Inpatient Request Redirect 1",8588,-,8588,100,0.76,1,3,4,11,22,53,4,3
2025-12-05T04:35:20.859880671,"Get Patients",10977,10977,-,0,0.97,0,1,2,6,42,1451,2,17
2025-12-05T04:35:20.859880671,"Get Patients Redirect 1",10977,-,10977,100,0.97,1,2,4,10,21,102,4,3
2025-12-05T04:35:20.859880671,"Get Order Types",6159,6159,-,0,0.55,0,1,2,8,47,1598,2,23
2025-12-05T04:35:20.859880671,"Get Order Types Redirect 1",6159,6159,-,0,0.55,1,2,4,10,24,113,4,4
2025-12-05T04:35:20.859880671,"Get Locations That Support Visits",13387,13387,-,0,1.19,0,1,2,4,5,49,1,2
2025-12-05T04:35:20.859880671,"Get Locations That Support Visits Redirect 1",13387,13387,-,0,1.19,1,2,4,10,20,51,3,3
2025-12-05T04:35:20.859880671,"Get Beds for Patient",8588,8588,-,0,0.76,0,1,2,5,18,58,2,2
2025-12-05T04:35:20.859880671,"Get Beds for Patient Redirect 1",8588,8588,-,0,0.76,1,2,4,10,22,54,3,3
2025-12-05T04:35:20.859880671,"Save Ward Encounter",21470,21470,-,0,1.9,0,1,2,5,25,1612,2,11
2025-12-05T04:35:20.859880671,"Save Ward Encounter Redirect 1",21470,21470,-,0,1.9,1,2,4,10,26,94,3,3
2025-12-05T04:35:20.859880671,"Save Vitals",5947,5947,-,0,0.53,0,1,2,7,19,43,2,3
2025-12-05T04:35:20.859880671,"Save Vitals Redirect 1",5947,5946,1,0.02,0.53,1,2,4,11,45,61,3,3
2025-12-05T04:35:20.859880671,"Search for Drug",12318,12318,-,0,1.09,0,1,2,4,9,38,1,2
2025-12-05T04:35:20.859880671,"Search for Drug Redirect 1",12318,12318,-,0,1.09,1,2,4,8,20,95,3,3
2025-12-05T04:35:20.859880671,"Save Drug Order",6159,6159,-,0,0.55,0,1,2,5,21,40,1,2
2025-12-05T04:35:20.859880671,"Save Drug Order Redirect 1",6159,-,6159,100,0.55,1,2,4,8,16,47,3,3
2025-12-05T04:35:20.859880671,"Get Vitals concept reference ranges",8588,8588,-,0,0.76,0,1,2,5,27,55,1,2
2025-12-05T04:35:20.859880671,"Get Vitals concept reference ranges Redirect 1",8588,8588,-,0,0.76,1,2,3,9,20,45,3,3
2025-12-05T04:35:20.859880671,"Get Transfer Locations configuration data",8588,8588,-,0,0.76,0,1,2,5,14,45,2,2
2025-12-05T04:35:20.859880671,"Get Transfer Locations configuration data Redirect 1",8588,8588,-,0,0.76,1,2,4,9,24,58,3,3
2025-12-05T04:35:20.859880671,"Get Transferable locations",8588,8588,-,0,0.76,0,1,2,4,8,57,1,2
2025-12-05T04:35:20.859880671,"Get Transferable locations Redirect 1",8588,8588,-,0,0.76,1,2,4,11,35,49,3,3
2025-12-05T04:35:20.859880671,"Get All Form Encounters",2069,2069,-,0,0.18,0,1,2,5,20,54,2,3
2025-12-05T04:35:20.859880671,"Get All Form Encounters Redirect 1",2069,2069,-,0,0.18,1,2,4,10,32,50,3,3
2025-12-05T04:35:20.859880671,"Get the details of a orderType",5895,5895,-,0,0.52,0,1,2,5,12,41,2,2
2025-12-05T04:35:20.859880671,"Get the details of a orderType Redirect 1",5895,5895,-,0,0.52,1,2,4,10,30,83,3,3
2025-12-05T04:35:20.859880671,"Get All Forms",2069,2069,-,0,0.18,0,1,2,5,11,44,1,2
2025-12-05T04:35:20.859880671,"Get all Lab order details",5895,5895,-,0,0.52,0,1,2,4,10,33,1,2
2025-12-05T04:35:20.859880671,"Get all Lab order details Redirect 1",5895,5895,-,0,0.52,1,2,4,8,21,59,3,3
2025-12-05T04:35:20.859880671,"Get All Forms Redirect 1",2069,2069,-,0,0.18,1,2,4,9,36,49,3,3
2025-12-05T04:35:20.859880671,"Add a lab order",5895,5895,-,0,0.52,0,1,2,5,10,41,1,2
2025-12-05T04:35:20.859880671,"Add a lab order Redirect 1",5895,-,5895,100,0.52,1,2,4,9,23,49,3,3
2025-12-05T04:35:20.859880671,"Get Allergies of Patient",5947,5947,-,0,0.53,0,1,2,5,46,1278,2,19
2025-12-05T04:35:20.859880671,"Get Allergies of Patient Redirect 1",5947,5947,-,0,0.53,1,2,4,10,24,53,3,3
2025-12-05T04:35:20.859880671,"Get Drug Allergens",5947,5947,-,0,0.53,0,1,2,5,12,55,1,2
2025-12-05T04:35:20.859880671,"Get Drug Allergens Redirect 1",5947,5947,-,0,0.53,1,2,4,11,23,70,3,3
2025-12-05T04:35:20.859880671,"Get Environment Allergens",5947,5947,-,0,0.53,0,1,2,4,8,42,1,2
2025-12-05T04:35:20.859880671,"Get Environment Allergens Redirect 1",5947,5947,-,0,0.53,1,2,4,9,22,58,3,3
2025-12-05T04:35:20.859880671,"Get Food Allergens",5947,5947,-,0,0.53,0,1,2,4,13,36,1,2
2025-12-05T04:35:20.859880671,"Get Food Allergens Redirect 1",5947,5947,-,0,0.53,1,2,4,9,22,54,3,3
2025-12-05T04:35:20.859880671,"Get Allergic Reactions Allergens",5947,5947,-,0,0.53,0,1,2,4,8,19,1,2
2025-12-05T04:35:20.859880671,"Get Allergic Reactions Allergens Redirect 1",5947,5947,-,0,0.53,1,2,4,10,35,47,3,3
2025-12-05T04:35:20.859880671,"Get medication request encounters",18477,18477,-,0,1.64,0,1,2,6,44,1646,2,17
2025-12-05T04:35:20.859880671,"Get medication request encounters Redirect 1",18477,-,18477,100,1.64,1,2,4,10,25,108,3,4
2025-12-05T04:35:20.859880671,"Get all patient lists",20568,20568,-,0,1.82,0,1,2,5,12,841,2,6
2025-12-05T04:35:20.859880671,"Get all patient lists Redirect 1",20568,20568,-,0,1.82,1,2,4,10,19,86,3,3
2025-12-05T04:35:20.859880671,"Get All Appointment Services(full)",7230,7230,-,0,0.64,0,1,2,6,17,42,2,2
2025-12-05T04:35:20.859880671,"Get All Appointment Services(full) Redirect 1",7230,7230,-,0,0.64,1,2,4,10,23,86,4,3
2025-12-05T04:35:20.859880671,"Get all appointments for a specific day",4820,4820,-,0,0.43,0,1,2,4,10,41,2,2
2025-12-05T04:35:20.859880671,"Get Person Attribute Type",8466,8466,-,0,0.75,0,1,2,5,26,46,1,2
2025-12-05T04:35:20.859880671,"Get all appointments for a specific day Redirect 1",4820,4820,-,0,0.43,1,2,4,9,20,139,3,4
2025-12-05T04:35:20.859880671,"Get Person Attribute Type Redirect 1",8466,8466,-,0,0.75,1,2,4,8,17,61,3,3
2025-12-05T04:35:20.859880671,"Get all appointment summaries",4820,4820,-,0,0.43,0,1,2,5,7,33,1,2
2025-12-05T04:35:20.859880671,"Get all appointment summaries Redirect 1",4820,4820,-,0,0.43,1,2,4,10,24,54,3,3
2025-12-05T04:35:20.859880671,"Get Ordered Address Hierarchy Levels",8466,8466,-,0,0.75,0,1,2,5,15,21,1,2
2025-12-05T04:35:20.859880671,"Get Appointment By Status",19280,19280,-,0,1.71,0,1,2,4,15,52,1,2
2025-12-05T04:35:20.859880671,"Get Ordered Address Hierarchy Levels Redirect 1",8466,8466,-,0,0.75,1,2,4,7,19,52,3,3
2025-12-05T04:35:20.859880671,"Get Appointment By Status Redirect 1",19280,19280,-,0,1.71,1,2,4,9,19,46,3,3
2025-12-05T04:35:20.859880671,"Get all default appointment services",4820,4820,-,0,0.43,0,1,1,5,17,33,1,2
2025-12-05T04:35:20.859880671,"Get all default appointment services Redirect 1",4820,4820,-,0,0.43,1,2,3,9,37,45,3,3
2025-12-05T04:35:20.859880671,"Get all visits of the given location with date",4820,4820,-,0,0.43,0,1,1,4,10,33,1,2
2025-12-05T04:35:20.859880671,"Get all visits of the given location with date Redirect 1",4820,4820,-,0,0.43,1,2,3,9,29,53,3,3
2025-12-05T04:35:20.859880671,"Get Patient Allergy Intolerance",6159,6159,-,0,0.55,0,1,2,6,20,51,2,3
2025-12-05T04:35:20.859880671,"Get Patient Allergy Intolerance Redirect 1",6159,6159,-,0,0.55,1,2,4,10,14,49,4,3
2025-12-05T04:35:20.859880671,"Get All Providers",14728,14728,-,0,1.31,0,1,2,5,14,49,2,2
2025-12-05T04:35:20.859880671,"Get All Providers Redirect 1",14728,14728,-,0,1.31,1,2,4,8,18,70,3,3
2025-12-05T04:35:20.859880671,"Get Clinical Form by UUID",2069,2069,-,0,0.18,0,1,2,5,8,30,2,2
2025-12-05T04:35:20.859880671,"Get Clinical Form by UUID Redirect 1",2069,-,2069,100,0.18,1,2,4,10,24,45,3,3
2025-12-05T04:35:20.859880671,"Get all active Lab orders",17685,17685,-,0,1.57,0,1,2,6,33,1386,2,14
2025-12-05T04:35:20.859880671,"Get all active Lab orders Redirect 1",17685,17685,-,0,1.57,1,2,4,9,19,59,3,4
2025-12-05T04:35:20.859880671,"Get Lab Orders by full filler status",53055,53055,-,0,4.7,0,1,2,5,17,61,1,2
2025-12-05T04:35:20.859880671,"Get Encounter Roles",2069,2069,-,0,0.18,0,1,2,6,25,36,2,2
2025-12-05T04:35:20.859880671,"Get Encounter Roles Redirect 1",2069,2069,-,0,0.18,1,3,5,9,19,56,4,3
2025-12-05T04:35:20.859880671,"Get Lab Orders by full filler status Redirect 1",53055,53055,-,0,4.7,1,2,4,10,24,117,3,3
2025-12-05T04:35:20.859880671,"Get Latest FHIR Encounter",2069,2069,-,0,0.18,0,1,2,6,11,37,2,2
2025-12-05T04:35:20.859880671,"Get Latest FHIR Encounter Redirect 1",2069,-,2069,100,0.18,1,3,5,11,27,33,4,3
2025-12-05T04:35:20.859880671,"Save an Allergy",5947,5947,-,0,0.53,0,1,2,6,49,1271,2,20
2025-12-05T04:35:20.859880671,"Save an Allergy Redirect 1",5947,5947,-,0,0.53,1,2,4,10,49,78,3,3
2025-12-05T04:35:20.859880671,"Get patient identification photo",23790,23790,-,0,2.11,0,1,2,6,9,48,2,2
2025-12-05T04:35:20.859880671,"Get patient identification photo Redirect 1",23790,23790,-,0,2.11,1,2,4,9,19,54,4,3
2025-12-05T04:35:20.859880671,"Get Person Attributes",4789,4789,-,0,0.42,0,1,2,6,28,46,2,2
2025-12-05T04:35:20.859880671,"Get Person Attributes Redirect 1",4789,4789,-,0,0.42,1,3,4,10,24,56,4,4
2025-12-05T04:35:20.859880671,"Get Patient Identifiers",4789,4789,-,0,0.42,0,1,2,4,17,41,2,2
2025-12-05T04:35:20.859880671,"Get Patient Identifiers Redirect 1",4789,4789,-,0,0.42,1,2,4,11,39,49,4,3
2025-12-05T04:35:20.859880671,"Get Relationships of Person",4789,4789,-,0,0.42,0,1,2,5,22,31,2,2
2025-12-05T04:35:20.859880671,"Get Relationships of Person Redirect 1",4789,4789,-,0,0.42,1,2,4,8,19,48,3,3
2025-12-05T04:35:20.859880671,"Create a patient list",5142,5142,-,0,0.46,0,1,2,7,23,45,2,3
2025-12-05T04:35:20.859880671,"Create a patient list Redirect 1",5142,-,5142,100,0.46,1,2,4,9,19,50,4,3
2025-12-05T04:35:20.859880671,"Submit visit queue entry",4273,4273,-,0,0.38,0,1,2,6,14,40,2,2
2025-12-05T04:35:20.859880671,"Submit visit queue entry Redirect 1",4273,-,4273,100,0.38,1,2,4,10,22,65,4,4
2025-12-05T04:35:20.859880671,"Get Order Entry Config",6159,6159,-,0,0.55,0,1,3,7,35,44,2,2
2025-12-05T04:35:20.859880671,"Get Order Entry Config Redirect 1",6159,6159,-,0,0.55,1,3,5,11,23,63,4,4
2025-12-05T04:35:20.859880671,"Get ValueSet by UUID Redirect 1",18477,18477,-,0,1.64,1,3,5,11,23,71,4,4
2025-12-05T04:35:20.859880671,"Get ValueSet by UUID",18477,18477,-,0,1.64,0,1,2,6,39,51,2,2
2025-12-05T04:35:20.859880671,"Get Medication by UUID Redirect 1",6159,6159,-,0,0.55,1,2,4,10,28,50,4,3
2025-12-05T04:35:20.859880671,"Get Medication by UUID",6159,6159,-,0,0.55,0,1,2,6,9,38,2,2
2025-12-05T04:35:20.859880671,"Search Medication by Code",6159,6159,-,0,0.55,0,1,2,5,9,49,1,2
2025-12-05T04:35:20.859880671,"Search Medication by Code Redirect 1",6159,6159,-,0,0.55,1,2,4,10,16,47,3,3
2025-12-05T04:35:20.859880671,"Get Locations Search Set",4294,4294,-,0,0.38,0,1,2,5,18,34,1,2
2025-12-05T04:35:20.859880671,"Get Locations Search Set Redirect 1",4294,4294,-,0,0.38,1,2,4,11,77,111,3,4
2025-12-05T04:35:20.859880671,"Change the session location",4294,4294,-,0,0.38,0,1,2,4,15,24,1,2
2025-12-05T04:35:20.859880671,"Change the session location Redirect 1",4294,4294,-,0,0.38,1,2,4,9,29,92,3,4
2025-12-05T04:35:20.859880671,"Get service concept set",4273,4273,-,0,0.38,0,1,2,6,71,1607,3,34
2025-12-05T04:35:20.859880671,"Get service concept set Redirect 1",4273,-,4273,100,0.38,1,2,4,10,19,125,3,4
2025-12-05T04:35:20.859880671,"Submit new Service queue",4273,4273,-,0,0.38,0,1,3,6,12,48,2,2
2025-12-05T04:35:20.859880671,"Submit new Service queue Redirect 1",4273,-,4273,100,0.38,1,3,4,11,25,104,4,4
2025-12-05T04:35:20.859880671,"Save a clinical form",2069,2069,-,0,0.18,0,1,2,8,22,47,2,3
2025-12-05T04:35:20.859880671,"Save a clinical form Redirect 1",2069,2069,-,0,0.18,1,2,4,9,24,35,3,3
2025-12-05T04:35:20.859880671,"Edit patient details",4789,4789,-,0,0.42,0,1,2,6,52,1017,2,15
2025-12-05T04:35:20.859880671,"Edit patient details Redirect 1",4789,4789,-,0,0.42,1,2,4,10,37,71,3,3
2025-12-05T04:35:20.859880671,"Check Appointment Conflicts",2410,2410,-,0,0.21,0,1,2,7,18,40,2,3
2025-12-05T04:35:20.859880671,"Check Appointment Conflicts Redirect 1",2410,2410,-,0,0.21,1,2,4,11,30,37,3,3
2025-12-05T04:35:20.859880671,"Create Appointment",2410,2410,-,0,0.21,0,1,2,5,10,39,1,2
2025-12-05T04:35:20.859880671,"Create Appointment Redirect 1",2410,-,2410,100,0.21,1,2,4,10,28,49,3,3
2025-12-05T04:35:20.859880671,"Submit transition request",4273,4273,-,0,0.38,0,1,2,9,19,45,2,3
2025-12-05T04:35:20.859880671,"Submit transition request Redirect 1",4273,4273,-,0,0.38,1,2,4,9,21,64,3,3
2025-12-05T04:35:20.859880671,"Get Patient Encounters",2069,2069,-,0,0.18,0,1,2,5,9,41,2,2
2025-12-05T04:35:20.859880671,"Get Patient Encounters Redirect 1",2069,2069,-,0,0.18,1,2,4,8,36,49,3,3
2025-12-05T04:35:20.859880671,"Get Lab Results of Patient",4138,4138,-,0,0.37,0,1,2,5,19,29,1,2
2025-12-05T04:35:20.859880671,"Get Lab Results of Patient Redirect 1",4138,-,4138,100,0.37,1,2,4,9,19,46,3,3
2025-12-05T04:35:20.859880671,"Generate OMRS Identifier",3677,3677,-,0,0.33,0,1,2,6,23,320,2,6
2025-12-05T04:35:20.859880671,"Generate OMRS Identifier Redirect 1",3677,-,3677,100,0.33,1,2,4,11,36,48,3,3
2025-12-05T04:35:20.859880671,"Get Alkaline concept details",5895,5895,-,0,0.52,0,1,2,7,42,1532,3,23
2025-12-05T04:35:20.859880671,"Get Alkaline concept details Redirect 1",5895,5895,-,0,0.52,1,2,4,11,52,69,4,3
2025-12-05T04:35:20.859880671,"Update the Lab Order Completion",5895,5895,-,0,0.52,0,1,2,4,20,36,2,2
2025-12-05T04:35:20.859880671,"Get Visits With Diagnoses and Notes (new endpoint)",2069,2069,-,0,0.18,0,1,2,5,21,41,2,3
2025-12-05T04:35:20.859880671,"Update the Lab Order Completion Redirect 1",5895,5895,-,0,0.52,1,2,4,10,21,46,3,3
2025-12-05T04:35:20.859880671,"Get Visits With Diagnoses and Notes (new endpoint) Redirect 1",2069,2069,-,0,0.18,1,2,4,10,23,37,3,3
2025-12-05T04:35:20.859880671,"Discontinue the drug order",6159,6159,-,0,0.55,0,1,3,6,14,41,2,2
2025-12-05T04:35:20.859880671,"Discontinue the drug order Redirect 1",6159,6159,-,0,0.55,1,3,5,12,27,64,4,4
2025-12-05T04:35:20.859880671,"Get Drug Orders except the cancelled and expired",2069,2069,-,0,0.18,0,1,2,7,20,54,2,3
2025-12-05T04:35:20.859880671,"Get Drug Orders except the cancelled and expired Redirect 1",2069,2069,-,0,0.18,1,2,4,10,21,72,3,3
2025-12-05T04:35:20.859880671,"Get Drug Orders except the discontinued orders",2069,2069,-,0,0.18,0,1,2,5,21,27,1,2
2025-12-05T04:35:20.859880671,"Get Drug Orders except the discontinued orders Redirect 1",2069,2069,-,0,0.18,1,2,4,8,23,40,3,3
2025-12-05T04:35:20.859880671,"Get Observation Tree Details",6207,6207,-,0,0.55,0,1,2,5,18,58,2,2
2025-12-05T04:35:20.859880671,"Get Observation Tree Details Redirect 1",6207,6207,-,0,0.55,1,2,4,11,42,61,3,3
2025-12-05T04:35:20.859880671,"Search for Condition",4138,4138,-,0,0.37,0,1,2,7,44,1438,2,23
2025-12-05T04:35:20.859880671,"Search for Condition Redirect 1",4138,4138,-,0,0.37,1,2,4,10,75,97,3,3
2025-12-05T04:35:20.859880671,"Get Immunizations of Patient",4138,4138,-,0,0.37,0,1,2,6,50,1658,2,26
2025-12-05T04:35:20.859880671,"Get Immunizations of Patient Redirect 1",4138,4138,-,0,0.37,1,2,4,11,93,121,3,4
2025-12-05T04:35:20.859880671,"Get all immunizations",2069,2069,-,0,0.18,0,1,2,5,9,21,1,2
2025-12-05T04:35:20.859880671,"Get all immunizations Redirect 1",2069,2069,-,0,0.18,1,2,4,8,32,54,3,4
2025-12-05T04:35:20.859880671,"Submit Patient immunization",2069,2069,-,0,0.18,0,1,2,6,23,173,2,5
2025-12-05T04:35:20.859880671,"Submit Patient immunization Redirect 1",2069,2069,-,0,0.18,1,2,4,10,34,48,3,3
2025-12-05T04:35:20.859880671,"Get Attachments of Patient Redirect 1",4138,4138,-,0,0.37,1,2,4,11,73,91,3,3
2025-12-05T04:35:20.859880671,"Get Attachments of Patient",4138,4138,-,0,0.37,0,1,2,6,22,306,2,5
2025-12-05T04:35:20.859880671,"Get Allowed File Extensions",2069,2069,-,0,0.18,0,1,2,6,34,45,1,2
2025-12-05T04:35:20.859880671,"Get Allowed File Extensions Redirect 1",2069,2069,-,0,0.18,1,2,4,11,34,45,3,3
2025-12-05T04:35:20.859880671,"Get Programs",4138,4138,-,0,0.37,0,1,2,18,640,1600,3,38
2025-12-05T04:35:20.859880671,"Get Programs Redirect 1",4138,4138,-,0,0.37,1,2,4,11,57,82,3,4
2025-12-05T04:35:20.859880671,"Add new program to patient",2069,2069,-,0,0.18,0,1,2,5,5,16,1,1
2025-12-05T04:35:20.859880671,"Add new program to patient Redirect 1",2069,-,2069,100,0.18,1,2,3,9,26,51,3,3
2025-12-05T04:35:20.859880671,"Upload Attachment Request",2069,2069,-,0,0.18,3,6,8,15,28,53,7,4
2025-12-05T04:35:20.859880671,"Upload Attachment Request Redirect 1",2069,2069,-,0,0.18,1,2,4,8,18,41,4,3
2025-12-06T04:30:49.409810986,"Login",44674,44674,-,0,3.96,0,1,2,5,11,1577,2,15
2025-12-06T04:30:49.409810986,"Login Redirect 1",44674,-,44674,100,3.96,1,2,4,8,17,134,3,4
2025-12-06T04:30:49.409810986,"Get locations",51040,51040,-,0,4.52,0,1,2,6,61,1605,3,30
2025-12-06T04:30:49.409810986,"Get locations Redirect 1",51040,51040,-,0,4.52,1,2,4,8,16,118,3,3
2025-12-06T04:30:49.409810986,"Select Location",44674,44674,-,0,3.96,0,1,2,6,45,1575,3,27
2025-12-06T04:30:49.409810986,"Select Location Redirect 1",44674,44673,1,0,3.96,1,2,4,8,17,148,3,4
2025-12-06T04:30:49.409810986,"Get Address Template",53147,53147,-,0,4.71,0,1,2,4,9,1249,2,9
2025-12-06T04:30:49.409810986,"Get Address Template Redirect 1",53147,53147,-,0,4.71,1,2,4,8,16,151,3,4
2025-12-06T04:30:49.409810986,"Get Relationship Types",53147,53147,-,0,4.71,0,1,2,4,8,139,1,2
2025-12-06T04:30:49.409810986,"Get Relationship Types Redirect 1",53147,53147,-,0,4.71,1,2,3,8,16,167,3,3
2025-12-06T04:30:49.409810986,"Get Appointments for Specific Date",44674,44674,-,0,3.96,0,1,2,4,8,52,1,2
2025-12-06T04:30:49.409810986,"Get Appointments for Specific Date Redirect 1",44674,44674,-,0,3.96,1,2,3,8,16,161,3,3
2025-12-06T04:30:49.409810986,"Get Module Information",59045,59045,-,0,5.23,0,1,1,4,7,49,1,2
2025-12-06T04:30:49.409810986,"Get Module Information Redirect 1",59045,59045,-,0,5.23,1,2,3,8,16,1567,3,7
2025-12-06T04:30:49.409810986,"Get Patient Identifier Types",53147,53147,-,0,4.71,0,1,2,4,8,59,1,2
2025-12-06T04:30:49.409810986,"Get Patient Identifier Types Redirect 1",53147,53147,-,0,4.71,1,2,3,8,15,104,3,3
2025-12-06T04:30:49.409810986,"Get Primary Identifier Term Mapping",96425,96425,-,0,8.54,0,1,2,4,9,978,1,4
2025-12-06T04:30:49.409810986,"Get Primary Identifier Term Mapping Redirect 1",96425,96423,2,0,8.54,1,2,3,8,16,188,3,3
2025-12-06T04:30:49.409810986,"Get Identifier Source",97821,97821,-,0,8.67,0,1,1,4,7,47,1,2
2025-12-06T04:30:49.409810986,"Get Identifier Source Redirect 1",97821,97821,-,0,8.67,1,2,3,8,15,136,3,3
2025-12-06T04:30:49.409810986,"Get Locations by Tag and Query",66296,66296,-,0,5.87,0,1,1,4,8,1390,1,8
2025-12-06T04:30:49.409810986,"Get Locations by Tag and Query Redirect 1",66296,66295,1,0,5.87,1,2,3,8,16,1611,3,7
2025-12-06T04:30:49.409810986,"Get Visits",47085,47085,-,0,4.17,0,1,1,4,7,53,1,2
2025-12-06T04:30:49.409810986,"Get Visits Redirect 1",47085,47085,-,0,4.17,1,2,3,8,15,66,3,3
2025-12-06T04:30:49.409810986,"Get Auto Generation Options",53147,53147,-,0,4.71,0,1,1,4,7,50,1,2
2025-12-06T04:30:49.409810986,"Get Auto Generation Options Redirect 1",53147,53147,-,0,4.71,1,2,3,7,15,95,3,3
2025-12-06T04:30:49.409810986,"Get Queue Entry",59907,59907,-,0,5.31,0,1,2,4,7,53,1,2
2025-12-06T04:30:49.409810986,"Get Queue Entry Redirect 1",59907,59907,-,0,5.31,1,2,3,8,16,1606,3,7
2025-12-06T04:30:49.409810986,"Get Visit Types",27520,27520,-,0,2.44,0,1,2,7,66,1658,3,28
2025-12-06T04:30:49.409810986,"Get Visit Types Redirect 1",27520,27520,-,0,2.44,1,2,4,9,27,134,3,4
2025-12-06T04:30:49.409810986,"Get Current Visit of Patient",46664,46664,-,0,4.14,0,1,2,6,27,1349,2,9
2025-12-06T04:30:49.409810986,"Get Current Visit of Patient Redirect 1",46664,46664,-,0,4.14,1,2,4,9,25,167,3,4
2025-12-06T04:30:49.409810986,"Get Visits of Patient",48736,48736,-,0,4.32,0,1,2,5,11,103,1,2
2025-12-06T04:30:49.409810986,"Get Visits of Patient Redirect 1",48736,48736,-,0,4.32,1,2,4,9,22,143,3,3
2025-12-06T04:30:49.409810986,"Get Program Enrollments of Patient",31325,31325,-,0,2.78,0,1,2,4,10,1677,1,10
2025-12-06T04:30:49.409810986,"Get Program Enrollments of Patient Redirect 1",31325,31325,-,0,2.78,1,2,3,8,20,138,3,3
2025-12-06T04:30:49.409810986,"Get Visit Queue Entry",39003,39003,-,0,3.46,0,1,1,4,16,46,1,2
2025-12-06T04:30:49.409810986,"Get Visit Queue Entry Redirect 1",39003,39003,-,0,3.46,1,2,3,8,17,1606,3,9
2025-12-06T04:30:49.409810986,"Get Appointments of a Patient",27181,27181,-,0,2.41,0,1,1,4,11,51,1,2
2025-12-06T04:30:49.409810986,"Get Appointments of a Patient Redirect 1",27181,27181,-,0,2.41,1,2,3,8,20,82,3,3
2025-12-06T04:30:49.409810986,"Get Patient Summary Data",44586,44586,-,0,3.95,0,1,2,5,13,1500,2,16
2025-12-06T04:30:49.409810986,"Get Patient Summary Data Redirect 1",44586,-,44586,100,3.95,1,2,4,8,18,144,3,3
2025-12-06T04:30:49.409810986,"Get Active Visits of Patient",70796,70796,-,0,6.27,0,1,2,5,13,1601,2,19
2025-12-06T04:30:49.409810986,"Get Active Visits of Patient Redirect 1",70796,70796,-,0,6.27,1,2,4,8,17,1611,3,7
2025-12-06T04:30:49.409810986,"Get isVisitsEnabled",30978,30978,-,0,2.75,0,1,2,5,9,74,1,2
2025-12-06T04:30:49.409810986,"Get isVisitsEnabled Redirect 1",30978,30978,-,0,2.75,1,2,4,8,17,127,3,3
2025-12-06T04:30:49.409810986,"Get the status of patient death",42514,42514,-,0,3.77,0,1,2,4,8,46,1,2
2025-12-06T04:30:49.409810986,"Get the status of patient death Redirect 1",42514,42514,-,0,3.77,1,2,4,8,19,91,3,3
2025-12-06T04:30:49.409810986,"Get all the constraints on the vital concepts",30978,30978,-,0,2.75,0,1,2,5,16,54,1,2
2025-12-06T04:30:49.409810986,"Get all the constraints on the vital concepts Redirect 1",30978,30978,-,0,2.75,1,2,4,8,21,160,3,3
2025-12-06T04:30:49.409810986,"Get Patient Observations",76621,76621,-,0,6.79,0,1,2,4,9,1589,1,7
2025-12-06T04:30:49.409810986,"Get Patient Observations Redirect 1",76621,76621,-,0,6.79,1,2,3,8,17,117,3,3
2025-12-06T04:30:49.409810986,"Get Patient Conditions",29017,29017,-,0,2.57,0,1,1,5,46,1499,2,16
2025-12-06T04:30:49.409810986,"Get Patient Conditions Redirect 1",29017,29017,-,0,2.57,1,2,3,9,23,75,3,3
2025-12-06T04:30:49.409810986,"Get Active Orders",24873,24873,-,0,2.2,0,1,2,5,16,72,1,2
2025-12-06T04:30:49.409810986,"Get Active Orders Redirect 1",24873,24873,-,0,2.2,1,2,3,9,22,68,3,3
2025-12-06T04:30:49.409810986,"Submit Visit Form",25109,25109,-,0,2.22,0,1,2,6,43,1746,2,18
2025-12-06T04:30:49.409810986,"Submit Visit Form Redirect 1",25109,-,25109,100,2.22,1,2,3,9,24,92,3,3
2025-12-06T04:30:49.409810986,"Get Admission Location Info",8588,8588,-,0,0.76,0,1,2,6,36,737,2,13
2025-12-06T04:30:49.409810986,"Get Admission Location Info Redirect 1",8588,8588,-,0,0.76,1,2,3,9,52,1577,3,17
2025-12-06T04:30:49.409810986,"Get Admission Info",8588,8588,-,0,0.76,0,1,1,5,16,70,1,2
2025-12-06T04:30:49.409810986,"Get Admission Info Redirect 1",8588,-,8588,100,0.76,1,2,3,9,28,124,3,4
2025-12-06T04:30:49.409810986,"Get Inpatient Request",8588,8588,-,0,0.76,0,1,2,6,20,48,2,2
2025-12-06T04:30:49.409810986,"Get Inpatient Request Redirect 1",8588,-,8588,100,0.76,1,2,4,10,28,97,4,4
2025-12-06T04:30:49.409810986,"Get Patients",10979,10979,-,0,0.97,0,1,2,6,36,1264,2,16
2025-12-06T04:30:49.409810986,"Get Patients Redirect 1",10979,-,10979,100,0.97,1,2,4,9,28,133,3,4
2025-12-06T04:30:49.409810986,"Get Order Types",6160,6160,-,0,0.55,0,1,2,7,95,1058,3,31
2025-12-06T04:30:49.409810986,"Get Order Types Redirect 1",6160,6160,-,0,0.55,1,2,3,11,50,102,3,4
2025-12-06T04:30:49.409810986,"Get Locations That Support Visits",13390,13390,-,0,1.19,0,1,1,4,13,79,1,2
2025-12-06T04:30:49.409810986,"Get Locations That Support Visits Redirect 1",13390,13390,-,0,1.19,1,2,3,7,46,110,3,3
2025-12-06T04:30:49.409810986,"Get Beds for Patient",8588,8588,-,0,0.76,0,1,2,5,9,33,1,2
2025-12-06T04:30:49.409810986,"Get Beds for Patient Redirect 1",8588,8588,-,0,0.76,1,2,4,10,24,66,3,3
2025-12-06T04:30:49.409810986,"Save Ward Encounter",21470,21470,-,0,1.9,0,1,2,4,10,1188,2,9
2025-12-06T04:30:49.409810986,"Save Ward Encounter Redirect 1",21470,21470,-,0,1.9,1,2,3,8,19,93,3,3
2025-12-06T04:30:49.409810986,"Save Vitals",5947,5947,-,0,0.53,0,1,2,7,66,1216,3,24
2025-12-06T04:30:49.409810986,"Save Vitals Redirect 1",5947,5947,-,0,0.53,1,2,4,9,36,102,3,4
2025-12-06T04:30:49.409810986,"Search for Drug",12320,12320,-,0,1.09,0,1,1,5,47,60,1,2
2025-12-06T04:30:49.409810986,"Search for Drug Redirect 1",12320,12320,-,0,1.09,1,2,3,9,27,114,3,4
2025-12-06T04:30:49.409810986,"Save Drug Order",6160,6160,-,0,0.55,0,1,1,4,13,43,1,2
2025-12-06T04:30:49.409810986,"Save Drug Order Redirect 1",6160,-,6160,100,0.55,1,2,3,9,25,156,3,4
2025-12-06T04:30:49.409810986,"Get Vitals concept reference ranges",8588,8588,-,0,0.76,0,1,1,4,10,33,1,2
2025-12-06T04:30:49.409810986,"Get Vitals concept reference ranges Redirect 1",8588,8588,-,0,0.76,1,2,3,9,40,49,3,3
2025-12-06T04:30:49.409810986,"Get Transfer Locations configuration data",8588,8588,-,0,0.76,0,1,2,6,31,1546,2,20
2025-12-06T04:30:49.409810986,"Get Transfer Locations configuration data Redirect 1",8588,8588,-,0,0.76,1,2,3,11,70,142,3,3
2025-12-06T04:30:49.409810986,"Get Transferable locations",8588,8588,-,0,0.76,0,1,1,5,44,62,1,2
2025-12-06T04:30:49.409810986,"Get Transferable locations Redirect 1",8588,8588,-,0,0.76,1,2,3,9,18,60,3,3
2025-12-06T04:30:49.409810986,"Get the details of a orderType",5898,5898,-,0,0.52,0,1,2,4,53,86,1,2
2025-12-06T04:30:49.409810986,"Get All Form Encounters",2072,2072,-,0,0.18,0,1,2,6,47,69,1,3
2025-12-06T04:30:49.409810986,"Get All Form Encounters Redirect 1",2072,2072,-,0,0.18,1,2,3,10,38,69,3,4
2025-12-06T04:30:49.409810986,"Get the details of a orderType Redirect 1",5898,5898,-,0,0.52,1,2,4,12,73,130,3,4
2025-12-06T04:30:49.409810986,"Get All Forms",2072,2072,-,0,0.18,0,1,1,4,25,43,1,2
2025-12-06T04:30:49.409810986,"Get all Lab order details",5898,5898,-,0,0.52,0,1,1,6,33,48,1,2
2025-12-06T04:30:49.409810986,"Get all Lab order details Redirect 1",5898,5898,-,0,0.52,1,2,3,8,19,102,3,4
2025-12-06T04:30:49.409810986,"Get All Forms Redirect 1",2072,2072,-,0,0.18,1,2,3,10,41,57,3,4
2025-12-06T04:30:49.409810986,"Add a lab order",5898,5898,-,0,0.52,0,1,1,5,15,32,1,2
2025-12-06T04:30:49.409810986,"Add a lab order Redirect 1",5898,-,5898,100,0.52,1,2,3,8,20,49,3,3
2025-12-06T04:30:49.409810986,"Get Allergies of Patient",5947,5947,-,0,0.53,0,1,2,6,33,1250,2,16
2025-12-06T04:30:49.409810986,"Get Allergies of Patient Redirect 1",5947,5947,-,0,0.53,1,2,4,9,22,48,3,3
2025-12-06T04:30:49.409810986,"Get Drug Allergens",5947,5947,-,0,0.53,0,1,2,5,8,53,1,2
2025-12-06T04:30:49.409810986,"Get Drug Allergens Redirect 1",5947,5947,-,0,0.53,1,2,3,10,21,54,3,3
2025-12-06T04:30:49.409810986,"Get Environment Allergens",5947,5947,-,0,0.53,0,1,1,4,7,41,1,2
2025-12-06T04:30:49.409810986,"Get Environment Allergens Redirect 1",5947,5947,-,0,0.53,1,2,4,8,12,46,3,3
2025-12-06T04:30:49.409810986,"Get Food Allergens",5947,5947,-,0,0.53,0,1,1,4,5,44,1,2
2025-12-06T04:30:49.409810986,"Get Food Allergens Redirect 1",5947,5947,-,0,0.53,1,2,3,10,21,49,3,3
2025-12-06T04:30:49.409810986,"Get Allergic Reactions Allergens",5947,5947,-,0,0.53,0,1,1,4,8,34,1,2
2025-12-06T04:30:49.409810986,"Get Allergic Reactions Allergens Redirect 1",5947,5947,-,0,0.53,1,2,3,9,52,1598,3,21
2025-12-06T04:30:49.409810986,"Get medication request encounters",18480,18480,-,0,1.64,0,1,2,5,35,1511,2,25
2025-12-06T04:30:49.409810986,"Get medication request encounters Redirect 1",18480,-,18480,100,1.64,1,2,3,11,24,106,3,4
2025-12-06T04:30:49.409810986,"Get All Appointment Services(full)",7233,7233,-,0,0.64,0,1,2,6,12,48,2,2
2025-12-06T04:30:49.409810986,"Get All Appointment Services(full) Redirect 1",7233,7233,-,0,0.64,1,2,4,9,18,94,3,4
2025-12-06T04:30:49.409810986,"Get all appointments for a specific day",4822,4822,-,0,0.43,0,1,2,5,17,42,1,2
2025-12-06T04:30:49.409810986,"Get all appointments for a specific day Redirect 1",4822,4822,-,0,0.43,1,2,4,10,98,126,3,4
2025-12-06T04:30:49.409810986,"Get all appointment summaries",4822,4822,-,0,0.43,0,1,2,4,7,33,1,2
2025-12-06T04:30:49.409810986,"Get all appointment summaries Redirect 1",4822,4822,-,0,0.43,1,2,3,10,33,45,3,3
2025-12-06T04:30:49.409810986,"Get Appointment By Status",19288,19288,-,0,1.71,0,1,2,4,6,47,1,2
2025-12-06T04:30:49.409810986,"Get Appointment By Status Redirect 1",19288,19288,-,0,1.71,1,2,3,8,24,87,3,3
2025-12-06T04:30:49.409810986,"Get all patient lists",20580,20580,-,0,1.82,0,1,2,5,14,1600,2,24
2025-12-06T04:30:49.409810986,"Get all default appointment services",4822,4822,-,0,0.43,0,1,1,5,17,32,1,1
2025-12-06T04:30:49.409810986,"Get all patient lists Redirect 1",20580,20580,-,0,1.82,1,2,4,9,26,98,3,4
2025-12-06T04:30:49.409810986,"Get all default appointment services Redirect 1",4822,4822,-,0,0.43,1,2,3,9,35,57,3,3
2025-12-06T04:30:49.409810986,"Get all visits of the given location with date",4822,4822,-,0,0.43,0,1,1,4,28,38,1,2
2025-12-06T04:30:49.409810986,"Get all visits of the given location with date Redirect 1",4822,4822,-,0,0.43,1,2,3,7,18,49,3,3
2025-12-06T04:30:49.409810986,"Get Person Attribute Type",8473,8473,-,0,0.75,0,1,1,4,8,50,1,2
2025-12-06T04:30:49.409810986,"Get Person Attribute Type Redirect 1",8473,8473,-,0,0.75,1,2,3,8,20,83,3,3
2025-12-06T04:30:49.409810986,"Get Ordered Address Hierarchy Levels",8473,8473,-,0,0.75,0,1,1,5,18,30,1,2
2025-12-06T04:30:49.409810986,"Get Ordered Address Hierarchy Levels Redirect 1",8473,8473,-,0,0.75,1,2,3,8,20,76,3,3
2025-12-06T04:30:49.409810986,"Get Patient Allergy Intolerance",6160,6160,-,0,0.55,0,1,2,6,89,1265,3,36
2025-12-06T04:30:49.409810986,"Get Patient Allergy Intolerance Redirect 1",6160,6159,1,0.02,0.55,1,2,4,10,54,104,3,4
2025-12-06T04:30:49.409810986,"Get All Providers Redirect 1",14731,14731,-,0,1.31,1,2,3,9,29,1025,3,9
2025-12-06T04:30:49.409810986,"Get All Providers",14731,14731,-,0,1.31,0,1,2,4,322,1556,1,13
2025-12-06T04:30:49.409810986,"Get Clinical Form by UUID",2072,2072,-,0,0.18,0,1,2,4,12,53,1,2
2025-12-06T04:30:49.409810986,"Get Clinical Form by UUID Redirect 1",2072,-,2072,100,0.18,1,2,3,10,23,53,3,3
2025-12-06T04:30:49.409810986,"Get all active Lab orders",17694,17694,-,0,1.57,0,1,2,6,61,1316,2,23
2025-12-06T04:30:49.409810986,"Get all active Lab orders Redirect 1",17694,17694,-,0,1.57,1,2,4,10,25,86,3,4
2025-12-06T04:30:49.409810986,"Get Lab Orders by full filler status",53082,53082,-,0,4.7,0,1,1,4,9,1559,1,7
2025-12-06T04:30:49.409810986,"Get Encounter Roles",2072,2072,-,0,0.18,0,1,2,5,14,31,2,2
2025-12-06T04:30:49.409810986,"Get Lab Orders by full filler status Redirect 1",53082,53082,-,0,4.7,1,2,3,9,18,1558,3,8
2025-12-06T04:30:49.409810986,"Get Encounter Roles Redirect 1",2072,2072,-,0,0.18,1,2,4,10,27,52,4,4
2025-12-06T04:30:49.409810986,"Get Latest FHIR Encounter",2072,2072,-,0,0.18,0,1,2,5,9,27,2,2
2025-12-06T04:30:49.409810986,"Get Latest FHIR Encounter Redirect 1",2072,-,2072,100,0.18,1,2,4,10,12,54,4,4
2025-12-06T04:30:49.409810986,"Save an Allergy",5947,5947,-,0,0.53,0,1,2,7,100,1680,3,42
2025-12-06T04:30:49.409810986,"Save an Allergy Redirect 1",5947,5947,-,0,0.53,1,2,4,10,38,90,3,4
2025-12-06T04:30:49.409810986,"Get patient identification photo Redirect 1",23801,23801,-,0,2.11,1,2,4,9,24,54,3,3
2025-12-06T04:30:49.409810986,"Get patient identification photo",23801,23801,-,0,2.11,0,1,2,5,15,52,1,2
2025-12-06T04:30:49.409810986,"Get Person Attributes",4796,4796,-,0,0.42,0,1,2,5,13,54,2,2
2025-12-06T04:30:49.409810986,"Get Person Attributes Redirect 1",4796,4796,-,0,0.42,1,2,4,10,31,51,3,3
2025-12-06T04:30:49.409810986,"Get Patient Identifiers",4796,4796,-,0,0.42,0,1,2,5,20,30,1,2
2025-12-06T04:30:49.409810986,"Get Patient Identifiers Redirect 1",4796,4796,-,0,0.42,1,2,4,11,32,44,3,3
2025-12-06T04:30:49.409810986,"Get Relationships of Person",4796,4796,-,0,0.42,0,1,2,4,14,30,1,2
2025-12-06T04:30:49.409810986,"Get Relationships of Person Redirect 1",4796,4796,-,0,0.42,1,2,4,10,26,37,3,3
2025-12-06T04:30:49.409810986,"Create a patient list",5145,5145,-,0,0.46,0,1,2,7,72,1177,3,30
2025-12-06T04:30:49.409810986,"Create a patient list Redirect 1",5145,-,5145,100,0.46,1,2,3,10,37,118,3,4
2025-12-06T04:30:49.409810986,"Submit visit queue entry",4274,4274,-,0,0.38,0,1,2,5,15,39,2,2
2025-12-06T04:30:49.409810986,"Submit visit queue entry Redirect 1",4274,-,4274,100,0.38,1,2,4,9,15,53,3,3
2025-12-06T04:30:49.409810986,"Get Order Entry Config",6160,6160,-,0,0.55,0,1,2,6,11,43,2,2
2025-12-06T04:30:49.409810986,"Get Order Entry Config Redirect 1",6160,6160,-,0,0.55,1,2,4,11,41,54,4,3
2025-12-06T04:30:49.409810986,"Get ValueSet by UUID",18480,18480,-,0,1.64,0,1,2,5,10,41,2,2
2025-12-06T04:30:49.409810986,"Get ValueSet by UUID Redirect 1",18480,18480,-,0,1.64,1,2,4,8,19,58,3,3
2025-12-06T04:30:49.409810986,"Get Medication by UUID",6160,6160,-,0,0.55,0,1,2,5,9,42,2,2
2025-12-06T04:30:49.409810986,"Get Medication by UUID Redirect 1",6160,6160,-,0,0.55,1,2,4,10,33,45,3,3
2025-12-06T04:30:49.409810986,"Search Medication by Code Redirect 1",6160,6160,-,0,0.55,1,2,3,9,20,51,3,3
2025-12-06T04:30:49.409810986,"Search Medication by Code",6160,6160,-,0,0.55,0,1,2,5,18,27,1,2
2025-12-06T04:30:49.409810986,"Get Locations Search Set",4294,4294,-,0,0.38,0,1,1,6,38,49,1,2
2025-12-06T04:30:49.409810986,"Get Locations Search Set Redirect 1",4294,4294,-,0,0.38,1,2,3,10,83,113,3,4
2025-12-06T04:30:49.409810986,"Change the session location",4294,4294,-,0,0.38,0,1,1,4,10,36,1,2
2025-12-06T04:30:49.409810986,"Change the session location Redirect 1",4294,4294,-,0,0.38,1,2,3,9,41,81,3,3
2025-12-06T04:30:49.409810986,"Get service concept set",4274,4274,-,0,0.38,0,1,2,17,71,1377,3,31
2025-12-06T04:30:49.409810986,"Get service concept set Redirect 1",4274,-,4274,100,0.38,1,2,3,11,56,85,3,4
2025-12-06T04:30:49.409810986,"Submit new Service queue",4274,4274,-,0,0.38,0,1,2,6,18,112,2,3
2025-12-06T04:30:49.409810986,"Submit new Service queue Redirect 1",4274,-,4274,100,0.38,1,2,4,9,25,91,4,4
2025-12-06T04:30:49.409810986,"Save a clinical form",2072,2072,-,0,0.18,0,1,2,6,112,1305,4,42
2025-12-06T04:30:49.409810986,"Save a clinical form Redirect 1",2072,2072,-,0,0.18,1,2,4,9,57,101,3,5
2025-12-06T04:30:49.409810986,"Edit patient details",4796,4796,-,0,0.42,0,1,2,7,145,1574,4,47
2025-12-06T04:30:49.409810986,"Edit patient details Redirect 1",4796,4796,-,0,0.42,1,2,4,12,65,91,3,4
2025-12-06T04:30:49.409810986,"Check Appointment Conflicts",2411,2411,-,0,0.21,0,1,2,6,128,780,2,16
2025-12-06T04:30:49.409810986,"Check Appointment Conflicts Redirect 1",2411,2411,-,0,0.21,1,2,3,9,24,92,3,4
2025-12-06T04:30:49.409810986,"Create Appointment",2411,2411,-,0,0.21,0,1,1,5,18,60,1,2
2025-12-06T04:30:49.409810986,"Create Appointment Redirect 1",2411,-,2411,100,0.21,1,2,3,9,50,64,3,3
2025-12-06T04:30:49.409810986,"Submit transition request",4274,4274,-,0,0.38,0,1,2,7,61,1399,3,25
2025-12-06T04:30:49.409810986,"Submit transition request Redirect 1",4274,4274,-,0,0.38,1,2,3,9,25,105,3,4
2025-12-06T04:30:49.409810986,"Get Patient Encounters",2072,2072,-,0,0.18,0,1,1,5,31,41,1,2
2025-12-06T04:30:49.409810986,"Get Patient Encounters Redirect 1",2072,2072,-,0,0.18,1,2,4,9,27,42,3,3
2025-12-06T04:30:49.409810986,"Get Lab Results of Patient",4144,4144,-,0,0.37,0,1,1,4,16,33,1,2
2025-12-06T04:30:49.409810986,"Get Lab Results of Patient Redirect 1",4144,-,4144,100,0.37,1,2,3,7,34,50,3,3
2025-12-06T04:30:49.409810986,"Generate OMRS Identifier",3677,3677,-,0,0.33,0,1,2,6,71,1554,3,33
2025-12-06T04:30:49.409810986,"Generate OMRS Identifier Redirect 1",3677,-,3677,100,0.33,1,2,3,10,45,63,3,3
2025-12-06T04:30:49.409810986,"Get Alkaline concept details",5898,5898,-,0,0.52,0,1,2,7,61,1543,3,30
2025-12-06T04:30:49.409810986,"Get Alkaline concept details Redirect 1",5898,5898,-,0,0.52,1,2,4,10,22,78,3,4
2025-12-06T04:30:49.409810986,"Update the Lab Order Completion",5898,5898,-,0,0.52,0,1,2,5,17,69,1,2
2025-12-06T04:30:49.409810986,"Get Visits With Diagnoses and Notes (new endpoint)",2072,2072,-,0,0.18,0,1,2,6,34,393,2,12
2025-12-06T04:30:49.409810986,"Update the Lab Order Completion Redirect 1",5898,5898,-,0,0.52,1,2,3,8,21,80,3,4
2025-12-06T04:30:49.409810986,"Get Visits With Diagnoses and Notes (new endpoint) Redirect 1",2072,2072,-,0,0.18,1,2,3,9,22,49,3,3
2025-12-06T04:30:49.409810986,"Discontinue the drug order",6160,6160,-,0,0.55,0,1,2,6,18,86,2,2
2025-12-06T04:30:49.409810986,"Discontinue the drug order Redirect 1",6160,6160,-,0,0.55,1,2,4,9,43,116,4,4
2025-12-06T04:30:49.409810986,"Get Drug Orders except the cancelled and expired",2072,2072,-,0,0.18,0,1,2,7,33,318,2,8
2025-12-06T04:30:49.409810986,"Get Drug Orders except the cancelled and expired Redirect 1",2072,2072,-,0,0.18,1,2,4,9,24,72,3,4
2025-12-06T04:30:49.409810986,"Get Drug Orders except the discontinued orders",2072,2072,-,0,0.18,0,1,1,4,11,18,1,2
2025-12-06T04:30:49.409810986,"Get Drug Orders except the discontinued orders Redirect 1",2072,2072,-,0,0.18,1,2,3,9,21,53,3,3
2025-12-06T04:30:49.409810986,"Get Observation Tree Details",6216,6216,-,0,0.55,0,1,2,5,44,1068,2,20
2025-12-06T04:30:49.409810986,"Get Observation Tree Details Redirect 1",6216,6216,-,0,0.55,1,2,3,9,61,139,3,4
2025-12-06T04:30:49.409810986,"Search for Condition",4144,4144,-,0,0.37,0,1,2,5,22,114,2,3
2025-12-06T04:30:49.409810986,"Search for Condition Redirect 1",4144,4144,-,0,0.37,1,2,3,10,60,85,3,3
2025-12-06T04:30:49.409810986,"Get Immunizations of Patient",4144,4144,-,0,0.37,0,1,2,5,35,1103,2,17
2025-12-06T04:30:49.409810986,"Get Immunizations of Patient Redirect 1",4144,4144,-,0,0.37,1,2,3,10,116,152,3,4
2025-12-06T04:30:49.409810986,"Get all immunizations",2072,2072,-,0,0.18,0,1,1,4,15,46,1,2
2025-12-06T04:30:49.409810986,"Get all immunizations Redirect 1",2072,2072,-,0,0.18,1,2,3,10,36,45,3,3
2025-12-06T04:30:49.409810986,"Submit Patient immunization",2072,2072,-,0,0.18,0,1,2,5,17,39,2,3
2025-12-06T04:30:49.409810986,"Submit Patient immunization Redirect 1",2072,2072,-,0,0.18,1,2,4,8,17,44,3,3
2025-12-06T04:30:49.409810986,"Get Attachments of Patient",4144,4144,-,0,0.37,0,1,2,5,33,1143,2,18
2025-12-06T04:30:49.409810986,"Get Attachments of Patient Redirect 1",4144,4144,-,0,0.37,1,2,4,10,49,78,3,3
2025-12-06T04:30:49.409810986,"Get Allowed File Extensions",2072,2072,-,0,0.18,0,1,2,4,9,26,1,2
2025-12-06T04:30:49.409810986,"Get Allowed File Extensions Redirect 1",2072,2072,-,0,0.18,1,2,3,9,39,61,3,3
2025-12-06T04:30:49.409810986,"Get Programs",4144,4144,-,0,0.37,0,1,2,5,50,1031,2,23
2025-12-06T04:30:49.409810986,"Get Programs Redirect 1",4144,4144,-,0,0.37,1,2,4,10,51,79,3,3
2025-12-06T04:30:49.409810986,"Add new program to patient Redirect 1",2072,-,2072,100,0.18,1,2,3,10,39,54,3,3
2025-12-06T04:30:49.409810986,"Add new program to patient",2072,2072,-,0,0.18,0,1,1,5,23,29,1,2
2025-12-06T04:30:49.409810986,"Upload Attachment Request",2072,2072,-,0,0.18,3,6,8,14,71,960,8,24
2025-12-06T04:30:49.409810986,"Upload Attachment Request Redirect 1",2072,2072,-,0,0.18,1,2,4,12,71,116,4,4
2025-12-07T04:42:43.041151542,"Login",44670,44670,-,0,3.96,0,1,2,5,9,1463,2,7
2025-12-07T04:42:43.041151542,"Login Redirect 1",44670,-,44670,100,3.96,1,2,4,8,16,214,3,3
2025-12-07T04:42:43.041151542,"Get locations",51034,51034,-,0,4.52,0,1,2,5,18,1763,2,15
2025-12-07T04:42:43.041151542,"Get locations Redirect 1",51034,51033,1,0,4.52,1,2,4,9,17,166,3,3
2025-12-07T04:42:43.041151542,"Select Location",44670,44670,-,0,3.96,0,1,2,6,23,1721,2,20
2025-12-07T04:42:43.041151542,"Select Location Redirect 1",44670,44667,3,0.01,3.96,1,2,4,9,16,92,3,3
2025-12-07T04:42:43.041151542,"Get Address Template",53142,53142,-,0,4.71,0,1,2,4,9,1112,2,8
2025-12-07T04:42:43.041151542,"Get Address Template Redirect 1",53142,53141,1,0,4.71,1,2,4,8,16,216,3,3
2025-12-07T04:42:43.041151542,"Get Relationship Types",53142,53142,-,0,4.71,0,1,2,4,7,57,1,2
2025-12-07T04:42:43.041151542,"Get Relationship Types Redirect 1",53142,53142,-,0,4.71,1,2,4,8,17,173,3,3
2025-12-07T04:42:43.041151542,"Get Appointments for Specific Date",44670,44670,-,0,3.96,0,1,2,4,7,54,1,2
2025-12-07T04:42:43.041151542,"Get Appointments for Specific Date Redirect 1",44670,44670,-,0,3.96,1,2,3,8,15,61,3,3
2025-12-07T04:42:43.041151542,"Get Module Information",59040,59040,-,0,5.23,0,1,2,4,8,57,1,2
2025-12-07T04:42:43.041151542,"Get Module Information Redirect 1",59040,59040,-,0,5.23,1,2,3,8,16,65,3,3
2025-12-07T04:42:43.041151542,"Get Patient Identifier Types",53142,53142,-,0,4.71,0,1,2,4,7,62,1,2
2025-12-07T04:42:43.041151542,"Get Patient Identifier Types Redirect 1",53142,53142,-,0,4.71,1,2,3,8,15,60,3,3
2025-12-07T04:42:43.041151542,"Get Primary Identifier Term Mapping",96417,96417,-,0,8.54,0,1,2,4,9,1630,1,6
2025-12-07T04:42:43.041151542,"Get Primary Identifier Term Mapping Redirect 1",96417,96417,-,0,8.54,1,2,4,8,17,81,3,3
2025-12-07T04:42:43.041151542,"Get Identifier Source",97812,97812,-,0,8.67,0,1,1,4,7,59,1,2
2025-12-07T04:42:43.041151542,"Get Identifier Source Redirect 1",97812,97812,-,0,8.67,1,2,3,7,14,62,3,3
2025-12-07T04:42:43.041151542,"Get Locations by Tag and Query",66290,66290,-,0,5.87,0,1,2,4,8,730,1,5
2025-12-07T04:42:43.041151542,"Get Locations by Tag and Query Redirect 1",66290,66290,-,0,5.87,1,2,3,8,15,80,3,3
2025-12-07T04:42:43.041151542,"Get Visits",47081,47081,-,0,4.17,0,1,1,4,7,58,1,2
2025-12-07T04:42:43.041151542,"Get Visits Redirect 1",47081,47081,-,0,4.17,1,2,3,8,14,63,3,3
2025-12-07T04:42:43.041151542,"Get Auto Generation Options",53142,53142,-,0,4.71,0,1,1,4,7,48,1,2
2025-12-07T04:42:43.041151542,"Get Auto Generation Options Redirect 1",53142,53142,-,0,4.71,1,2,3,8,14,70,3,3
2025-12-07T04:42:43.041151542,"Get Queue Entry",59906,59906,-,0,5.31,0,1,2,4,7,1831,1,8
2025-12-07T04:42:43.041151542,"Get Queue Entry Redirect 1",59906,59906,-,0,5.31,1,2,3,8,15,71,3,3
2025-12-07T04:42:43.041151542,"Get Visit Types",27518,27518,-,0,2.44,0,1,2,7,46,1832,2,22
2025-12-07T04:42:43.041151542,"Get Visit Types Redirect 1",27518,27518,-,0,2.44,1,2,4,9,25,226,3,4
2025-12-07T04:42:43.041151542,"Get Current Visit of Patient",46656,46656,-,0,4.13,0,1,2,5,11,1339,2,10
2025-12-07T04:42:43.041151542,"Get Current Visit of Patient Redirect 1",46656,46656,-,0,4.13,1,2,4,10,24,102,3,3
2025-12-07T04:42:43.041151542,"Get Visits of Patient",48726,48726,-,0,4.32,0,1,2,5,9,55,1,2
2025-12-07T04:42:43.041151542,"Get Visits of Patient Redirect 1",48726,48726,-,0,4.32,1,2,4,9,18,212,3,4
2025-12-07T04:42:43.041151542,"Get Program Enrollments of Patient",31317,31317,-,0,2.78,0,1,2,4,9,54,1,2
2025-12-07T04:42:43.041151542,"Get Program Enrollments of Patient Redirect 1",31317,31317,-,0,2.78,1,2,3,8,18,203,3,3
2025-12-07T04:42:43.041151542,"Get Visit Queue Entry",38998,38998,-,0,3.46,0,1,1,4,9,59,1,2
2025-12-07T04:42:43.041151542,"Get Visit Queue Entry Redirect 1",38998,38998,-,0,3.46,1,2,3,8,16,63,3,3
2025-12-07T04:42:43.041151542,"Get Appointments of a Patient",27177,27177,-,0,2.41,0,1,1,4,20,1282,1,8
2025-12-07T04:42:43.041151542,"Get Appointments of a Patient Redirect 1",27177,27177,-,0,2.41,1,2,3,8,24,57,3,3
2025-12-07T04:42:43.041151542,"Get Patient Summary Data",44582,44582,-,0,3.95,0,1,2,5,13,1322,2,10
2025-12-07T04:42:43.041151542,"Get Patient Summary Data Redirect 1",44582,-,44582,100,3.95,1,2,4,8,16,214,3,3
2025-12-07T04:42:43.041151542,"Get Active Visits of Patient",70781,70781,-,0,6.27,0,1,2,5,13,1487,2,8
2025-12-07T04:42:43.041151542,"Get Active Visits of Patient Redirect 1",70781,70781,-,0,6.27,1,2,4,9,20,163,3,3
2025-12-07T04:42:43.041151542,"Get isVisitsEnabled",30976,30976,-,0,2.75,0,1,2,4,11,63,1,2
2025-12-07T04:42:43.041151542,"Get isVisitsEnabled Redirect 1",30976,30976,-,0,2.75,1,2,4,9,19,69,3,3
2025-12-07T04:42:43.041151542,"Get the status of patient death",42512,42512,-,0,3.77,0,1,2,4,15,70,1,2
2025-12-07T04:42:43.041151542,"Get the status of patient death Redirect 1",42512,42512,-,0,3.77,1,2,4,8,16,89,3,3
2025-12-07T04:42:43.041151542,"Get all the constraints on the vital concepts",30976,30976,-,0,2.75,0,1,2,4,8,54,1,2
2025-12-07T04:42:43.041151542,"Get all the constraints on the vital concepts Redirect 1",30976,30976,-,0,2.75,1,2,4,8,21,55,3,3
2025-12-07T04:42:43.041151542,"Get Patient Observations",76620,76620,-,0,6.79,0,1,2,4,8,900,1,4
2025-12-07T04:42:43.041151542,"Get Patient Observations Redirect 1",76620,76620,-,0,6.79,1,2,4,8,16,178,3,3
2025-12-07T04:42:43.041151542,"Get Patient Conditions",29011,29011,-,0,2.57,0,1,1,4,16,153,1,2
2025-12-07T04:42:43.041151542,"Get Patient Conditions Redirect 1",29011,29011,-,0,2.57,1,2,3,9,22,88,3,3
2025-12-07T04:42:43.041151542,"Get Active Orders",24871,24871,-,0,2.2,0,1,1,4,11,61,1,2
2025-12-07T04:42:43.041151542,"Get Active Orders Redirect 1",24871,24871,-,0,2.2,1,2,3,8,25,155,3,3
2025-12-07T04:42:43.041151542,"Submit Visit Form",25107,25107,-,0,2.23,0,1,2,6,31,1784,2,18
2025-12-07T04:42:43.041151542,"Submit Visit Form Redirect 1",25107,-,25107,100,2.23,1,2,4,9,23,88,3,3
2025-12-07T04:42:43.041151542,"Get Admission Location Info",8588,8588,-,0,0.76,0,1,2,7,22,51,2,3
2025-12-07T04:42:43.041151542,"Get Admission Location Info Redirect 1",8588,8588,-,0,0.76,1,2,4,9,22,52,3,3
2025-12-07T04:42:43.041151542,"Get Admission Info",8588,8588,-,0,0.76,0,1,1,5,31,53,1,2
2025-12-07T04:42:43.041151542,"Get Admission Info Redirect 1",8588,-,8588,100,0.76,1,2,3,9,21,59,3,3
2025-12-07T04:42:43.041151542,"Get Inpatient Request",8588,8588,-,0,0.76,0,1,2,6,12,51,2,2
2025-12-07T04:42:43.041151542,"Get Inpatient Request Redirect 1",8588,-,8588,100,0.76,1,3,4,10,21,50,4,3
2025-12-07T04:42:43.041151542,"Get Patients",10980,10980,-,0,0.97,0,1,2,7,22,190,2,3
2025-12-07T04:42:43.041151542,"Get Patients Redirect 1",10980,-,10980,100,0.97,1,2,4,10,28,261,3,4
2025-12-07T04:42:43.041151542,"Get Order Types",6159,6159,-,0,0.55,0,1,2,8,52,1523,2,23
2025-12-07T04:42:43.041151542,"Get Order Types Redirect 1",6159,6159,-,0,0.55,1,2,4,11,98,133,3,4
2025-12-07T04:42:43.041151542,"Get Locations That Support Visits",13391,13391,-,0,1.19,0,1,2,4,9,54,1,2
2025-12-07T04:42:43.041151542,"Get Locations That Support Visits Redirect 1",13391,13391,-,0,1.19,1,2,4,8,24,206,3,3
2025-12-07T04:42:43.041151542,"Get Beds for Patient",8588,8588,-,0,0.76,0,1,2,5,15,43,2,2
2025-12-07T04:42:43.041151542,"Get Beds for Patient Redirect 1",8588,8588,-,0,0.76,1,2,4,9,20,54,3,3
2025-12-07T04:42:43.041151542,"Save Ward Encounter",21470,21470,-,0,1.9,0,1,2,5,20,113,2,2
2025-12-07T04:42:43.041151542,"Save Ward Encounter Redirect 1",21470,21470,-,0,1.9,1,2,3,9,27,186,3,3
2025-12-07T04:42:43.041151542,"Save Vitals",5948,5948,-,0,0.53,0,1,2,7,56,994,2,20
2025-12-07T04:42:43.041151542,"Save Vitals Redirect 1",5948,5948,-,0,0.53,1,2,4,11,72,131,3,4
2025-12-07T04:42:43.041151542,"Search for Drug",12318,12318,-,0,1.09,0,1,2,4,8,41,1,2
2025-12-07T04:42:43.041151542,"Search for Drug Redirect 1",12318,12318,-,0,1.09,1,2,4,9,18,56,3,3
2025-12-07T04:42:43.041151542,"Save Drug Order",6159,6159,-,0,0.55,0,1,2,4,9,49,1,2
2025-12-07T04:42:43.041151542,"Save Drug Order Redirect 1",6159,-,6159,100,0.55,1,2,4,10,43,57,3,3
2025-12-07T04:42:43.041151542,"Get Vitals concept reference ranges",8588,8588,-,0,0.76,0,1,1,5,30,40,1,2
2025-12-07T04:42:43.041151542,"Get Vitals concept reference ranges Redirect 1",8588,8588,-,0,0.76,1,2,3,8,24,51,3,3
2025-12-07T04:42:43.041151542,"Get Transfer Locations configuration data",8588,8588,-,0,0.76,0,1,2,5,18,985,2,14
2025-12-07T04:42:43.041151542,"Get Transfer Locations configuration data Redirect 1",8588,8588,-,0,0.76,1,2,4,8,18,114,3,3
2025-12-07T04:42:43.041151542,"Get Transferable locations",8588,8588,-,0,0.76,0,1,1,4,12,45,1,2
2025-12-07T04:42:43.041151542,"Get Transferable locations Redirect 1",8588,8588,-,0,0.76,1,2,3,8,19,55,3,3
2025-12-07T04:42:43.041151542,"Get the details of a orderType",5898,5898,-,0,0.52,0,1,2,4,22,61,1,2
2025-12-07T04:42:43.041151542,"Get All Form Encounters",2070,2070,-,0,0.18,0,1,2,4,21,43,1,2
2025-12-07T04:42:43.041151542,"Get All Form Encounters Redirect 1",2070,2070,-,0,0.18,1,2,3,10,94,192,3,5
2025-12-07T04:42:43.041151542,"Get the details of a orderType Redirect 1",5898,5898,-,0,0.52,1,2,4,9,13,62,3,3
2025-12-07T04:42:43.041151542,"Get all Lab order details",5898,5898,-,0,0.52,0,1,2,4,9,39,1,2
2025-12-07T04:42:43.041151542,"Get All Forms",2070,2070,-,0,0.18,0,1,2,4,14,27,1,2
2025-12-07T04:42:43.041151542,"Get all Lab order details Redirect 1",5898,5898,-,0,0.52,1,2,3,8,86,155,3,3
2025-12-07T04:42:43.041151542,"Get All Forms Redirect 1",2070,2070,-,0,0.18,1,2,3,8,28,54,3,3
2025-12-07T04:42:43.041151542,"Add a lab order",5898,5898,-,0,0.52,0,1,1,4,13,40,1,2
2025-12-07T04:42:43.041151542,"Add a lab order Redirect 1",5898,-,5898,100,0.52,1,2,3,9,28,77,3,3
2025-12-07T04:42:43.041151542,"Get Allergies of Patient",5948,5948,-,0,0.53,0,1,2,6,48,1770,2,23
2025-12-07T04:42:43.041151542,"Get Allergies of Patient Redirect 1",5948,5948,-,0,0.53,1,2,4,9,26,149,3,4
2025-12-07T04:42:43.041151542,"Get Drug Allergens",5948,5948,-,0,0.53,0,1,2,4,11,58,1,2
2025-12-07T04:42:43.041151542,"Get Drug Allergens Redirect 1",5948,5948,-,0,0.53,1,2,3,9,32,211,3,4
2025-12-07T04:42:43.041151542,"Get Environment Allergens",5948,5948,-,0,0.53,0,1,1,4,11,45,1,2
2025-12-07T04:42:43.041151542,"Get Environment Allergens Redirect 1",5948,5948,-,0,0.53,1,2,4,8,22,48,3,3
2025-12-07T04:42:43.041151542,"Get Food Allergens",5948,5948,-,0,0.53,0,1,1,4,11,43,1,2
2025-12-07T04:42:43.041151542,"Get Food Allergens Redirect 1",5948,5948,-,0,0.53,1,2,3,9,27,60,3,3
2025-12-07T04:42:43.041151542,"Get Allergic Reactions Allergens",5948,5948,-,0,0.53,0,1,1,5,16,20,1,1
2025-12-07T04:42:43.041151542,"Get Allergic Reactions Allergens Redirect 1",5948,5948,-,0,0.53,1,2,3,8,21,57,3,3
2025-12-07T04:42:43.041151542,"Get medication request encounters",18477,18477,-,0,1.64,0,1,2,6,30,1232,2,10
2025-12-07T04:42:43.041151542,"Get medication request encounters Redirect 1",18477,-,18477,100,1.64,1,2,4,10,18,136,3,3
2025-12-07T04:42:43.041151542,"Get all patient lists",20572,20572,-,0,1.82,0,1,2,5,23,1134,2,10
2025-12-07T04:42:43.041151542,"Get all patient lists Redirect 1",20572,20572,-,0,1.82,1,2,4,9,17,164,3,4
2025-12-07T04:42:43.041151542,"Get All Appointment Services(full)",7233,7233,-,0,0.64,0,1,2,5,12,47,2,2
2025-12-07T04:42:43.041151542,"Get All Appointment Services(full) Redirect 1",7233,7233,-,0,0.64,1,2,4,10,29,62,3,3
2025-12-07T04:42:43.041151542,"Get all appointments for a specific day",4822,4822,-,0,0.43,0,1,2,5,24,40,1,2
2025-12-07T04:42:43.041151542,"Get all appointments for a specific day Redirect 1",4822,4822,-,0,0.43,1,2,4,9,23,63,3,3
2025-12-07T04:42:43.041151542,"Get all appointment summaries",4822,4822,-,0,0.43,0,1,2,4,9,45,1,2
2025-12-07T04:42:43.041151542,"Get all appointment summaries Redirect 1",4822,4822,-,0,0.43,1,2,4,8,23,40,3,3
2025-12-07T04:42:43.041151542,"Get Appointment By Status",19288,19288,-,0,1.71,0,1,2,4,10,70,1,2
2025-12-07T04:42:43.041151542,"Get Appointment By Status Redirect 1",19288,19288,-,0,1.71,1,2,3,9,22,55,3,3
2025-12-07T04:42:43.041151542,"Get Person Attribute Type",8472,8472,-,0,0.75,0,1,1,4,7,55,1,2
2025-12-07T04:42:43.041151542,"Get all default appointment services",4822,4822,-,0,0.43,0,1,1,4,11,54,1,2
2025-12-07T04:42:43.041151542,"Get Person Attribute Type Redirect 1",8472,8472,-,0,0.75,1,2,3,9,23,51,3,3
2025-12-07T04:42:43.041151542,"Get all default appointment services Redirect 1",4822,4822,-,0,0.43,1,2,3,8,17,50,3,3
2025-12-07T04:42:43.041151542,"Get all visits of the given location with date",4822,4822,-,0,0.43,0,1,1,5,19,36,1,2
2025-12-07T04:42:43.041151542,"Get all visits of the given location with date Redirect 1",4822,4822,-,0,0.43,1,2,3,7,15,67,3,3
2025-12-07T04:42:43.041151542,"Get Ordered Address Hierarchy Levels",8472,8472,-,0,0.75,0,1,1,5,10,43,1,2
2025-12-07T04:42:43.041151542,"Get Ordered Address Hierarchy Levels Redirect 1",8472,8472,-,0,0.75,1,2,3,7,20,61,3,3
2025-12-07T04:42:43.041151542,"Get Patient Allergy Intolerance",6159,6159,-,0,0.55,0,1,2,5,25,428,2,8
2025-12-07T04:42:43.041151542,"Get Patient Allergy Intolerance Redirect 1",6159,6159,-,0,0.55,1,2,4,9,32,76,3,3
2025-12-07T04:42:43.041151542,"Get All Providers",14729,14729,-,0,1.31,0,1,2,5,14,42,1,2
2025-12-07T04:42:43.041151542,"Get All Providers Redirect 1",14729,14729,-,0,1.31,1,2,4,9,22,61,3,3
2025-12-07T04:42:43.041151542,"Get Clinical Form by UUID",2070,2070,-,0,0.18,0,1,2,5,23,41,2,2
2025-12-07T04:42:43.041151542,"Get all active Lab orders",17694,17694,-,0,1.57,0,1,2,5,31,1760,2,14
2025-12-07T04:42:43.041151542,"Get Clinical Form by UUID Redirect 1",2070,-,2070,100,0.18,1,2,4,9,24,33,3,3
2025-12-07T04:42:43.041151542,"Get all active Lab orders Redirect 1",17694,17694,-,0,1.57,1,2,4,9,21,76,3,3
2025-12-07T04:42:43.041151542,"Get Lab Orders by full filler status",53082,53082,-,0,4.7,0,1,2,4,9,61,1,2
2025-12-07T04:42:43.041151542,"Get Lab Orders by full filler status Redirect 1",53082,53082,-,0,4.7,1,2,3,9,26,118,3,3
2025-12-07T04:42:43.041151542,"Get Encounter Roles",2070,2070,-,0,0.18,0,1,2,5,14,39,2,2
2025-12-07T04:42:43.041151542,"Get Encounter Roles Redirect 1",2070,2070,-,0,0.18,1,3,5,10,23,61,4,4
2025-12-07T04:42:43.041151542,"Get Latest FHIR Encounter",2070,2070,-,0,0.18,0,1,2,5,11,13,2,2
2025-12-07T04:42:43.041151542,"Get Latest FHIR Encounter Redirect 1",2070,-,2070,100,0.18,1,3,5,10,15,49,4,3
2025-12-07T04:42:43.041151542,"Save an Allergy",5948,5948,-,0,0.53,0,1,2,7,35,975,2,13
2025-12-07T04:42:43.041151542,"Save an Allergy Redirect 1",5948,5948,-,0,0.53,1,2,4,9,22,50,3,3
2025-12-07T04:42:43.041151542,"Get patient identification photo",23800,23800,-,0,2.11,0,1,2,5,13,52,2,2
2025-12-07T04:42:43.041151542,"Get patient identification photo Redirect 1",23800,23800,-,0,2.11,1,2,4,9,25,60,3,3
2025-12-07T04:42:43.041151542,"Get Person Attributes",4796,4796,-,0,0.43,0,1,2,5,11,34,2,2
2025-12-07T04:42:43.041151542,"Get Person Attributes Redirect 1",4796,4796,-,0,0.43,1,2,4,9,18,64,3,3
2025-12-07T04:42:43.041151542,"Get Patient Identifiers",4796,4796,-,0,0.43,0,1,2,5,21,56,1,2
2025-12-07T04:42:43.041151542,"Get Patient Identifiers Redirect 1",4796,4796,-,0,0.43,1,2,4,8,18,66,3,3
2025-12-07T04:42:43.041151542,"Get Relationships of Person",4796,4796,-,0,0.43,0,1,2,4,11,36,1,2
2025-12-07T04:42:43.041151542,"Get Relationships of Person Redirect 1",4796,4796,-,0,0.43,1,2,4,9,15,50,3,3
2025-12-07T04:42:43.041151542,"Create a patient list",5143,5143,-,0,0.46,0,1,2,6,42,1691,2,24
2025-12-07T04:42:43.041151542,"Create a patient list Redirect 1",5143,-,5143,100,0.46,1,2,4,10,44,248,3,5
2025-12-07T04:42:43.041151542,"Submit visit queue entry",4275,4275,-,0,0.38,0,1,2,5,16,24,2,2
2025-12-07T04:42:43.041151542,"Submit visit queue entry Redirect 1",4275,-,4275,100,0.38,1,2,4,9,21,52,3,3
2025-12-07T04:42:43.041151542,"Get Order Entry Config",6159,6159,-,0,0.55,0,1,2,6,11,59,2,2
2025-12-07T04:42:43.041151542,"Get Order Entry Config Redirect 1",6159,6159,-,0,0.55,1,3,4,10,19,52,4,3
2025-12-07T04:42:43.041151542,"Get ValueSet by UUID",18477,18477,-,0,1.64,0,1,2,6,40,49,2,2
2025-12-07T04:42:43.041151542,"Get ValueSet by UUID Redirect 1",18477,18477,-,0,1.64,1,2,4,10,28,182,4,4
2025-12-07T04:42:43.041151542,"Get Medication by UUID",6159,6159,-,0,0.55,0,1,2,5,23,65,2,2
2025-12-07T04:42:43.041151542,"Get Medication by UUID Redirect 1",6159,6159,-,0,0.55,1,2,4,10,23,60,3,3
2025-12-07T04:42:43.041151542,"Search Medication by Code",6159,6159,-,0,0.55,0,1,2,5,33,57,1,2
2025-12-07T04:42:43.041151542,"Search Medication by Code Redirect 1",6159,6159,-,0,0.55,1,2,4,10,39,56,3,3
2025-12-07T04:42:43.041151542,"Get Locations Search Set",4294,4294,-,0,0.38,0,1,2,5,8,34,1,2
2025-12-07T04:42:43.041151542,"Get Locations Search Set Redirect 1",4294,4294,-,0,0.38,1,2,4,8,36,63,3,3
2025-12-07T04:42:43.041151542,"Change the session location",4294,4294,-,0,0.38,0,1,1,4,8,48,1,2
2025-12-07T04:42:43.041151542,"Change the session location Redirect 1",4294,4294,-,0,0.38,1,2,3,10,36,48,3,3
2025-12-07T04:42:43.041151542,"Get service concept set",4275,4275,-,0,0.38,0,1,2,7,29,348,2,6
2025-12-07T04:42:43.041151542,"Get service concept set Redirect 1",4275,-,4275,100,0.38,1,2,4,9,14,54,3,3
2025-12-07T04:42:43.041151542,"Submit new Service queue",4275,4275,-,0,0.38,0,1,2,6,15,59,2,3
2025-12-07T04:42:43.041151542,"Submit new Service queue Redirect 1",4275,-,4275,100,0.38,1,3,4,10,22,68,4,3
2025-12-07T04:42:43.041151542,"Save a clinical form",2070,2070,-,0,0.18,0,1,2,7,22,164,2,5
2025-12-07T04:42:43.041151542,"Save a clinical form Redirect 1",2070,2070,-,0,0.18,1,2,4,9,20,56,3,3
2025-12-07T04:42:43.041151542,"Edit patient details",4796,4796,-,0,0.43,0,1,2,6,43,1405,2,21
2025-12-07T04:42:43.041151542,"Edit patient details Redirect 1",4796,4796,-,0,0.43,1,2,4,10,36,54,3,3
2025-12-07T04:42:43.041151542,"Check Appointment Conflicts",2411,2411,-,0,0.21,0,1,2,7,21,52,2,3
2025-12-07T04:42:43.041151542,"Check Appointment Conflicts Redirect 1",2411,2411,-,0,0.21,1,2,4,10,40,58,3,3
2025-12-07T04:42:43.041151542,"Create Appointment",2411,2411,-,0,0.21,0,1,2,5,10,37,1,2
2025-12-07T04:42:43.041151542,"Create Appointment Redirect 1",2411,-,2411,100,0.21,1,2,3,10,35,46,3,3
2025-12-07T04:42:43.041151542,"Submit transition request",4275,4275,-,0,0.38,0,1,2,9,40,873,2,17
2025-12-07T04:42:43.041151542,"Submit transition request Redirect 1",4275,4275,-,0,0.38,1,2,4,10,46,87,3,3
2025-12-07T04:42:43.041151542,"Get Patient Encounters",2070,2070,-,0,0.18,0,1,1,5,14,20,1,1
2025-12-07T04:42:43.041151542,"Get Patient Encounters Redirect 1",2070,2070,-,0,0.18,1,2,4,9,24,53,3,3
2025-12-07T04:42:43.041151542,"Get Lab Results of Patient Redirect 1",4140,-,4140,100,0.37,1,2,3,9,39,50,3,3
2025-12-07T04:42:43.041151542,"Get Lab Results of Patient",4140,4140,-,0,0.37,0,1,1,4,14,31,1,2
2025-12-07T04:42:43.041151542,"Generate OMRS Identifier",3676,3676,-,0,0.33,0,1,2,7,49,1816,2,30
2025-12-07T04:42:43.041151542,"Generate OMRS Identifier Redirect 1",3676,-,3676,100,0.33,1,2,4,9,17,90,3,3
2025-12-07T04:42:43.041151542,"Get Alkaline concept details",5898,5898,-,0,0.52,0,1,2,6,44,815,2,15
2025-12-07T04:42:43.041151542,"Get Alkaline concept details Redirect 1",5898,5898,-,0,0.52,1,2,4,10,26,55,3,3
2025-12-07T04:42:43.041151542,"Update the Lab Order Completion Redirect 1",5898,5898,-,0,0.52,1,2,4,10,23,63,3,3
2025-12-07T04:42:43.041151542,"Update the Lab Order Completion",5898,5898,-,0,0.52,0,1,2,5,11,77,1,2
2025-12-07T04:42:43.041151542,"Get Visits With Diagnoses and Notes (new endpoint)",2070,2070,-,0,0.18,0,1,2,7,21,49,2,3
2025-12-07T04:42:43.041151542,"Get Visits With Diagnoses and Notes (new endpoint) Redirect 1",2070,2070,-,0,0.18,1,2,4,10,24,35,3,3
2025-12-07T04:42:43.041151542,"Discontinue the drug order",6159,6159,-,0,0.55,0,1,2,6,18,54,2,2
2025-12-07T04:42:43.041151542,"Discontinue the drug order Redirect 1",6159,6159,-,0,0.55,1,3,4,10,20,70,4,4
2025-12-07T04:42:43.041151542,"Get Drug Orders except the cancelled and expired",2070,2070,-,0,0.18,0,1,2,8,20,38,2,3
2025-12-07T04:42:43.041151542,"Get Drug Orders except the cancelled and expired Redirect 1",2070,2070,-,0,0.18,1,2,4,8,18,56,3,3
2025-12-07T04:42:43.041151542,"Get Drug Orders except the discontinued orders Redirect 1",2070,2070,-,0,0.18,1,2,3,8,31,49,3,3
2025-12-07T04:42:43.041151542,"Get Drug Orders except the discontinued orders",2070,2070,-,0,0.18,0,1,2,4,13,57,1,2
2025-12-07T04:42:43.041151542,"Get Observation Tree Details",6210,6210,-,0,0.55,0,1,2,5,36,987,2,13
2025-12-07T04:42:43.041151542,"Get Observation Tree Details Redirect 1",6210,6210,-,0,0.55,1,2,4,8,20,48,3,3
2025-12-07T04:42:43.041151542,"Search for Condition",4140,4140,-,0,0.37,0,1,2,6,21,52,2,3
2025-12-07T04:42:43.041151542,"Search for Condition Redirect 1",4140,4140,-,0,0.37,1,2,4,10,35,51,3,3
2025-12-07T04:42:43.041151542,"Get Immunizations of Patient",4140,4140,-,0,0.37,0,1,2,6,31,43,2,2
2025-12-07T04:42:43.041151542,"Get Immunizations of Patient Redirect 1",4140,4140,-,0,0.37,1,2,3,10,40,54,3,3
2025-12-07T04:42:43.041151542,"Get all immunizations",2070,2070,-,0,0.18,0,1,1,4,21,51,1,2
2025-12-07T04:42:43.041151542,"Get all immunizations Redirect 1",2070,2070,-,0,0.18,1,2,4,9,25,57,3,3
2025-12-07T04:42:43.041151542,"Submit Patient immunization",2070,2070,-,0,0.18,0,1,2,7,20,44,2,3
2025-12-07T04:42:43.041151542,"Submit Patient immunization Redirect 1",2070,2070,-,0,0.18,1,2,4,9,22,30,3,3
2025-12-07T04:42:43.041151542,"Get Attachments of Patient Redirect 1",4140,4140,-,0,0.37,1,2,4,10,25,41,3,3
2025-12-07T04:42:43.041151542,"Get Attachments of Patient",4140,4140,-,0,0.37,0,1,2,5,25,61,2,3
2025-12-07T04:42:43.041151542,"Get Allowed File Extensions",2070,2070,-,0,0.18,0,1,1,4,9,28,1,2
2025-12-07T04:42:43.041151542,"Get Allowed File Extensions Redirect 1",2070,2070,-,0,0.18,1,2,3,9,25,32,3,3
2025-12-07T04:42:43.041151542,"Get Programs",4140,4140,-,0,0.37,0,1,2,5,15,47,2,2
2025-12-07T04:42:43.041151542,"Get Programs Redirect 1",4140,4140,-,0,0.37,1,2,4,9,25,51,3,3
2025-12-07T04:42:43.041151542,"Add new program to patient",2070,2070,-,0,0.18,0,1,1,4,9,23,1,2
2025-12-07T04:42:43.041151542,"Add new program to patient Redirect 1",2070,-,2070,100,0.18,1,2,3,9,19,28,3,3
2025-12-07T04:42:43.041151542,"Upload Attachment Request",2070,2070,-,0,0.18,3,6,8,16,51,595,8,14
2025-12-07T04:42:43.041151542,"Upload Attachment Request Redirect 1",2070,2070,-,0,0.18,1,2,4,11,84,108,4,4
2025-12-08T04:34:32.850214715,"Login",44735,44735,-,0,3.96,0,1,2,4,7,73,2,2
2025-12-08T04:34:32.850214715,"Login Redirect 1",44735,-,44735,100,3.96,1,2,3,7,12,69,3,3
2025-12-08T04:34:32.850214715,"Get locations",51110,51110,-,0,4.53,0,1,1,5,23,61,2,4
2025-12-08T04:34:32.850214715,"Get locations Redirect 1",51110,51109,1,0,4.53,1,2,3,7,13,66,3,3
2025-12-08T04:34:32.850214715,"Select Location",44735,44735,-,0,3.96,0,1,1,5,24,64,2,4
2025-12-08T04:34:32.850214715,"Select Location Redirect 1",44735,44735,-,0,3.96,1,2,3,7,13,64,3,3
2025-12-08T04:34:32.850214715,"Get Address Template",53224,53224,-,0,4.72,0,1,1,3,7,54,1,2
2025-12-08T04:34:32.850214715,"Get Address Template Redirect 1",53224,53224,-,0,4.72,1,2,3,7,12,70,3,3
2025-12-08T04:34:32.850214715,"Get Relationship Types",53224,53224,-,0,4.72,0,1,1,3,6,60,1,2
2025-12-08T04:34:32.850214715,"Get Relationship Types Redirect 1",53224,53224,-,0,4.72,1,2,3,7,12,63,3,3
2025-12-08T04:34:32.850214715,"Get Appointments for Specific Date",44735,44735,-,0,3.96,0,1,1,3,6,52,1,1
2025-12-08T04:34:32.850214715,"Get Appointments for Specific Date Redirect 1",44735,44734,1,0,3.96,1,2,3,6,12,60,3,3
2025-12-08T04:34:32.850214715,"Get Module Information",59127,59127,-,0,5.24,0,1,1,3,5,57,1,1
2025-12-08T04:34:32.850214715,"Get Module Information Redirect 1",59127,59127,-,0,5.24,1,2,3,6,12,68,3,3
2025-12-08T04:34:32.850214715,"Get Patient Identifier Types",53224,53224,-,0,4.72,0,1,1,3,5,56,1,1
2025-12-08T04:34:32.850214715,"Get Patient Identifier Types Redirect 1",53224,53224,-,0,4.72,1,2,3,6,11,63,3,3
2025-12-08T04:34:32.850214715,"Get Primary Identifier Term Mapping",96563,96563,-,0,8.56,0,1,1,3,6,58,1,2
2025-12-08T04:34:32.850214715,"Get Primary Identifier Term Mapping Redirect 1",96563,96563,-,0,8.56,0,2,3,7,12,69,3,3
2025-12-08T04:34:32.850214715,"Get Identifier Source",97959,97959,-,0,8.68,0,1,1,3,5,76,1,1
2025-12-08T04:34:32.850214715,"Get Identifier Source Redirect 1",97959,97959,-,0,8.68,1,2,3,6,11,67,3,3
2025-12-08T04:34:32.850214715,"Get Locations by Tag and Query",66387,66387,-,0,5.88,0,1,1,3,6,60,1,2
2025-12-08T04:34:32.850214715,"Get Locations by Tag and Query Redirect 1",66387,66387,-,0,5.88,1,2,3,6,11,66,3,3
2025-12-08T04:34:32.850214715,"Get Visits",47149,47149,-,0,4.18,0,1,1,3,5,56,1,1
2025-12-08T04:34:32.850214715,"Get Visits Redirect 1",47149,47149,-,0,4.18,1,2,3,6,11,69,3,3
2025-12-08T04:34:32.850214715,"Get Auto Generation Options",53224,53224,-,0,4.72,0,1,1,3,5,55,1,1
2025-12-08T04:34:32.850214715,"Get Auto Generation Options Redirect 1",53224,53224,-,0,4.72,1,2,3,6,11,58,2,3
2025-12-08T04:34:32.850214715,"Get Queue Entry",59992,59992,-,0,5.32,0,1,1,3,6,55,1,1
2025-12-08T04:34:32.850214715,"Get Queue Entry Redirect 1",59992,59992,-,0,5.32,1,2,3,6,12,69,3,3
2025-12-08T04:34:32.850214715,"Get Visit Types",27555,27555,-,0,2.44,0,1,1,5,23,60,2,4
2025-12-08T04:34:32.850214715,"Get Visit Types Redirect 1",27555,27555,-,0,2.44,1,2,3,8,21,63,3,3
2025-12-08T04:34:32.850214715,"Get Current Visit of Patient",46713,46713,-,0,4.14,0,1,2,4,9,55,1,2
2025-12-08T04:34:32.850214715,"Get Current Visit of Patient Redirect 1",46713,46713,-,0,4.14,1,2,3,7,22,69,3,3
2025-12-08T04:34:32.850214715,"Get Visits of Patient",48786,48786,-,0,4.32,0,1,1,3,7,60,1,2
2025-12-08T04:34:32.850214715,"Get Visits of Patient Redirect 1",48786,48786,-,0,4.32,1,2,3,7,14,58,3,3
2025-12-08T04:34:32.850214715,"Get Program Enrollments of Patient",31360,31360,-,0,2.78,0,1,1,3,8,55,1,2
2025-12-08T04:34:32.850214715,"Get Program Enrollments of Patient Redirect 1",31360,31360,-,0,2.78,1,2,3,7,20,62,3,3
2025-12-08T04:34:32.850214715,"Get Visit Queue Entry",39050,39050,-,0,3.46,0,1,1,3,6,58,1,1
2025-12-08T04:34:32.850214715,"Get Visit Queue Entry Redirect 1",39050,39050,-,0,3.46,1,2,3,6,12,66,3,3
2025-12-08T04:34:32.850214715,"Get Appointments of a Patient",27214,27214,-,0,2.41,0,1,1,3,7,58,1,2
2025-12-08T04:34:32.850214715,"Get Appointments of a Patient Redirect 1",27214,27214,-,0,2.41,1,2,3,6,21,59,3,3
2025-12-08T04:34:32.850214715,"Get Patient Summary Data",44649,44649,-,0,3.96,0,1,1,4,16,56,1,3
2025-12-08T04:34:32.850214715,"Get Patient Summary Data Redirect 1",44649,-,44649,100,3.96,1,2,3,7,13,67,3,3
2025-12-08T04:34:32.850214715,"Get Active Visits of Patient",70882,70882,-,0,6.28,0,1,1,4,14,56,1,3
2025-12-08T04:34:32.850214715,"Get Active Visits of Patient Redirect 1",70882,70882,-,0,6.28,1,2,3,7,14,64,3,3
2025-12-08T04:34:32.850214715,"Get isVisitsEnabled",31024,31024,-,0,2.75,0,1,1,3,7,55,1,2
2025-12-08T04:34:32.850214715,"Get isVisitsEnabled Redirect 1",31024,31024,-,0,2.75,1,2,3,7,14,68,3,3
2025-12-08T04:34:32.850214715,"Get the status of patient death",42576,42576,-,0,3.77,0,1,1,3,6,59,1,2
2025-12-08T04:34:32.850214715,"Get the status of patient death Redirect 1",42576,42576,-,0,3.77,1,2,3,7,14,67,3,3
2025-12-08T04:34:32.850214715,"Get all the constraints on the vital concepts",31024,31024,-,0,2.75,0,1,1,3,6,64,1,1
2025-12-08T04:34:32.850214715,"Get all the constraints on the vital concepts Redirect 1",31024,31024,-,0,2.75,1,2,3,6,17,66,3,3
2025-12-08T04:34:32.850214715,"Get Patient Observations",76728,76728,-,0,6.8,0,1,1,3,7,59,1,2
2025-12-08T04:34:32.850214715,"Get Patient Observations Redirect 1",76728,76728,-,0,6.8,1,2,3,6,11,64,3,3
2025-12-08T04:34:32.850214715,"Get Patient Conditions",29052,29052,-,0,2.57,0,1,1,3,14,54,1,2
2025-12-08T04:34:32.850214715,"Get Patient Conditions Redirect 1",29052,29052,-,0,2.57,1,2,3,6,13,62,3,2
2025-12-08T04:34:32.850214715,"Get Active Orders",24906,24906,-,0,2.21,0,1,1,3,6,51,1,1
2025-12-08T04:34:32.850214715,"Get Active Orders Redirect 1",24906,24906,-,0,2.21,1,2,3,6,16,65,3,3
2025-12-08T04:34:32.850214715,"Submit Visit Form",25141,25141,-,0,2.23,0,1,1,4,15,65,1,3
2025-12-08T04:34:32.850214715,"Submit Visit Form Redirect 1",25141,-,25141,100,2.23,1,2,3,7,19,59,3,3
2025-12-08T04:34:32.850214715,"Get Admission Location Info",8604,8604,-,0,0.76,0,1,1,5,21,50,1,3
2025-12-08T04:34:32.850214715,"Get Admission Location Info Redirect 1",8604,8604,-,0,0.76,1,2,3,7,23,60,3,3
2025-12-08T04:34:32.850214715,"Get Admission Info",8604,8604,-,0,0.76,0,1,1,3,14,64,1,2
2025-12-08T04:34:32.850214715,"Get Admission Info Redirect 1",8604,-,8604,100,0.76,1,2,3,7,20,52,3,3
2025-12-08T04:34:32.850214715,"Get Inpatient Request",8604,8604,-,0,0.76,0,1,2,5,17,53,2,2
2025-12-08T04:34:32.850214715,"Get Inpatient Request Redirect 1",8604,-,8604,100,0.76,1,2,4,9,24,61,3,3
2025-12-08T04:34:32.850214715,"Get Patients",10997,10997,-,0,0.97,0,1,2,5,21,54,2,3
2025-12-08T04:34:32.850214715,"Get Patients Redirect 1",10997,-,10997,100,0.97,1,2,3,8,18,61,3,3
2025-12-08T04:34:32.850214715,"Get Order Types",6168,6168,-,0,0.55,0,1,1,9,23,49,2,4
2025-12-08T04:34:32.850214715,"Get Order Types Redirect 1",6168,6168,-,0,0.55,1,2,3,8,16,53,3,3
2025-12-08T04:34:32.850214715,"Get Locations That Support Visits",13411,13411,-,0,1.19,0,1,1,3,9,53,1,2
2025-12-08T04:34:32.850214715,"Get Locations That Support Visits Redirect 1",13411,13411,-,0,1.19,1,2,3,7,22,69,3,3
2025-12-08T04:34:32.850214715,"Get Beds for Patient",8604,8604,-,0,0.76,0,1,1,4,15,50,1,2
2025-12-08T04:34:32.850214715,"Get Beds for Patient Redirect 1",8604,8604,-,0,0.76,1,2,3,7,24,62,3,3
2025-12-08T04:34:32.850214715,"Save Ward Encounter",21510,21510,-,0,1.91,0,1,1,4,10,72,1,2
2025-12-08T04:34:32.850214715,"Save Ward Encounter Redirect 1",21510,21510,-,0,1.91,1,2,3,7,15,64,3,3
2025-12-08T04:34:32.850214715,"Save Vitals",5955,5955,-,0,0.53,0,1,1,9,25,49,2,4
2025-12-08T04:34:32.850214715,"Save Vitals Redirect 1",5955,5955,-,0,0.53,1,2,3,8,26,73,3,3
2025-12-08T04:34:32.850214715,"Search for Drug",12336,12336,-,0,1.09,0,1,1,3,5,60,1,2
2025-12-08T04:34:32.850214715,"Search for Drug Redirect 1",12336,12336,-,0,1.09,1,2,3,7,23,54,3,3
2025-12-08T04:34:32.850214715,"Save Drug Order",6168,6168,-,0,0.55,0,1,1,3,13,49,1,1
2025-12-08T04:34:32.850214715,"Save Drug Order Redirect 1",6168,-,6168,100,0.55,1,2,3,7,20,52,3,2
2025-12-08T04:34:32.850214715,"Get Vitals concept reference ranges",8604,8604,-,0,0.76,0,1,1,3,7,21,1,1
2025-12-08T04:34:32.850214715,"Get Vitals concept reference ranges Redirect 1",8604,8604,-,0,0.76,1,2,3,6,23,60,3,3
2025-12-08T04:34:32.850214715,"Get Transfer Locations configuration data",8604,8604,-,0,0.76,0,1,1,5,19,61,1,3
2025-12-08T04:34:32.850214715,"Get Transfer Locations configuration data Redirect 1",8604,8604,-,0,0.76,1,2,3,7,13,59,3,3
2025-12-08T04:34:32.850214715,"Get Transferable locations",8604,8604,-,0,0.76,0,1,1,4,28,49,1,2
2025-12-08T04:34:32.850214715,"Get Transferable locations Redirect 1",8604,8604,-,0,0.76,1,2,3,7,25,61,3,3
2025-12-08T04:34:32.850214715,"Get All Form Encounters",2073,2073,-,0,0.18,0,1,1,4,10,53,1,2
2025-12-08T04:34:32.850214715,"Get All Form Encounters Redirect 1",2073,2073,-,0,0.18,1,2,3,7,19,50,3,3
2025-12-08T04:34:32.850214715,"Get All Forms",2073,2073,-,0,0.18,0,1,1,4,10,51,1,2
2025-12-08T04:34:32.850214715,"Get All Forms Redirect 1",2073,2073,-,0,0.18,1,2,3,7,15,51,3,3
2025-12-08T04:34:32.850214715,"Get the details of a orderType",5903,5903,-,0,0.52,0,1,1,4,9,51,1,2
2025-12-08T04:34:32.850214715,"Get the details of a orderType Redirect 1",5903,5903,-,0,0.52,1,2,3,7,15,57,3,3
2025-12-08T04:34:32.850214715,"Get all Lab order details",5903,5903,-,0,0.52,0,1,1,3,14,46,1,2
2025-12-08T04:34:32.850214715,"Get all Lab order details Redirect 1",5903,5903,-,0,0.52,1,2,3,7,15,57,3,3
2025-12-08T04:34:32.850214715,"Add a lab order",5903,5903,-,0,0.52,0,1,1,3,8,54,1,2
2025-12-08T04:34:32.850214715,"Add a lab order Redirect 1",5903,-,5903,100,0.52,1,2,3,7,19,46,3,2
2025-12-08T04:34:32.850214715,"Get Allergies of Patient",5955,5955,-,0,0.53,0,1,1,6,23,46,2,3
2025-12-08T04:34:32.850214715,"Get Allergies of Patient Redirect 1",5955,5955,-,0,0.53,1,2,3,6,16,56,3,2
2025-12-08T04:34:32.850214715,"Get Drug Allergens",5955,5955,-,0,0.53,0,1,1,4,23,49,1,2
2025-12-08T04:34:32.850214715,"Get Drug Allergens Redirect 1",5955,5955,-,0,0.53,1,2,3,7,21,72,3,3
2025-12-08T04:34:32.850214715,"Get Environment Allergens",5955,5955,-,0,0.53,0,1,1,3,10,31,1,1
2025-12-08T04:34:32.850214715,"Get Environment Allergens Redirect 1",5955,5955,-,0,0.53,1,2,3,7,22,59,3,3
2025-12-08T04:34:32.850214715,"Get Food Allergens",5955,5955,-,0,0.53,0,1,1,3,8,57,1,2
2025-12-08T04:34:32.850214715,"Get Food Allergens Redirect 1",5955,5955,-,0,0.53,1,2,3,6,17,56,3,2
2025-12-08T04:34:32.850214715,"Get Allergic Reactions Allergens",5955,5955,-,0,0.53,0,1,1,3,19,41,1,1
2025-12-08T04:34:32.850214715,"Get Allergic Reactions Allergens Redirect 1",5955,5955,-,0,0.53,1,2,3,7,19,51,3,3
2025-12-08T04:34:32.850214715,"Get medication request encounters",18504,18504,-,0,1.64,0,1,1,4,19,54,1,3
2025-12-08T04:34:32.850214715,"Get medication request encounters Redirect 1",18504,-,18504,100,1.64,1,2,3,7,13,68,3,3
2025-12-08T04:34:32.850214715,"Get All Appointment Services(full)",7242,7242,-,0,0.64,0,1,2,4,8,57,1,2
2025-12-08T04:34:32.850214715,"Get all patient lists",20600,20600,-,0,1.83,0,1,1,4,11,57,1,2
2025-12-08T04:34:32.850214715,"Get All Appointment Services(full) Redirect 1",7242,7242,-,0,0.64,1,2,3,7,21,58,3,3
2025-12-08T04:34:32.850214715,"Get all patient lists Redirect 1",20600,20600,-,0,1.83,1,2,3,7,14,59,3,3
2025-12-08T04:34:32.850214715,"Get all appointments for a specific day",4828,4828,-,0,0.43,0,1,1,4,4,34,1,2
2025-12-08T04:34:32.850214715,"Get all appointments for a specific day Redirect 1",4828,4828,-,0,0.43,1,2,3,6,17,45,3,3
2025-12-08T04:34:32.850214715,"Get all appointment summaries",4828,4828,-,0,0.43,0,1,1,4,11,52,1,2
2025-12-08T04:34:32.850214715,"Get all appointment summaries Redirect 1",4828,4828,-,0,0.43,1,2,3,7,24,64,3,3
2025-12-08T04:34:32.850214715,"Get Appointment By Status",19312,19312,-,0,1.71,0,1,1,3,11,40,1,1
2025-12-08T04:34:32.850214715,"Get Appointment By Status Redirect 1",19312,19312,-,0,1.71,1,2,3,6,18,60,3,2
2025-12-08T04:34:32.850214715,"Get all default appointment services",4828,4828,-,0,0.43,0,1,1,4,7,50,1,2
2025-12-08T04:34:32.850214715,"Get all default appointment services Redirect 1",4828,4828,-,0,0.43,1,2,3,5,12,56,2,2
2025-12-08T04:34:32.850214715,"Get Person Attribute Type",8489,8489,-,0,0.75,0,1,1,3,5,44,1,1
2025-12-08T04:34:32.850214715,"Get all visits of the given location with date",4828,4828,-,0,0.43,0,1,1,3,6,45,1,1
2025-12-08T04:34:32.850214715,"Get Person Attribute Type Redirect 1",8489,8489,-,0,0.75,1,2,3,7,12,56,3,3
2025-12-08T04:34:32.850214715,"Get all visits of the given location with date Redirect 1",4828,4828,-,0,0.43,1,2,3,7,10,63,3,3
2025-12-08T04:34:32.850214715,"Get Ordered Address Hierarchy Levels",8489,8489,-,0,0.75,0,1,1,3,6,48,1,1
2025-12-08T04:34:32.850214715,"Get Ordered Address Hierarchy Levels Redirect 1",8489,8489,-,0,0.75,1,2,3,6,9,57,3,3
2025-12-08T04:34:32.850214715,"Get Patient Allergy Intolerance",6168,6168,-,0,0.55,0,1,1,6,23,47,2,3
2025-12-08T04:34:32.850214715,"Get Patient Allergy Intolerance Redirect 1",6168,6168,-,0,0.55,1,2,3,7,14,57,3,3
2025-12-08T04:34:32.850214715,"Get All Providers",14750,14750,-,0,1.31,0,1,1,3,9,44,1,1
2025-12-08T04:34:32.850214715,"Get All Providers Redirect 1",14750,14750,-,0,1.31,1,2,3,7,23,58,3,3
2025-12-08T04:34:32.850214715,"Get Clinical Form by UUID",2073,2073,-,0,0.18,0,1,1,4,13,38,1,2
2025-12-08T04:34:32.850214715,"Get Clinical Form by UUID Redirect 1",2073,-,2073,100,0.18,1,2,3,7,21,52,3,3
2025-12-08T04:34:32.850214715,"Get Encounter Roles",2073,2073,-,0,0.18,0,1,2,4,12,52,2,2
2025-12-08T04:34:32.850214715,"Get Encounter Roles Redirect 1",2073,2073,-,0,0.18,1,2,4,9,17,69,3,3
2025-12-08T04:34:32.850214715,"Get Latest FHIR Encounter",2073,2073,-,0,0.18,0,1,2,4,11,31,1,2
2025-12-08T04:34:32.850214715,"Get Latest FHIR Encounter Redirect 1",2073,-,2073,100,0.18,1,2,4,10,38,69,3,3
2025-12-08T04:34:32.850214715,"Get all active Lab orders",17709,17709,-,0,1.57,0,1,1,5,22,54,2,3
2025-12-08T04:34:32.850214715,"Get all active Lab orders Redirect 1",17709,17709,-,0,1.57,1,2,3,8,24,63,3,3
2025-12-08T04:34:32.850214715,"Get Lab Orders by full filler status",53127,53127,-,0,4.71,0,1,1,3,7,61,1,2
2025-12-08T04:34:32.850214715,"Get Lab Orders by full filler status Redirect 1",53127,53127,-,0,4.71,1,2,3,7,20,63,3,3
2025-12-08T04:34:32.850214715,"Get patient identification photo",23838,23838,-,0,2.11,0,1,1,4,10,59,1,2
2025-12-08T04:34:32.850214715,"Get patient identification photo Redirect 1",23838,23838,-,0,2.11,1,2,3,7,22,61,3,3
2025-12-08T04:34:32.850214715,"Get Person Attributes",4807,4807,-,0,0.43,0,1,2,5,21,50,1,2
2025-12-08T04:34:32.850214715,"Get Person Attributes Redirect 1",4807,4807,-,0,0.43,1,2,3,7,17,51,3,3
2025-12-08T04:34:32.850214715,"Get Patient Identifiers",4807,4807,-,0,0.43,0,1,1,4,10,50,1,2
2025-12-08T04:34:32.850214715,"Get Patient Identifiers Redirect 1",4807,4807,-,0,0.43,1,2,3,7,17,56,3,3
2025-12-08T04:34:32.850214715,"Get Relationships of Person",4807,4807,-,0,0.43,0,1,1,3,14,24,1,1
2025-12-08T04:34:32.850214715,"Get Relationships of Person Redirect 1",4807,4807,-,0,0.43,1,2,3,7,21,54,3,3
2025-12-08T04:34:32.850214715,"Save an Allergy",5955,5955,-,0,0.53,0,1,1,5,20,53,2,3
2025-12-08T04:34:32.850214715,"Save an Allergy Redirect 1",5955,5955,-,0,0.53,1,2,3,8,29,63,3,3
2025-12-08T04:34:32.850214715,"Create a patient list",5150,5150,-,0,0.46,0,1,2,9,24,59,2,4
2025-12-08T04:34:32.850214715,"Create a patient list Redirect 1",5150,-,5150,100,0.46,1,2,3,8,19,55,3,3
2025-12-08T04:34:32.850214715,"Submit visit queue entry",4281,4281,-,0,0.38,0,1,1,4,9,56,1,2
2025-12-08T04:34:32.850214715,"Submit visit queue entry Redirect 1",4281,-,4281,100,0.38,1,2,3,7,22,52,3,3
2025-12-08T04:34:32.850214715,"Get Order Entry Config",6168,6168,-,0,0.55,0,1,2,6,17,48,2,2
2025-12-08T04:34:32.850214715,"Get Order Entry Config Redirect 1",6168,6168,-,0,0.55,1,2,4,9,43,69,3,3
2025-12-08T04:34:32.850214715,"Get ValueSet by UUID",18504,18504,-,0,1.64,0,1,2,5,12,60,1,2
2025-12-08T04:34:32.850214715,"Get ValueSet by UUID Redirect 1",18504,18504,-,0,1.64,1,2,4,8,28,62,3,3
2025-12-08T04:34:32.850214715,"Get Medication by UUID",6168,6168,-,0,0.55,0,1,1,4,8,59,1,2
2025-12-08T04:34:32.850214715,"Get Medication by UUID Redirect 1",6168,6168,-,0,0.55,1,2,3,9,30,54,3,3
2025-12-08T04:34:32.850214715,"Search Medication by Code",6168,6168,-,0,0.55,0,1,1,3,12,68,1,2
2025-12-08T04:34:32.850214715,"Search Medication by Code Redirect 1",6168,6168,-,0,0.55,1,2,3,9,24,65,3,3
2025-12-08T04:34:32.850214715,"Get Locations Search Set",4302,4302,-,0,0.38,0,1,1,4,9,56,1,2
2025-12-08T04:34:32.850214715,"Get Locations Search Set Redirect 1",4302,4302,-,0,0.38,1,2,3,7,17,56,3,3
2025-12-08T04:34:32.850214715,"Change the session location",4302,4302,-,0,0.38,0,1,1,3,8,45,1,2
2025-12-08T04:34:32.850214715,"Change the session location Redirect 1",4302,4302,-,0,0.38,1,2,3,8,16,49,3,3
2025-12-08T04:34:32.850214715,"Get service concept set",4281,4281,-,0,0.38,0,1,1,5,23,53,2,4
2025-12-08T04:34:32.850214715,"Get service concept set Redirect 1",4281,-,4281,100,0.38,1,2,3,7,24,63,3,3
2025-12-08T04:34:32.850214715,"Submit new Service queue",4281,4281,-,0,0.38,0,1,2,5,14,59,2,3
2025-12-08T04:34:32.850214715,"Submit new Service queue Redirect 1",4281,-,4281,100,0.38,1,2,4,8,19,65,3,3
2025-12-08T04:34:32.850214715,"Save a clinical form",2073,2073,-,0,0.18,0,1,2,11,31,45,2,4
2025-12-08T04:34:32.850214715,"Save a clinical form Redirect 1",2073,2073,-,0,0.18,1,2,3,7,16,47,3,3
2025-12-08T04:34:32.850214715,"Edit patient details",4807,4807,-,0,0.43,0,1,1,5,24,55,2,4
2025-12-08T04:34:32.850214715,"Edit patient details Redirect 1",4807,4807,-,0,0.43,1,2,3,7,12,57,3,3
2025-12-08T04:34:32.850214715,"Check Appointment Conflicts",2414,2414,-,0,0.21,0,1,1,5,29,49,2,3
2025-12-08T04:34:32.850214715,"Check Appointment Conflicts Redirect 1",2414,2414,-,0,0.21,1,2,3,7,18,45,3,3
2025-12-08T04:34:32.850214715,"Create Appointment",2414,2414,-,0,0.21,0,1,1,4,24,42,1,2
2025-12-08T04:34:32.850214715,"Create Appointment Redirect 1",2414,-,2414,100,0.21,1,2,3,7,21,52,3,2
2025-12-08T04:34:32.850214715,"Submit transition request",4281,4281,-,0,0.38,0,1,1,5,25,51,2,4
2025-12-08T04:34:32.850214715,"Submit transition request Redirect 1",4281,4281,-,0,0.38,1,2,3,7,17,57,3,3
2025-12-08T04:34:32.850214715,"Get Patient Encounters",2073,2073,-,0,0.18,0,1,1,4,10,51,1,2
2025-12-08T04:34:32.850214715,"Get Patient Encounters Redirect 1",2073,2073,-,0,0.18,1,2,3,8,27,51,3,3
2025-12-08T04:34:32.850214715,"Get Lab Results of Patient",4146,4146,-,0,0.37,0,1,1,4,39,51,1,2
2025-12-08T04:34:32.850214715,"Get Lab Results of Patient Redirect 1",4146,-,4146,100,0.37,1,2,3,7,20,58,3,3
2025-12-08T04:34:32.850214715,"Generate OMRS Identifier",3682,3682,-,0,0.33,0,1,1,8,27,50,2,3
2025-12-08T04:34:32.850214715,"Generate OMRS Identifier Redirect 1",3682,-,3682,100,0.33,1,2,3,7,24,46,3,3
2025-12-08T04:34:32.850214715,"Get Visits With Diagnoses and Notes (new endpoint)",2073,2073,-,0,0.18,0,1,1,6,19,40,2,3
2025-12-08T04:34:32.850214715,"Get Visits With Diagnoses and Notes (new endpoint) Redirect 1",2073,2073,-,0,0.18,1,2,3,8,29,41,3,2
2025-12-08T04:34:32.850214715,"Get Alkaline concept details",5903,5903,-,0,0.52,0,1,1,5,23,52,2,3
2025-12-08T04:34:32.850214715,"Get Alkaline concept details Redirect 1",5903,5903,-,0,0.52,1,2,3,8,18,48,3,3
2025-12-08T04:34:32.850214715,"Update the Lab Order Completion",5903,5903,-,0,0.52,0,1,1,4,45,55,1,2
2025-12-08T04:34:32.850214715,"Update the Lab Order Completion Redirect 1",5903,5903,-,0,0.52,1,2,3,7,18,46,3,3
2025-12-08T04:34:32.850214715,"Discontinue the drug order",6168,6168,-,0,0.55,0,1,2,5,16,51,2,2
2025-12-08T04:34:32.850214715,"Discontinue the drug order Redirect 1",6168,6168,-,0,0.55,1,2,4,8,18,62,3,3
2025-12-08T04:34:32.850214715,"Get Drug Orders except the cancelled and expired",2073,2073,-,0,0.18,0,1,1,6,29,53,2,4
2025-12-08T04:34:32.850214715,"Get Drug Orders except the cancelled and expired Redirect 1",2073,2073,-,0,0.18,1,2,3,7,16,40,3,2
2025-12-08T04:34:32.850214715,"Get Drug Orders except the discontinued orders Redirect 1",2073,2073,-,0,0.18,1,2,3,7,17,49,3,3
2025-12-08T04:34:32.850214715,"Get Drug Orders except the discontinued orders",2073,2073,-,0,0.18,0,1,1,4,23,32,1,1
2025-12-08T04:34:32.850214715,"Get Observation Tree Details",6219,6219,-,0,0.55,0,1,1,4,13,52,1,2
2025-12-08T04:34:32.850214715,"Get Observation Tree Details Redirect 1",6219,6219,-,0,0.55,1,2,3,7,21,58,3,3
2025-12-08T04:34:32.850214715,"Search for Condition",4146,4146,-,0,0.37,0,1,1,6,23,46,2,4
2025-12-08T04:34:32.850214715,"Search for Condition Redirect 1",4146,4146,-,0,0.37,1,2,3,8,37,50,3,3
2025-12-08T04:34:32.850214715,"Get Immunizations of Patient",4146,4146,-,0,0.37,0,1,1,5,22,53,1,3
2025-12-08T04:34:32.850214715,"Get Immunizations of Patient Redirect 1",4146,4146,-,0,0.37,1,2,3,7,20,56,3,3
2025-12-08T04:34:32.850214715,"Get all immunizations",2073,2073,-,0,0.18,0,1,1,3,15,22,1,1
2025-12-08T04:34:32.850214715,"Get all immunizations Redirect 1",2073,2073,-,0,0.18,1,2,3,7,25,37,3,2
2025-12-08T04:34:32.850214715,"Submit Patient immunization",2073,2073,-,0,0.18,0,1,2,7,28,45,2,4
2025-12-08T04:34:32.850214715,"Submit Patient immunization Redirect 1",2073,2073,-,0,0.18,1,2,3,9,26,50,3,3
2025-12-08T04:34:32.850214715,"Get Attachments of Patient",4146,4146,-,0,0.37,0,1,1,5,17,35,1,3
2025-12-08T04:34:32.850214715,"Get Attachments of Patient Redirect 1",4146,4146,-,0,0.37,1,2,3,8,29,51,3,3
2025-12-08T04:34:32.850214715,"Get Allowed File Extensions",2073,2073,-,0,0.18,0,1,1,3,7,33,1,1
2025-12-08T04:34:32.850214715,"Get Allowed File Extensions Redirect 1",2073,2073,-,0,0.18,1,2,3,8,9,43,3,2
2025-12-08T04:34:32.850214715,"Get Programs",4146,4146,-,0,0.37,0,1,1,4,14,39,1,2
2025-12-08T04:34:32.850214715,"Get Programs Redirect 1",4146,4146,-,0,0.37,1,2,3,8,34,49,3,2
2025-12-08T04:34:32.850214715,"Add new program to patient",2073,2073,-,0,0.18,0,1,1,4,5,11,1,1
2025-12-08T04:34:32.850214715,"Add new program to patient Redirect 1",2073,-,2073,100,0.18,1,2,3,7,16,50,3,3
2025-12-08T04:34:32.850214715,"Upload Attachment Request",2073,2073,-,0,0.18,2,4,6,11,27,56,5,4
2025-12-08T04:34:32.850214715,"Upload Attachment Request Redirect 1",2073,2073,-,0,0.18,1,2,3,7,19,51,3,3
2025-12-09T04:37:20.61385767,"Login",44664,44664,-,0,3.96,0,1,2,5,10,1570,2,8
2025-12-09T04:37:20.61385767,"Login Redirect 1",44664,-,44664,100,3.96,1,2,4,9,17,280,3,4
2025-12-09T04:37:20.61385767,"Get locations",51026,51026,-,0,4.52,0,1,2,6,29,1706,2,17
2025-12-09T04:37:20.61385767,"Get locations Redirect 1",51026,51026,-,0,4.52,1,2,4,9,16,121,3,3
2025-12-09T04:37:20.61385767,"Select Location",44664,44664,-,0,3.96,0,1,2,6,24,1596,3,22
2025-12-09T04:37:20.61385767,"Select Location Redirect 1",44664,44663,1,0,3.96,1,2,4,9,17,165,4,4
2025-12-09T04:37:20.61385767,"Get Address Template",53137,53137,-,0,4.71,0,1,2,5,10,1749,2,8
2025-12-09T04:37:20.61385767,"Get Address Template Redirect 1",53137,53137,-,0,4.71,1,2,4,9,17,328,3,4
2025-12-09T04:37:20.61385767,"Get Relationship Types",53137,53137,-,0,4.71,0,1,2,4,7,1756,1,8
2025-12-09T04:37:20.61385767,"Get Relationship Types Redirect 1",53137,53137,-,0,4.71,1,2,4,8,16,315,3,4
2025-12-09T04:37:20.61385767,"Get Appointments for Specific Date",44664,44664,-,0,3.96,0,1,2,4,8,72,1,2
2025-12-09T04:37:20.61385767,"Get Appointments for Specific Date Redirect 1",44664,44664,-,0,3.96,1,2,4,8,16,242,3,4
2025-12-09T04:37:20.61385767,"Get Module Information",59035,59035,-,0,5.23,0,1,2,4,7,57,1,2
2025-12-09T04:37:20.61385767,"Get Module Information Redirect 1",59035,59034,1,0,5.23,1,2,4,8,15,194,3,4
2025-12-09T04:37:20.61385767,"Get Patient Identifier Types",53137,53137,-,0,4.71,0,1,2,4,7,57,1,2
2025-12-09T04:37:20.61385767,"Get Patient Identifier Types Redirect 1",53137,53137,-,0,4.71,1,2,4,8,16,128,3,3
2025-12-09T04:37:20.61385767,"Get Primary Identifier Term Mapping",96407,96407,-,0,8.55,0,1,2,4,8,1748,2,7
2025-12-09T04:37:20.61385767,"Get Primary Identifier Term Mapping Redirect 1",96407,96407,-,0,8.55,1,2,4,8,16,188,3,3
2025-12-09T04:37:20.61385767,"Get Identifier Source",97801,97801,-,0,8.67,0,1,2,4,7,100,1,2
2025-12-09T04:37:20.61385767,"Get Identifier Source Redirect 1",97801,97801,-,0,8.67,1,2,3,8,15,132,3,3
2025-12-09T04:37:20.61385767,"Get Locations by Tag and Query",66280,66280,-,0,5.88,0,1,2,4,8,1667,1,8
2025-12-09T04:37:20.61385767,"Get Locations by Tag and Query Redirect 1",66280,66280,-,0,5.88,1,2,3,8,16,201,3,3
2025-12-09T04:37:20.61385767,"Get Visits",47075,47075,-,0,4.17,0,1,2,4,7,52,1,2
2025-12-09T04:37:20.61385767,"Get Visits Redirect 1",47075,47075,-,0,4.17,1,2,3,8,15,115,3,3
2025-12-09T04:37:20.61385767,"Get Auto Generation Options",53137,53137,-,0,4.71,0,1,2,4,7,52,1,2
2025-12-09T04:37:20.61385767,"Get Auto Generation Options Redirect 1",53137,53137,-,0,4.71,1,2,3,8,15,109,3,3
2025-12-09T04:37:20.61385767,"Get Queue Entry",59894,59894,-,0,5.31,0,1,2,4,7,63,1,2
2025-12-09T04:37:20.61385767,"Get Queue Entry Redirect 1",59894,59894,-,0,5.31,1,2,4,8,16,83,3,3
2025-12-09T04:37:20.61385767,"Get Visit Types",27514,27514,-,0,2.44,0,1,2,6,30,1666,2,12
2025-12-09T04:37:20.61385767,"Get Visit Types Redirect 1",27514,27513,1,0,2.44,1,2,4,9,18,103,3,3
2025-12-09T04:37:20.61385767,"Get Current Visit of Patient",46648,46648,-,0,4.14,0,1,2,5,11,645,2,4
2025-12-09T04:37:20.61385767,"Get Current Visit of Patient Redirect 1",46648,46648,-,0,4.14,1,2,4,9,26,297,4,4
2025-12-09T04:37:20.61385767,"Get Visits of Patient",48716,48716,-,0,4.32,0,1,2,5,10,1728,2,8
2025-12-09T04:37:20.61385767,"Get Visits of Patient Redirect 1",48716,48716,-,0,4.32,1,2,4,9,18,172,3,4
2025-12-09T04:37:20.61385767,"Get Program Enrollments of Patient",31307,31307,-,0,2.78,0,1,2,5,10,61,1,2
2025-12-09T04:37:20.61385767,"Get Program Enrollments of Patient Redirect 1",31307,31307,-,0,2.78,1,2,4,9,22,57,3,3
2025-12-09T04:37:20.61385767,"Get Visit Queue Entry",38991,38991,-,0,3.46,0,1,2,4,8,56,1,2
2025-12-09T04:37:20.61385767,"Get Visit Queue Entry Redirect 1",38991,38991,-,0,3.46,1,2,4,8,17,67,3,3
2025-12-09T04:37:20.61385767,"Get Appointments of a Patient",27171,27171,-,0,2.41,0,1,2,4,10,60,1,2
2025-12-09T04:37:20.61385767,"Get Appointments of a Patient Redirect 1",27171,27171,-,0,2.41,1,2,3,8,19,54,3,3
2025-12-09T04:37:20.61385767,"Get Patient Summary Data",44572,44572,-,0,3.95,0,1,2,5,20,1707,2,14
2025-12-09T04:37:20.61385767,"Get Patient Summary Data Redirect 1",44572,-,44572,100,3.95,1,2,4,8,18,141,3,3
2025-12-09T04:37:20.61385767,"Get Active Visits of Patient",70762,70762,-,0,6.27,0,1,2,5,14,1659,2,11
2025-12-09T04:37:20.61385767,"Get Active Visits of Patient Redirect 1",70762,70762,-,0,6.27,1,2,4,9,18,144,3,4
2025-12-09T04:37:20.61385767,"Get isVisitsEnabled",30973,30973,-,0,2.75,0,1,2,4,9,109,1,2
2025-12-09T04:37:20.61385767,"Get isVisitsEnabled Redirect 1",30973,30973,-,0,2.75,1,2,4,9,23,198,3,4
2025-12-09T04:37:20.61385767,"Get the status of patient death",42504,42504,-,0,3.77,0,1,2,4,8,71,1,2
2025-12-09T04:37:20.61385767,"Get the status of patient death Redirect 1",42504,42504,-,0,3.77,1,2,4,8,17,85,3,3
2025-12-09T04:37:20.61385767,"Get all the constraints on the vital concepts",30973,30973,-,0,2.75,0,1,2,4,9,57,1,2
2025-12-09T04:37:20.61385767,"Get all the constraints on the vital concepts Redirect 1",30973,30973,-,0,2.75,1,2,4,8,21,105,3,3
2025-12-09T04:37:20.61385767,"Get Patient Observations",76601,76601,-,0,6.79,0,1,2,4,8,1650,1,6
2025-12-09T04:37:20.61385767,"Get Patient Observations Redirect 1",76601,76601,-,0,6.79,1,2,4,8,16,96,3,3
2025-12-09T04:37:20.61385767,"Get Patient Conditions",29002,29002,-,0,2.57,0,1,2,4,10,460,1,3
2025-12-09T04:37:20.61385767,"Get Patient Conditions Redirect 1",29002,29002,-,0,2.57,1,2,3,8,17,149,3,3
2025-12-09T04:37:20.61385767,"Get Active Orders",24866,24866,-,0,2.2,0,1,2,4,8,55,1,2
2025-12-09T04:37:20.61385767,"Get Active Orders Redirect 1",24866,24866,-,0,2.2,1,2,4,9,25,103,3,3
2025-12-09T04:37:20.61385767,"Submit Visit Form",25103,25103,-,0,2.23,0,1,2,6,31,1289,2,12
2025-12-09T04:37:20.61385767,"Submit Visit Form Redirect 1",25103,-,25103,100,2.23,1,2,4,9,18,135,3,4
2025-12-09T04:37:20.61385767,"Get Admission Location Info",8588,8588,-,0,0.76,0,1,2,7,54,1342,2,18
2025-12-09T04:37:20.61385767,"Get Admission Location Info Redirect 1",8588,8588,-,0,0.76,1,2,4,8,29,109,3,3
2025-12-09T04:37:20.61385767,"Get Admission Info",8588,8588,-,0,0.76,0,1,1,5,30,91,1,2
2025-12-09T04:37:20.61385767,"Get Admission Info Redirect 1",8588,-,8588,100,0.76,1,2,4,9,22,83,3,3
2025-12-09T04:37:20.61385767,"Get Inpatient Request",8588,8588,-,0,0.76,0,1,2,6,20,50,2,2
2025-12-09T04:37:20.61385767,"Get Inpatient Request Redirect 1",8588,-,8588,100,0.76,1,2,4,10,26,187,4,4
2025-12-09T04:37:20.61385767,"Get Patients",10978,10978,-,0,0.97,0,1,2,6,41,1627,2,22
2025-12-09T04:37:20.61385767,"Get Patients Redirect 1",10978,-,10978,100,0.97,1,2,4,10,28,110,4,4
2025-12-09T04:37:20.61385767,"Get Order Types",6159,6159,-,0,0.55,0,1,2,7,34,1063,2,14
2025-12-09T04:37:20.61385767,"Get Order Types Redirect 1",6159,6159,-,0,0.55,1,2,4,9,19,123,3,4
2025-12-09T04:37:20.61385767,"Get Locations That Support Visits",13389,13389,-,0,1.19,0,1,1,5,12,51,1,2
2025-12-09T04:37:20.61385767,"Get Locations That Support Visits Redirect 1",13389,13389,-,0,1.19,1,2,3,9,27,54,3,3
2025-12-09T04:37:20.61385767,"Get Beds for Patient",8588,8588,-,0,0.76,0,1,2,5,21,49,2,2
2025-12-09T04:37:20.61385767,"Get Beds for Patient Redirect 1",8588,8588,-,0,0.76,1,2,4,10,28,66,3,4
2025-12-09T04:37:20.61385767,"Save Ward Encounter",21470,21470,-,0,1.9,0,1,2,5,16,54,2,3
2025-12-09T04:37:20.61385767,"Save Ward Encounter Redirect 1",21470,21470,-,0,1.9,1,2,4,10,24,147,3,3
2025-12-09T04:37:20.61385767,"Save Vitals",5946,5946,-,0,0.53,0,1,2,7,35,698,2,11
2025-12-09T04:37:20.61385767,"Save Vitals Redirect 1",5946,5946,-,0,0.53,1,2,4,10,22,101,3,4
2025-12-09T04:37:20.61385767,"Search for Drug",12318,12318,-,0,1.09,0,1,2,5,10,42,1,2
2025-12-09T04:37:20.61385767,"Search for Drug Redirect 1",12318,12318,-,0,1.09,1,2,4,12,25,179,3,4
2025-12-09T04:37:20.61385767,"Save Drug Order",6159,6159,-,0,0.55,0,1,2,5,20,42,1,2
2025-12-09T04:37:20.61385767,"Save Drug Order Redirect 1",6159,-,6159,100,0.55,1,2,3,10,32,51,3,3
2025-12-09T04:37:20.61385767,"Get Vitals concept reference ranges",8588,8588,-,0,0.76,0,1,1,5,21,52,1,2
2025-12-09T04:37:20.61385767,"Get Vitals concept reference ranges Redirect 1",8588,8588,-,0,0.76,1,2,3,8,21,169,3,4
2025-12-09T04:37:20.61385767,"Get Transfer Locations configuration data",8588,8588,-,0,0.76,0,1,2,6,24,101,2,3
2025-12-09T04:37:20.61385767,"Get Transfer Locations configuration data Redirect 1",8588,8588,-,0,0.76,1,2,3,9,20,72,3,3
2025-12-09T04:37:20.61385767,"Get Transferable locations",8588,8588,-,0,0.76,0,1,1,4,11,42,1,2
2025-12-09T04:37:20.61385767,"Get Transferable locations Redirect 1",8588,8588,-,0,0.76,1,2,3,8,20,49,3,3
2025-12-09T04:37:20.61385767,"Get the details of a orderType",5898,5898,-,0,0.52,0,1,2,5,16,77,1,2
2025-12-09T04:37:20.61385767,"Get the details of a orderType Redirect 1",5898,5898,-,0,0.52,1,2,4,10,22,91,3,3
2025-12-09T04:37:20.61385767,"Get all Lab order details",5898,5898,-,0,0.52,0,1,1,5,20,58,1,2
2025-12-09T04:37:20.61385767,"Get all Lab order details Redirect 1",5898,5898,-,0,0.52,1,2,3,10,58,83,3,3
2025-12-09T04:37:20.61385767,"Add a lab order",5898,5898,-,0,0.52,0,1,1,5,13,34,1,2
2025-12-09T04:37:20.61385767,"Get All Form Encounters",2068,2068,-,0,0.18,0,1,2,4,11,61,2,2
2025-12-09T04:37:20.61385767,"Get All Form Encounters Redirect 1",2068,2068,-,0,0.18,1,2,4,10,20,51,3,3
2025-12-09T04:37:20.61385767,"Add a lab order Redirect 1",5898,-,5898,100,0.52,1,2,3,9,24,55,3,3
2025-12-09T04:37:20.61385767,"Get All Forms",2068,2068,-,0,0.18,0,1,2,5,30,38,1,2
2025-12-09T04:37:20.61385767,"Get All Forms Redirect 1",2068,2068,-,0,0.18,1,2,4,10,29,62,3,4
2025-12-09T04:37:20.61385767,"Get Allergies of Patient",5946,5946,-,0,0.53,0,1,2,7,68,1736,3,31
2025-12-09T04:37:20.61385767,"Get Allergies of Patient Redirect 1",5946,5946,-,0,0.53,1,2,4,9,27,116,3,4
2025-12-09T04:37:20.61385767,"Get Drug Allergens",5946,5946,-,0,0.53,0,1,2,5,24,112,1,3
2025-12-09T04:37:20.61385767,"Get Drug Allergens Redirect 1",5946,5946,-,0,0.53,1,2,4,9,19,71,3,3
2025-12-09T04:37:20.61385767,"Get Environment Allergens",5946,5946,-,0,0.53,0,1,2,4,9,44,1,2
2025-12-09T04:37:20.61385767,"Get Environment Allergens Redirect 1",5946,5946,-,0,0.53,1,2,4,8,19,62,3,3
2025-12-09T04:37:20.61385767,"Get Food Allergens",5946,5946,-,0,0.53,0,1,2,5,18,39,1,2
2025-12-09T04:37:20.61385767,"Get Food Allergens Redirect 1",5946,5946,-,0,0.53,1,2,4,9,35,141,3,4
2025-12-09T04:37:20.61385767,"Get Allergic Reactions Allergens",5946,5946,-,0,0.53,0,1,1,4,11,32,1,2
2025-12-09T04:37:20.61385767,"Get Allergic Reactions Allergens Redirect 1",5946,5946,-,0,0.53,1,2,4,9,27,92,3,3
2025-12-09T04:37:20.61385767,"Get medication request encounters",18477,18477,-,0,1.64,0,1,2,6,21,1357,2,10
2025-12-09T04:37:20.61385767,"Get medication request encounters Redirect 1",18477,-,18477,100,1.64,1,2,4,9,16,157,3,3
2025-12-09T04:37:20.61385767,"Get All Appointment Services(full)",7233,7233,-,0,0.64,0,1,2,5,57,107,2,3
2025-12-09T04:37:20.61385767,"Get All Appointment Services(full) Redirect 1",7233,7233,-,0,0.64,1,2,4,9,27,87,4,4
2025-12-09T04:37:20.61385767,"Get all appointments for a specific day",4822,4822,-,0,0.43,0,1,2,5,16,56,2,2
2025-12-09T04:37:20.61385767,"Get all appointments for a specific day Redirect 1",4822,4822,-,0,0.43,1,2,4,8,24,330,4,6
2025-12-09T04:37:20.61385767,"Get all appointment summaries",4822,4822,-,0,0.43,0,1,2,5,19,55,1,2
2025-12-09T04:37:20.61385767,"Get all appointment summaries Redirect 1",4822,4822,-,0,0.43,1,2,4,10,23,78,3,4
2025-12-09T04:37:20.61385767,"Get Person Attribute Type",8473,8473,-,0,0.75,0,1,1,4,10,48,1,2
2025-12-09T04:37:20.61385767,"Get Person Attribute Type Redirect 1",8473,8473,-,0,0.75,1,2,3,9,29,141,3,4
2025-12-09T04:37:20.61385767,"Get Appointment By Status",19288,19288,-,0,1.71,0,1,2,5,11,44,1,2
2025-12-09T04:37:20.61385767,"Get all patient lists",20568,20568,-,0,1.82,0,1,2,5,17,1688,2,12
2025-12-09T04:37:20.61385767,"Get Appointment By Status Redirect 1",19288,19288,-,0,1.71,1,2,4,9,29,167,3,3
2025-12-09T04:37:20.61385767,"Get all patient lists Redirect 1",20568,20567,1,0,1.82,1,2,4,9,22,117,4,4
2025-12-09T04:37:20.61385767,"Get Ordered Address Hierarchy Levels",8473,8473,-,0,0.75,0,1,1,5,13,42,1,2
2025-12-09T04:37:20.61385767,"Get Ordered Address Hierarchy Levels Redirect 1",8473,8473,-,0,0.75,1,2,3,8,19,56,3,3
2025-12-09T04:37:20.61385767,"Get all default appointment services",4822,4822,-,0,0.43,0,1,1,4,6,44,1,2
2025-12-09T04:37:20.61385767,"Get all default appointment services Redirect 1",4822,4822,-,0,0.43,1,2,3,9,20,75,3,3
2025-12-09T04:37:20.61385767,"Get all visits of the given location with date",4822,4822,-,0,0.43,0,1,1,5,23,45,1,2
2025-12-09T04:37:20.61385767,"Get all visits of the given location with date Redirect 1",4822,4822,-,0,0.43,1,2,3,8,17,49,3,3
2025-12-09T04:37:20.61385767,"Get Patient Allergy Intolerance",6159,6159,-,0,0.55,0,1,2,6,48,1455,2,25
2025-12-09T04:37:20.61385767,"Get Patient Allergy Intolerance Redirect 1",6159,6159,-,0,0.55,1,2,4,10,28,81,3,4
2025-12-09T04:37:20.61385767,"Get All Providers",14729,14729,-,0,1.31,0,1,2,5,15,88,1,2
2025-12-09T04:37:20.61385767,"Get All Providers Redirect 1",14729,14729,-,0,1.31,1,2,4,10,24,73,3,3
2025-12-09T04:37:20.61385767,"Get all active Lab orders",17694,17694,-,0,1.57,0,1,2,5,38,1714,2,14
2025-12-09T04:37:20.61385767,"Get all active Lab orders Redirect 1",17694,17694,-,0,1.57,1,2,4,10,25,122,3,3
2025-12-09T04:37:20.61385767,"Get Lab Orders by full filler status",53082,53082,-,0,4.71,0,1,2,4,15,70,1,2
2025-12-09T04:37:20.61385767,"Get Lab Orders by full filler status Redirect 1",53082,53082,-,0,4.71,1,2,4,9,25,132,3,3
2025-12-09T04:37:20.61385767,"Get Clinical Form by UUID",2068,2068,-,0,0.18,0,1,2,6,47,72,2,3
2025-12-09T04:37:20.61385767,"Get Clinical Form by UUID Redirect 1",2068,-,2068,100,0.18,1,2,4,10,29,277,4,7
2025-12-09T04:37:20.61385767,"Get Encounter Roles",2068,2068,-,0,0.18,0,1,2,6,17,40,2,2
2025-12-09T04:37:20.61385767,"Get Encounter Roles Redirect 1",2068,2068,-,0,0.18,1,3,4,9,27,46,4,3
2025-12-09T04:37:20.61385767,"Get Latest FHIR Encounter",2068,2068,-,0,0.18,0,1,2,6,27,34,2,2
2025-12-09T04:37:20.61385767,"Get Latest FHIR Encounter Redirect 1",2068,-,2068,100,0.18,1,3,4,9,19,36,4,3
2025-12-09T04:37:20.61385767,"Get patient identification photo",23797,23797,-,0,2.11,0,1,2,5,12,58,2,2
2025-12-09T04:37:20.61385767,"Get patient identification photo Redirect 1",23797,23797,-,0,2.11,1,2,4,11,24,140,3,4
2025-12-09T04:37:20.61385767,"Get Person Attributes",4795,4795,-,0,0.43,0,1,2,4,25,50,2,2
2025-12-09T04:37:20.61385767,"Get Person Attributes Redirect 1",4795,4795,-,0,0.43,1,2,4,10,34,48,3,3
2025-12-09T04:37:20.61385767,"Get Patient Identifiers",4795,4795,-,0,0.43,0,1,2,5,38,57,2,2
2025-12-09T04:37:20.61385767,"Get Patient Identifiers Redirect 1",4795,4795,-,0,0.43,1,2,4,9,19,54,3,3
2025-12-09T04:37:20.61385767,"Get Relationships of Person",4795,4795,-,0,0.43,0,1,2,5,36,49,1,2
2025-12-09T04:37:20.61385767,"Get Relationships of Person Redirect 1",4795,4795,-,0,0.43,1,2,4,10,31,42,3,3
2025-12-09T04:37:20.61385767,"Save an Allergy",5946,5946,-,0,0.53,0,1,2,8,59,1623,3,30
2025-12-09T04:37:20.61385767,"Save an Allergy Redirect 1",5946,5946,-,0,0.53,1,2,4,11,48,98,3,4
2025-12-09T04:37:20.61385767,"Create a patient list",5142,5142,-,0,0.46,0,1,2,7,23,56,2,3
2025-12-09T04:37:20.61385767,"Create a patient list Redirect 1",5142,-,5142,100,0.46,1,2,4,10,72,138,3,4
2025-12-09T04:37:20.61385767,"Submit visit queue entry",4273,4273,-,0,0.38,0,1,2,5,32,49,2,2
2025-12-09T04:37:20.61385767,"Submit visit queue entry Redirect 1",4273,-,4273,100,0.38,1,2,4,10,21,48,3,3
2025-12-09T04:37:20.61385767,"Get Order Entry Config",6159,6159,-,0,0.55,0,1,2,6,7,64,2,2
2025-12-09T04:37:20.61385767,"Get Order Entry Config Redirect 1",6159,6159,-,0,0.55,1,3,4,9,20,61,4,3
2025-12-09T04:37:20.61385767,"Get ValueSet by UUID",18477,18477,-,0,1.64,0,1,2,6,24,76,2,2
2025-12-09T04:37:20.61385767,"Get ValueSet by UUID Redirect 1",18477,18477,-,0,1.64,1,3,4,10,29,78,4,4
2025-12-09T04:37:20.61385767,"Get Medication by UUID",6159,6159,-,0,0.55,0,1,2,5,9,54,2,2
2025-12-09T04:37:20.61385767,"Get Medication by UUID Redirect 1",6159,6159,-,0,0.55,1,2,4,9,27,47,3,3
2025-12-09T04:37:20.61385767,"Search Medication by Code",6159,6159,-,0,0.55,0,1,2,4,10,38,1,2
2025-12-09T04:37:20.61385767,"Search Medication by Code Redirect 1",6159,6159,-,0,0.55,1,2,4,9,31,77,3,3
2025-12-09T04:37:20.61385767,"Get Locations Search Set",4294,4294,-,0,0.38,0,1,2,5,23,43,1,2
2025-12-09T04:37:20.61385767,"Get Locations Search Set Redirect 1",4294,4294,-,0,0.38,1,2,4,9,23,277,3,5
2025-12-09T04:37:20.61385767,"Change the session location",4294,4294,-,0,0.38,0,1,1,5,26,41,1,2
2025-12-09T04:37:20.61385767,"Change the session location Redirect 1",4294,4294,-,0,0.38,1,2,3,9,59,76,3,3
2025-12-09T04:37:20.61385767,"Get service concept set",4273,4273,-,0,0.38,0,1,2,6,39,1390,2,22
2025-12-09T04:37:20.61385767,"Get service concept set Redirect 1",4273,-,4273,100,0.38,1,2,4,8,17,117,3,4
2025-12-09T04:37:20.61385767,"Submit new Service queue",4273,4273,-,0,0.38,0,1,2,6,30,59,2,2
2025-12-09T04:37:20.61385767,"Submit new Service queue Redirect 1",4273,-,4273,100,0.38,1,3,4,11,37,56,4,3
2025-12-09T04:37:20.61385767,"Save a clinical form",2068,2068,-,0,0.18,0,1,2,7,25,58,2,4
2025-12-09T04:37:20.61385767,"Save a clinical form Redirect 1",2068,2068,-,0,0.18,1,2,4,9,17,46,3,3
2025-12-09T04:37:20.61385767,"Edit patient details",4795,4795,-,0,0.43,0,1,2,7,45,1549,3,24
2025-12-09T04:37:20.61385767,"Edit patient details Redirect 1",4795,4795,-,0,0.43,1,2,4,10,21,137,3,4
2025-12-09T04:37:20.61385767,"Check Appointment Conflicts",2411,2411,-,0,0.21,0,1,2,7,67,1621,3,33
2025-12-09T04:37:20.61385767,"Check Appointment Conflicts Redirect 1",2411,2411,-,0,0.21,1,2,4,10,47,116,3,4
2025-12-09T04:37:20.61385767,"Create Appointment",2411,2411,-,0,0.21,0,1,2,5,31,46,1,2
2025-12-09T04:37:20.61385767,"Create Appointment Redirect 1",2411,-,2411,100,0.21,1,2,3,10,34,42,3,3
2025-12-09T04:37:20.61385767,"Submit transition request",4273,4273,-,0,0.38,0,1,2,7,26,343,2,6
2025-12-09T04:37:20.61385767,"Submit transition request Redirect 1",4273,4273,-,0,0.38,1,2,4,9,22,116,3,4
2025-12-09T04:37:20.61385767,"Get Patient Encounters",2068,2068,-,0,0.18,0,1,2,5,35,48,1,2
2025-12-09T04:37:20.61385767,"Get Patient Encounters Redirect 1",2068,2068,-,0,0.18,1,2,4,10,37,60,3,3
2025-12-09T04:37:20.61385767,"Get Lab Results of Patient",4136,4136,-,0,0.37,0,1,2,5,36,55,1,2
2025-12-09T04:37:20.61385767,"Get Lab Results of Patient Redirect 1",4136,-,4136,100,0.37,1,2,4,9,43,160,3,4
2025-12-09T04:37:20.61385767,"Generate OMRS Identifier",3678,3678,-,0,0.33,0,1,2,7,37,1349,2,22
2025-12-09T04:37:20.61385767,"Generate OMRS Identifier Redirect 1",3678,-,3678,100,0.33,1,2,4,7,22,84,3,3
2025-12-09T04:37:20.61385767,"Get Alkaline concept details",5898,5898,-,0,0.52,0,1,2,7,25,244,2,5
2025-12-09T04:37:20.61385767,"Get Alkaline concept details Redirect 1",5898,5898,-,0,0.52,1,2,4,10,45,98,4,4
2025-12-09T04:37:20.61385767,"Update the Lab Order Completion",5898,5898,-,0,0.52,0,1,2,4,10,58,1,2
2025-12-09T04:37:20.61385767,"Update the Lab Order Completion Redirect 1",5898,5898,-,0,0.52,1,2,4,8,19,64,3,3
2025-12-09T04:37:20.61385767,"Get Visits With Diagnoses and Notes (new endpoint)",2068,2068,-,0,0.18,0,1,2,8,65,829,3,24
2025-12-09T04:37:20.61385767,"Get Visits With Diagnoses and Notes (new endpoint) Redirect 1",2068,2068,-,0,0.18,1,2,4,12,61,106,3,4
2025-12-09T04:37:20.61385767,"Discontinue the drug order",6159,6159,-,0,0.55,0,1,2,6,14,59,2,3
2025-12-09T04:37:20.61385767,"Discontinue the drug order Redirect 1",6159,6159,-,0,0.55,1,3,4,10,13,64,4,4
2025-12-09T04:37:20.61385767,"Get Drug Orders except the cancelled and expired",2068,2068,-,0,0.18,0,1,2,8,262,1255,3,28
2025-12-09T04:37:20.61385767,"Get Drug Orders except the cancelled and expired Redirect 1",2068,2068,-,0,0.18,1,2,4,9,20,36,3,3
2025-12-09T04:37:20.61385767,"Get Drug Orders except the discontinued orders",2068,2068,-,0,0.18,0,1,2,5,64,95,1,3
2025-12-09T04:37:20.61385767,"Get Drug Orders except the discontinued orders Redirect 1",2068,2068,-,0,0.18,1,2,4,9,25,77,3,4
2025-12-09T04:37:20.61385767,"Get Observation Tree Details",6204,6204,-,0,0.55,0,1,2,5,35,1461,2,19
2025-12-09T04:37:20.61385767,"Get Observation Tree Details Redirect 1",6204,6204,-,0,0.55,1,2,4,8,20,77,3,4
2025-12-09T04:37:20.61385767,"Search for Condition",4136,4136,-,0,0.37,0,1,2,6,42,1577,2,25
2025-12-09T04:37:20.61385767,"Search for Condition Redirect 1",4136,4136,-,0,0.37,1,2,4,10,33,52,3,3
2025-12-09T04:37:20.61385767,"Get Immunizations of Patient",4136,4136,-,0,0.37,0,1,2,5,20,56,2,3
2025-12-09T04:37:20.61385767,"Get Immunizations of Patient Redirect 1",4136,4136,-,0,0.37,1,2,4,10,42,56,3,3
2025-12-09T04:37:20.61385767,"Get all immunizations",2068,2068,-,0,0.18,0,1,2,4,10,27,1,2
2025-12-09T04:37:20.61385767,"Get all immunizations Redirect 1",2068,2068,-,0,0.18,1,2,4,8,17,47,3,3
2025-12-09T04:37:20.61385767,"Submit Patient immunization",2068,2068,-,0,0.18,0,1,2,7,19,44,2,3
2025-12-09T04:37:20.61385767,"Submit Patient immunization Redirect 1",2068,2068,-,0,0.18,1,2,4,11,38,53,3,3
2025-12-09T04:37:20.61385767,"Get Attachments of Patient",4136,4136,-,0,0.37,0,1,2,6,19,49,2,3
2025-12-09T04:37:20.61385767,"Get Attachments of Patient Redirect 1",4136,4136,-,0,0.37,1,2,4,11,20,37,3,3
2025-12-09T04:37:20.61385767,"Get Allowed File Extensions",2068,2068,-,0,0.18,0,1,2,5,44,56,1,2
2025-12-09T04:37:20.61385767,"Get Allowed File Extensions Redirect 1",2068,2068,-,0,0.18,1,2,3,9,18,52,3,3
2025-12-09T04:37:20.61385767,"Get Programs",4136,4136,-,0,0.37,0,1,2,4,44,1206,2,19
2025-12-09T04:37:20.61385767,"Get Programs Redirect 1",4136,4136,-,0,0.37,1,2,4,10,70,87,3,3
2025-12-09T04:37:20.61385767,"Add new program to patient",2068,2068,-,0,0.18,0,1,1,4,13,35,1,2
2025-12-09T04:37:20.61385767,"Add new program to patient Redirect 1",2068,-,2068,100,0.18,1,2,3,8,26,41,3,3
2025-12-09T04:37:20.61385767,"Upload Attachment Request",2068,2068,-,0,0.18,3,6,8,14,28,49,7,4
2025-12-09T04:37:20.61385767,"Upload Attachment Request Redirect 1",2068,2068,-,0,0.18,1,2,4,12,31,40,4,3
2025-12-10T04:37:01.764574466,"Login",44715,44715,-,0,3.96,0,1,2,4,8,830,2,5
2025-12-10T04:37:01.764574466,"Login Redirect 1",44715,-,44715,100,3.96,1,2,3,7,14,198,3,3
2025-12-10T04:37:01.764574466,"Get locations",51088,51088,-,0,4.53,0,1,2,5,14,1571,2,14
2025-12-10T04:37:01.764574466,"Get locations Redirect 1",51088,51088,-,0,4.53,1,2,3,7,15,223,3,3
2025-12-10T04:37:01.764574466,"Select Location",44715,44715,-,0,3.96,0,1,2,5,14,1493,2,15
2025-12-10T04:37:01.764574466,"Select Location Redirect 1",44715,44715,-,0,3.96,1,2,3,8,15,220,3,4
2025-12-10T04:37:01.764574466,"Get Address Template",53198,53198,-,0,4.71,0,1,1,4,8,1232,1,8
2025-12-10T04:37:01.764574466,"Get Address Template Redirect 1",53198,53198,-,0,4.71,1,2,3,7,14,200,3,3
2025-12-10T04:37:01.764574466,"Get Relationship Types",53198,53198,-,0,4.71,0,1,1,4,6,54,1,2
2025-12-10T04:37:01.764574466,"Get Relationship Types Redirect 1",53198,53198,-,0,4.71,1,2,3,7,14,200,3,3
2025-12-10T04:37:01.764574466,"Get Appointments for Specific Date",44715,44715,-,0,3.96,0,1,1,4,7,58,1,2
2025-12-10T04:37:01.764574466,"Get Appointments for Specific Date Redirect 1",44715,44715,-,0,3.96,1,2,3,7,14,149,3,3
2025-12-10T04:37:01.764574466,"Get Module Information",59101,59101,-,0,5.24,0,1,1,3,7,50,1,2
2025-12-10T04:37:01.764574466,"Get Module Information Redirect 1",59101,59101,-,0,5.24,1,2,3,7,13,1842,3,8
2025-12-10T04:37:01.764574466,"Get Patient Identifier Types",53198,53198,-,0,4.71,0,1,1,3,6,84,1,2
2025-12-10T04:37:01.764574466,"Get Patient Identifier Types Redirect 1",53198,53198,-,0,4.71,1,2,3,7,14,1850,3,8
2025-12-10T04:37:01.764574466,"Get Primary Identifier Term Mapping",96517,96517,-,0,8.55,0,1,1,4,7,1745,1,8
2025-12-10T04:37:01.764574466,"Get Primary Identifier Term Mapping Redirect 1",96517,96517,-,0,8.55,1,2,3,7,14,198,3,3
2025-12-10T04:37:01.764574466,"Get Identifier Source",97913,97913,-,0,8.68,0,1,1,3,6,64,1,1
2025-12-10T04:37:01.764574466,"Get Identifier Source Redirect 1",97913,97913,-,0,8.68,1,2,3,7,13,138,3,3
2025-12-10T04:37:01.764574466,"Get Locations by Tag and Query",66358,66358,-,0,5.88,0,1,1,4,7,1766,1,8
2025-12-10T04:37:01.764574466,"Get Locations by Tag and Query Redirect 1",66358,66358,-,0,5.88,1,2,3,7,13,55,3,3
2025-12-10T04:37:01.764574466,"Get Visits",47128,47128,-,0,4.18,0,1,1,3,6,39,1,1
2025-12-10T04:37:01.764574466,"Get Visits Redirect 1",47128,47128,-,0,4.18,1,2,3,7,13,62,3,3
2025-12-10T04:37:01.764574466,"Get Auto Generation Options",53198,53198,-,0,4.71,0,1,1,3,6,50,1,1
2025-12-10T04:37:01.764574466,"Get Auto Generation Options Redirect 1",53198,53198,-,0,4.71,1,2,3,7,13,55,3,3
2025-12-10T04:37:01.764574466,"Get Queue Entry",59965,59965,-,0,5.31,0,1,1,4,7,50,1,1
2025-12-10T04:37:01.764574466,"Get Queue Entry Redirect 1",59965,59965,-,0,5.31,1,2,3,7,14,67,3,3
2025-12-10T04:37:01.764574466,"Get Visit Types",27546,27546,-,0,2.44,0,1,2,6,45,1783,2,21
2025-12-10T04:37:01.764574466,"Get Visit Types Redirect 1",27546,27546,-,0,2.44,1,2,3,8,21,225,3,3
2025-12-10T04:37:01.764574466,"Get Current Visit of Patient",46702,46702,-,0,4.14,0,1,2,4,10,1053,1,6
2025-12-10T04:37:01.764574466,"Get Current Visit of Patient Redirect 1",46702,46702,-,0,4.14,1,2,3,8,16,217,3,3
2025-12-10T04:37:01.764574466,"Get Visits of Patient",48775,48775,-,0,4.32,0,1,1,4,25,1289,1,10
2025-12-10T04:37:01.764574466,"Get Visits of Patient Redirect 1",48775,48775,-,0,4.32,1,2,3,8,15,209,3,4
2025-12-10T04:37:01.764574466,"Get Program Enrollments of Patient",31352,31352,-,0,2.78,0,1,1,4,13,62,1,2
2025-12-10T04:37:01.764574466,"Get Program Enrollments of Patient Redirect 1",31352,31352,-,0,2.78,1,2,3,8,19,64,3,3
2025-12-10T04:37:01.764574466,"Get Visit Queue Entry",39035,39035,-,0,3.46,0,1,1,4,7,43,1,1
2025-12-10T04:37:01.764574466,"Get Visit Queue Entry Redirect 1",39035,39035,-,0,3.46,1,2,3,7,14,91,3,3
2025-12-10T04:37:01.764574466,"Get Appointments of a Patient",27206,27206,-,0,2.41,0,1,1,4,15,37,1,1
2025-12-10T04:37:01.764574466,"Get Appointments of a Patient Redirect 1",27206,27206,-,0,2.41,1,2,3,7,17,194,3,3
2025-12-10T04:37:01.764574466,"Get Patient Summary Data",44626,44626,-,0,3.96,0,1,2,4,11,1781,2,15
2025-12-10T04:37:01.764574466,"Get Patient Summary Data Redirect 1",44626,-,44626,100,3.96,1,2,3,8,15,139,3,3
2025-12-10T04:37:01.764574466,"Get Active Visits of Patient",70857,70857,-,0,6.28,0,1,2,4,10,1758,2,13
2025-12-10T04:37:01.764574466,"Get Active Visits of Patient Redirect 1",70857,70857,-,0,6.28,1,2,3,8,15,175,3,3
2025-12-10T04:37:01.764574466,"Get isVisitsEnabled",31010,31010,-,0,2.75,0,1,1,4,9,75,1,2
2025-12-10T04:37:01.764574466,"Get isVisitsEnabled Redirect 1",31010,31010,-,0,2.75,1,2,3,7,15,139,3,3
2025-12-10T04:37:01.764574466,"Get the status of patient death",42553,42553,-,0,3.77,0,1,1,4,9,41,1,2
2025-12-10T04:37:01.764574466,"Get the status of patient death Redirect 1",42553,42553,-,0,3.77,1,2,3,7,15,172,3,3
2025-12-10T04:37:01.764574466,"Get all the constraints on the vital concepts",31010,31010,-,0,2.75,0,1,1,4,7,37,1,2
2025-12-10T04:37:01.764574466,"Get all the constraints on the vital concepts Redirect 1",31010,31010,-,0,2.75,1,2,3,7,17,58,3,3
2025-12-10T04:37:01.764574466,"Get Patient Observations",76689,76689,-,0,6.8,0,1,1,4,8,1022,1,4
2025-12-10T04:37:01.764574466,"Get Patient Observations Redirect 1",76689,76689,-,0,6.8,1,2,3,7,14,1862,3,7
2025-12-10T04:37:01.764574466,"Get Patient Conditions",29040,29040,-,0,2.57,0,1,1,4,10,44,1,2
2025-12-10T04:37:01.764574466,"Get Patient Conditions Redirect 1",29040,29040,-,0,2.57,1,2,3,7,15,118,3,3
2025-12-10T04:37:01.764574466,"Get Active Orders",24894,24894,-,0,2.21,0,1,1,4,8,48,1,1
2025-12-10T04:37:01.764574466,"Get Active Orders Redirect 1",24894,24894,-,0,2.21,1,2,3,7,16,45,3,2
2025-12-10T04:37:01.764574466,"Submit Visit Form",25133,25133,-,0,2.23,0,1,1,4,28,1497,2,18
2025-12-10T04:37:01.764574466,"Submit Visit Form Redirect 1",25133,-,25133,100,2.23,1,2,3,8,23,225,3,3
2025-12-10T04:37:01.764574466,"Get Admission Location Info",8600,8600,-,0,0.76,0,1,1,4,18,692,1,8
2025-12-10T04:37:01.764574466,"Get Admission Location Info Redirect 1",8600,8600,-,0,0.76,1,2,3,8,21,84,3,3
2025-12-10T04:37:01.764574466,"Get Admission Info",8600,8600,-,0,0.76,0,1,1,4,8,46,1,2
2025-12-10T04:37:01.764574466,"Get Admission Info Redirect 1",8600,-,8600,100,0.76,1,2,3,8,22,130,3,3
2025-12-10T04:37:01.764574466,"Get Inpatient Request",8600,8600,-,0,0.76,0,1,2,4,11,46,2,2
2025-12-10T04:37:01.764574466,"Get Inpatient Request Redirect 1",8600,-,8600,100,0.76,1,2,4,10,22,52,3,3
2025-12-10T04:37:01.764574466,"Get Patients",10992,10992,-,0,0.97,0,1,2,5,33,1737,2,21
2025-12-10T04:37:01.764574466,"Get Patients Redirect 1",10992,-,10992,100,0.97,1,2,3,9,21,151,3,3
2025-12-10T04:37:01.764574466,"Get Order Types",6165,6165,-,0,0.55,0,1,2,6,18,38,2,2
2025-12-10T04:37:01.764574466,"Get Order Types Redirect 1",6165,6165,-,0,0.55,1,2,3,8,24,37,3,3
2025-12-10T04:37:01.764574466,"Get Locations That Support Visits",13405,13405,-,0,1.19,0,1,1,4,10,46,1,2
2025-12-10T04:37:01.764574466,"Get Locations That Support Visits Redirect 1",13405,13405,-,0,1.19,1,2,3,9,23,54,3,3
2025-12-10T04:37:01.764574466,"Get Beds for Patient",8600,8600,-,0,0.76,0,1,2,4,9,56,1,2
2025-12-10T04:37:01.764574466,"Get Beds for Patient Redirect 1",8600,8600,-,0,0.76,1,2,3,9,28,216,3,4
2025-12-10T04:37:01.764574466,"Save Ward Encounter",21500,21500,-,0,1.91,0,1,1,4,9,1602,1,11
2025-12-10T04:37:01.764574466,"Save Ward Encounter Redirect 1",21500,21500,-,0,1.91,1,2,3,8,17,140,3,3
2025-12-10T04:37:01.764574466,"Save Vitals",5951,5951,-,0,0.53,0,1,2,5,20,40,2,3
2025-12-10T04:37:01.764574466,"Save Vitals Redirect 1",5951,5951,-,0,0.53,1,2,3,9,27,33,3,3
2025-12-10T04:37:01.764574466,"Search for Drug",12330,12330,-,0,1.09,0,1,1,4,10,67,1,2
2025-12-10T04:37:01.764574466,"Search for Drug Redirect 1",12330,12330,-,0,1.09,1,2,3,8,18,197,3,3
2025-12-10T04:37:01.764574466,"Save Drug Order",6165,6165,-,0,0.55,0,1,1,4,21,27,1,1
2025-12-10T04:37:01.764574466,"Save Drug Order Redirect 1",6165,-,6165,100,0.55,1,2,3,9,87,148,3,3
2025-12-10T04:37:01.764574466,"Get Vitals concept reference ranges",8600,8600,-,0,0.76,0,1,1,4,9,42,1,2
2025-12-10T04:37:01.764574466,"Get Vitals concept reference ranges Redirect 1",8600,8600,-,0,0.76,1,2,3,7,19,39,3,2
2025-12-10T04:37:01.764574466,"Get Transfer Locations configuration data",8600,8600,-,0,0.76,0,1,1,4,24,1180,2,13
2025-12-10T04:37:01.764574466,"Get Transfer Locations configuration data Redirect 1",8600,8600,-,0,0.76,1,2,3,6,16,177,3,3
2025-12-10T04:37:01.764574466,"Get Transferable locations",8600,8600,-,0,0.76,0,1,1,4,12,36,1,2
2025-12-10T04:37:01.764574466,"Get Transferable locations Redirect 1",8600,8600,-,0,0.76,1,2,3,8,18,44,3,3
2025-12-10T04:37:01.764574466,"Get the details of a orderType",5903,5903,-,0,0.52,0,1,1,4,5,48,1,2
2025-12-10T04:37:01.764574466,"Get the details of a orderType Redirect 1",5903,5903,-,0,0.52,1,2,3,9,37,46,3,3
2025-12-10T04:37:01.764574466,"Get all Lab order details",5903,5903,-,0,0.52,0,1,1,3,15,37,1,1
2025-12-10T04:37:01.764574466,"Get all Lab order details Redirect 1",5903,5903,-,0,0.52,1,2,3,8,24,39,3,3
2025-12-10T04:37:01.764574466,"Add a lab order",5903,5903,-,0,0.52,0,1,1,3,10,27,1,2
2025-12-10T04:37:01.764574466,"Add a lab order Redirect 1",5903,-,5903,100,0.52,1,2,3,8,38,47,3,3
2025-12-10T04:37:01.764574466,"Get All Form Encounters",2073,2073,-,0,0.18,0,1,1,4,9,33,1,2
2025-12-10T04:37:01.764574466,"Get All Form Encounters Redirect 1",2073,2073,-,0,0.18,1,2,3,6,24,37,3,2
2025-12-10T04:37:01.764574466,"Get All Forms",2073,2073,-,0,0.18,0,1,1,4,12,16,1,1
2025-12-10T04:37:01.764574466,"Get All Forms Redirect 1",2073,2073,-,0,0.18,1,2,3,9,18,35,3,3
2025-12-10T04:37:01.764574466,"Get Allergies of Patient",5951,5951,-,0,0.53,0,1,2,5,34,1711,2,22
2025-12-10T04:37:01.764574466,"Get Allergies of Patient Redirect 1",5951,5951,-,0,0.53,1,2,3,8,19,211,3,4
2025-12-10T04:37:01.764574466,"Get Drug Allergens",5951,5951,-,0,0.53,0,1,1,4,15,43,1,2
2025-12-10T04:37:01.764574466,"Get Drug Allergens Redirect 1",5951,5951,-,0,0.53,1,2,3,9,19,37,3,3
2025-12-10T04:37:01.764574466,"Get Environment Allergens",5951,5951,-,0,0.53,0,1,1,5,9,46,1,2
2025-12-10T04:37:01.764574466,"Get Environment Allergens Redirect 1",5951,5951,-,0,0.53,1,2,3,10,19,48,3,3
2025-12-10T04:37:01.764574466,"Get Food Allergens",5951,5951,-,0,0.53,0,1,1,4,4,22,1,1
2025-12-10T04:37:01.764574466,"Get Food Allergens Redirect 1",5951,5951,-,0,0.53,1,2,3,8,20,42,3,3
2025-12-10T04:37:01.764574466,"Get Allergic Reactions Allergens",5951,5951,-,0,0.53,0,1,1,4,8,35,1,1
2025-12-10T04:37:01.764574466,"Get Allergic Reactions Allergens Redirect 1",5951,5951,-,0,0.53,1,2,3,8,18,99,3,3
2025-12-10T04:37:01.764574466,"Get medication request encounters",18495,18495,-,0,1.64,0,1,2,8,49,1678,2,20
2025-12-10T04:37:01.764574466,"Get medication request encounters Redirect 1",18495,-,18495,100,1.64,1,2,3,7,18,264,3,4
2025-12-10T04:37:01.764574466,"Get All Appointment Services(full)",7239,7239,-,0,0.64,0,1,2,4,10,45,2,2
2025-12-10T04:37:01.764574466,"Get All Appointment Services(full) Redirect 1",7239,7239,-,0,0.64,1,2,3,9,34,44,3,3
2025-12-10T04:37:01.764574466,"Get all appointments for a specific day",4826,4826,-,0,0.43,0,1,1,4,9,36,1,2
2025-12-10T04:37:01.764574466,"Get all appointments for a specific day Redirect 1",4826,4826,-,0,0.43,1,2,3,8,133,200,3,4
2025-12-10T04:37:01.764574466,"Get all appointment summaries",4826,4826,-,0,0.43,0,1,1,4,34,45,1,2
2025-12-10T04:37:01.764574466,"Get all appointment summaries Redirect 1",4826,4826,-,0,0.43,1,2,3,8,16,46,3,3
2025-12-10T04:37:01.764574466,"Get Appointment By Status",19304,19304,-,0,1.71,0,1,1,4,14,42,1,2
2025-12-10T04:37:01.764574466,"Get Appointment By Status Redirect 1",19304,19304,-,0,1.71,1,2,3,8,18,57,3,3
2025-12-10T04:37:01.764574466,"Get all patient lists",20592,20592,-,0,1.83,0,1,2,4,12,52,1,2
2025-12-10T04:37:01.764574466,"Get all patient lists Redirect 1",20592,20592,-,0,1.83,1,2,3,8,20,206,3,3
2025-12-10T04:37:01.764574466,"Get all default appointment services",4826,4826,-,0,0.43,0,1,1,4,11,24,1,1
2025-12-10T04:37:01.764574466,"Get all default appointment services Redirect 1",4826,4826,-,0,0.43,1,2,3,7,17,37,3,2
2025-12-10T04:37:01.764574466,"Get all visits of the given location with date",4826,4826,-,0,0.43,0,1,1,3,9,68,1,2
2025-12-10T04:37:01.764574466,"Get all visits of the given location with date Redirect 1",4826,4826,-,0,0.43,1,2,3,7,27,45,3,3
2025-12-10T04:37:01.764574466,"Get Person Attribute Type",8483,8483,-,0,0.75,0,1,1,4,8,32,1,1
2025-12-10T04:37:01.764574466,"Get Person Attribute Type Redirect 1",8483,8483,-,0,0.75,1,2,3,7,15,43,3,3
2025-12-10T04:37:01.764574466,"Get Ordered Address Hierarchy Levels",8483,8483,-,0,0.75,0,1,1,3,7,43,1,1
2025-12-10T04:37:01.764574466,"Get Ordered Address Hierarchy Levels Redirect 1",8483,8483,-,0,0.75,1,2,3,7,45,76,3,3
2025-12-10T04:37:01.764574466,"Get Patient Allergy Intolerance",6165,6165,-,0,0.55,0,1,2,5,33,1223,2,16
2025-12-10T04:37:01.764574466,"Get Patient Allergy Intolerance Redirect 1",6165,6165,-,0,0.55,1,2,3,8,24,92,3,3
2025-12-10T04:37:01.764574466,"Get All Providers Redirect 1",14743,14743,-,0,1.31,1,2,3,9,16,48,3,3
2025-12-10T04:37:01.764574466,"Get All Providers",14743,14743,-,0,1.31,0,1,1,4,7,41,1,2
2025-12-10T04:37:01.764574466,"Get all active Lab orders",17709,17709,-,0,1.57,0,1,2,6,16,51,2,2
2025-12-10T04:37:01.764574466,"Get all active Lab orders Redirect 1",17709,17709,-,0,1.57,1,2,3,8,23,145,3,3
2025-12-10T04:37:01.764574466,"Get Lab Orders by full filler status",53127,53127,-,0,4.71,0,1,1,4,8,46,1,2
2025-12-10T04:37:01.764574466,"Get Lab Orders by full filler status Redirect 1",53127,53127,-,0,4.71,1,2,3,8,17,168,3,3
2025-12-10T04:37:01.764574466,"Get Clinical Form by UUID",2073,2073,-,0,0.18,0,1,2,4,11,52,1,3
2025-12-10T04:37:01.764574466,"Get Clinical Form by UUID Redirect 1",2073,-,2073,100,0.18,1,2,3,9,21,43,3,3
2025-12-10T04:37:01.764574466,"Get Encounter Roles",2073,2073,-,0,0.18,0,1,2,6,17,25,2,2
2025-12-10T04:37:01.764574466,"Get Encounter Roles Redirect 1",2073,2073,-,0,0.18,1,2,4,8,31,193,4,6
2025-12-10T04:37:01.764574466,"Get Latest FHIR Encounter",2073,2073,-,0,0.18,0,1,2,6,28,46,2,2
2025-12-10T04:37:01.764574466,"Get Latest FHIR Encounter Redirect 1",2073,-,2073,100,0.18,1,2,4,9,38,48,3,3
2025-12-10T04:37:01.764574466,"Save an Allergy",5951,5951,-,0,0.53,0,1,2,6,44,1705,2,25
2025-12-10T04:37:01.764574466,"Save an Allergy Redirect 1",5951,5951,-,0,0.53,1,2,3,8,23,52,3,3
2025-12-10T04:37:01.764574466,"Get patient identification photo",23824,23824,-,0,2.11,0,1,2,5,31,48,1,2
2025-12-10T04:37:01.764574466,"Get patient identification photo Redirect 1",23824,23824,-,0,2.11,1,2,3,8,26,48,3,3
2025-12-10T04:37:01.764574466,"Get Person Attributes",4802,4802,-,0,0.43,0,1,2,4,13,38,2,2
2025-12-10T04:37:01.764574466,"Get Person Attributes Redirect 1",4802,4802,-,0,0.43,1,2,3,9,17,43,3,3
2025-12-10T04:37:01.764574466,"Get Patient Identifiers",4802,4802,-,0,0.43,0,1,1,4,15,30,1,2
2025-12-10T04:37:01.764574466,"Get Patient Identifiers Redirect 1",4802,4802,-,0,0.43,1,2,3,7,14,39,3,3
2025-12-10T04:37:01.764574466,"Get Relationships of Person",4802,4802,-,0,0.43,0,1,1,4,14,31,1,1
2025-12-10T04:37:01.764574466,"Get Relationships of Person Redirect 1",4802,4802,-,0,0.43,1,2,3,9,27,37,3,2
2025-12-10T04:37:01.764574466,"Create a patient list",5148,5148,-,0,0.46,0,1,2,5,61,1801,3,36
2025-12-10T04:37:01.764574466,"Create a patient list Redirect 1",5148,-,5148,100,0.46,1,2,4,10,125,188,3,5
2025-12-10T04:37:01.764574466,"Submit visit queue entry",4279,4279,-,0,0.38,0,1,2,4,12,28,1,1
2025-12-10T04:37:01.764574466,"Submit visit queue entry Redirect 1",4279,-,4279,100,0.38,1,2,4,9,17,62,3,3
2025-12-10T04:37:01.764574466,"Get Order Entry Config",6165,6165,-,0,0.55,0,1,2,5,33,51,2,2
2025-12-10T04:37:01.764574466,"Get Order Entry Config Redirect 1",6165,6165,-,0,0.55,1,2,4,10,42,59,3,3
2025-12-10T04:37:01.764574466,"Get ValueSet by UUID",18495,18495,-,0,1.64,0,1,2,5,13,39,1,2
2025-12-10T04:37:01.764574466,"Get ValueSet by UUID Redirect 1",18495,18495,-,0,1.64,1,2,4,8,29,161,3,3
2025-12-10T04:37:01.764574466,"Get Medication by UUID",6165,6165,-,0,0.55,0,1,1,4,9,39,1,2
2025-12-10T04:37:01.764574466,"Get Medication by UUID Redirect 1",6165,6165,-,0,0.55,1,2,3,10,31,61,3,3
2025-12-10T04:37:01.764574466,"Search Medication by Code",6165,6165,-,0,0.55,0,1,1,4,11,39,1,2
2025-12-10T04:37:01.764574466,"Search Medication by Code Redirect 1",6165,6165,-,0,0.55,1,2,3,8,23,41,3,3
2025-12-10T04:37:01.764574466,"Get Locations Search Set",4300,4300,-,0,0.38,0,1,1,4,11,30,1,1
2025-12-10T04:37:01.764574466,"Get Locations Search Set Redirect 1",4300,4300,-,0,0.38,1,2,3,9,42,54,3,3
2025-12-10T04:37:01.764574466,"Change the session location",4300,4300,-,0,0.38,0,1,1,3,7,35,1,1
2025-12-10T04:37:01.764574466,"Change the session location Redirect 1",4300,4300,-,0,0.38,1,2,3,8,13,45,3,3
2025-12-10T04:37:01.764574466,"Get service concept set",4279,4279,-,0,0.38,0,1,1,5,271,1483,2,24
2025-12-10T04:37:01.764574466,"Get service concept set Redirect 1",4279,-,4279,100,0.38,1,2,3,9,10,59,3,3
2025-12-10T04:37:01.764574466,"Submit new Service queue",4279,4279,-,0,0.38,0,1,2,6,55,74,2,2
2025-12-10T04:37:01.764574466,"Submit new Service queue Redirect 1",4279,-,4279,100,0.38,1,2,4,9,22,203,3,5
2025-12-10T04:37:01.764574466,"Save a clinical form",2073,2073,-,0,0.18,0,1,1,6,16,29,2,2
2025-12-10T04:37:01.764574466,"Save a clinical form Redirect 1",2073,2073,-,0,0.18,1,2,3,7,16,29,3,2
2025-12-10T04:37:01.764574466,"Edit patient details",4802,4802,-,0,0.43,0,1,2,5,21,820,2,12
2025-12-10T04:37:01.764574466,"Edit patient details Redirect 1",4802,4802,-,0,0.43,1,2,3,8,58,141,3,3
2025-12-10T04:37:01.764574466,"Check Appointment Conflicts",2413,2413,-,0,0.21,0,1,2,6,37,1252,2,26
2025-12-10T04:37:01.764574466,"Check Appointment Conflicts Redirect 1",2413,2413,-,0,0.21,1,2,3,7,22,78,3,3
2025-12-10T04:37:01.764574466,"Create Appointment",2413,2413,-,0,0.21,0,1,1,4,13,44,1,2
2025-12-10T04:37:01.764574466,"Create Appointment Redirect 1",2413,-,2413,100,0.21,1,2,3,8,23,62,3,3
2025-12-10T04:37:01.764574466,"Submit transition request",4279,4279,-,0,0.38,0,1,2,6,19,40,2,3
2025-12-10T04:37:01.764574466,"Submit transition request Redirect 1",4279,4279,-,0,0.38,1,2,3,8,20,61,3,3
2025-12-10T04:37:01.764574466,"Get Patient Encounters",2073,2073,-,0,0.18,0,1,1,4,19,69,1,2
2025-12-10T04:37:01.764574466,"Get Patient Encounters Redirect 1",2073,2073,-,0,0.18,1,2,3,11,108,142,3,6
2025-12-10T04:37:01.764574466,"Get Lab Results of Patient",4146,4146,-,0,0.37,0,1,1,4,21,27,1,2
2025-12-10T04:37:01.764574466,"Get Lab Results of Patient Redirect 1",4146,-,4146,100,0.37,1,2,3,9,17,48,3,3
2025-12-10T04:37:01.764574466,"Generate OMRS Identifier",3681,3681,-,0,0.33,0,1,2,6,134,1711,3,44
2025-12-10T04:37:01.764574466,"Generate OMRS Identifier Redirect 1",3681,-,3681,100,0.33,1,2,3,8,46,108,3,3
2025-12-10T04:37:01.764574466,"Get Alkaline concept details",5903,5903,-,0,0.52,0,1,2,10,1077,1626,2,21
2025-12-10T04:37:01.764574466,"Get Alkaline concept details Redirect 1",5903,5903,-,0,0.52,1,2,3,8,25,130,3,4
2025-12-10T04:37:01.764574466,"Update the Lab Order Completion",5903,5903,-,0,0.52,0,1,1,4,9,39,1,2
2025-12-10T04:37:01.764574466,"Update the Lab Order Completion Redirect 1",5903,5903,-,0,0.52,1,2,3,8,19,62,3,3
2025-12-10T04:37:01.764574466,"Get Visits With Diagnoses and Notes (new endpoint)",2073,2073,-,0,0.18,0,1,2,11,301,1384,2,30
2025-12-10T04:37:01.764574466,"Get Visits With Diagnoses and Notes (new endpoint) Redirect 1",2073,2073,-,0,0.18,1,2,3,9,37,45,3,3
2025-12-10T04:37:01.764574466,"Discontinue the drug order",6165,6165,-,0,0.55,0,1,2,5,40,73,2,2
2025-12-10T04:37:01.764574466,"Discontinue the drug order Redirect 1",6165,6165,-,0,0.55,1,2,4,8,25,177,3,4
2025-12-10T04:37:01.764574466,"Get Drug Orders except the cancelled and expired",2073,2073,-,0,0.18,0,1,2,6,14,32,2,3
2025-12-10T04:37:01.764574466,"Get Drug Orders except the cancelled and expired Redirect 1",2073,2073,-,0,0.18,1,2,3,9,28,35,3,3
2025-12-10T04:37:01.764574466,"Get Drug Orders except the discontinued orders",2073,2073,-,0,0.18,0,1,1,4,10,47,1,2
2025-12-10T04:37:01.764574466,"Get Drug Orders except the discontinued orders Redirect 1",2073,2073,-,0,0.18,1,2,3,9,14,34,3,3
2025-12-10T04:37:01.764574466,"Get Observation Tree Details",6219,6219,-,0,0.55,0,1,1,4,13,45,1,2
2025-12-10T04:37:01.764574466,"Get Observation Tree Details Redirect 1",6219,6219,-,0,0.55,1,2,3,6,17,51,3,3
2025-12-10T04:37:01.764574466,"Search for Condition",4146,4146,-,0,0.37,0,1,2,6,15,39,2,3
2025-12-10T04:37:01.764574466,"Search for Condition Redirect 1",4146,4146,-,0,0.37,1,2,3,8,18,38,3,3
2025-12-10T04:37:01.764574466,"Get Immunizations of Patient",4146,4146,-,0,0.37,0,1,1,6,26,44,1,2
2025-12-10T04:37:01.764574466,"Get Immunizations of Patient Redirect 1",4146,4146,-,0,0.37,1,2,3,8,27,36,3,2
2025-12-10T04:37:01.764574466,"Get all immunizations",2073,2073,-,0,0.18,0,1,1,4,11,16,1,1
2025-12-10T04:37:01.764574466,"Get all immunizations Redirect 1",2073,2073,-,0,0.18,1,2,3,6,23,37,3,2
2025-12-10T04:37:01.764574466,"Submit Patient immunization",2073,2073,-,0,0.18,0,1,2,6,18,30,2,3
2025-12-10T04:37:01.764574466,"Submit Patient immunization Redirect 1",2073,2073,-,0,0.18,1,2,3,9,25,38,3,3
2025-12-10T04:37:01.764574466,"Get Attachments of Patient",4146,4146,-,0,0.37,0,1,1,4,12,33,1,2
2025-12-10T04:37:01.764574466,"Get Attachments of Patient Redirect 1",4146,4146,-,0,0.37,1,2,3,7,17,46,3,3
2025-12-10T04:37:01.764574466,"Get Allowed File Extensions",2073,2073,-,0,0.18,0,1,1,4,12,17,1,1
2025-12-10T04:37:01.764574466,"Get Allowed File Extensions Redirect 1",2073,2073,-,0,0.18,1,2,3,7,14,38,3,3
2025-12-10T04:37:01.764574466,"Get Programs",4146,4146,-,0,0.37,0,1,1,5,14,34,1,2
2025-12-10T04:37:01.764574466,"Get Programs Redirect 1",4146,4146,-,0,0.37,1,2,3,8,15,48,3,3
2025-12-10T04:37:01.764574466,"Add new program to patient",2073,2073,-,0,0.18,0,1,1,3,14,24,1,1
2025-12-10T04:37:01.764574466,"Add new program to patient Redirect 1",2073,-,2073,100,0.18,1,2,3,7,18,22,3,2
2025-12-10T04:37:01.764574466,"Upload Attachment Request",2073,2073,-,0,0.18,3,6,8,13,21,52,7,3
2025-12-10T04:37:01.764574466,"Upload Attachment Request Redirect 1",2073,2073,-,0,0.18,1,2,4,9,22,41,3,3
